<?xml version="1.0" encoding="UTF-8"?>
<kml xmlns="http://www.opengis.net/kml/2.2">
<Document>
<name>Pasar Sulawesi - Radius 500m</name>
<Placemark>
<name>Pasar Kecil Bakri</name>
<description>Bantaeng - radius 500m</description>
<Polygon><outerBoundaryIs><LinearRing><coordinates>
119.9442103,-5.53822939197041,0 119.944994789858,-5.53829770503402,0 119.945755443919,-5.53850056861355,0 119.946469150562,-5.53883181893583,0 119.947114224516,-5.5392813913328,0 119.947671065722,-5.53983562602665,0 119.948122754842,-5.54047768314485,0 119.948455567345,-5.54118805435882,0 119.948659390545,-5.54194515560425,0 119.948728030913,-5.54272598287715,0 119.948659402313,-5.54350681118269,0 119.948455589461,-5.54426391540147,0 119.948122784639,-5.54497429117088,0 119.947671099606,-5.54561635387715,0 119.9471142584,-5.54617059451771,0 119.946469180359,-5.54662017250275,0 119.945755466035,-5.54695142738046,0 119.944994801626,-5.54715429393334,0 119.9442103,-5.54722260802959,0 119.943425798374,-5.54715429393334,0 119.942665133965,-5.54695142738046,0 119.941951419641,-5.54662017250275,0 119.9413063416,-5.54617059451771,0 119.940749500394,-5.54561635387715,0 119.940297815361,-5.54497429117088,0 119.939965010539,-5.54426391540147,0 119.939761197687,-5.54350681118269,0 119.939692569087,-5.54272598287715,0 119.939761209455,-5.54194515560425,0 119.939965032655,-5.54118805435882,0 119.940297845158,-5.54047768314485,0 119.940749534278,-5.53983562602665,0 119.941306375484,-5.5392813913328,0 119.941951449438,-5.53883181893583,0 119.942665156081,-5.53850056861355,0 119.943425810142,-5.53829770503402,0 119.9442103,-5.53822939197041,0
</coordinates></LinearRing></outerBoundaryIs></Polygon>
</Placemark>
<Placemark>
<name>Pasar Sentral Bantaeng</name>
<description>Bantaeng - radius 500m</description>
<Polygon><outerBoundaryIs><LinearRing><coordinates>
119.9413189,-5.53720889197041,0 119.942103388503,-5.53727720503412,0 119.942864041251,-5.53748006861392,0 119.94357774666,-5.53781131893662,0 119.944222819501,-5.53826089133411,0 119.944779659744,-5.53881512602851,0 119.945231348083,-5.53945718314723,0 119.94556416001,-5.54016755436162,0 119.945767982857,-5.54092465560732,0 119.945836623105,-5.54170548288033,0 119.945767994623,-5.54248631118577,0 119.945564182122,-5.54324341540427,0 119.945231377874,-5.54395379117326,0 119.944779693622,-5.54459585387901,0 119.944222853378,-5.54515009451902,0 119.943577776452,-5.54559967250354,0 119.942864063363,-5.54593092738083,0 119.942103400269,-5.54613379393344,0 119.9413189,-5.54620210802959,0 119.940534399731,-5.54613379393344,0 119.939773736637,-5.54593092738083,0 119.939060023548,-5.54559967250354,0 119.938414946622,-5.54515009451902,0 119.937858106378,-5.54459585387901,0 119.937406422126,-5.54395379117326,0 119.937073617878,-5.54324341540427,0 119.936869805377,-5.54248631118577,0 119.936801176895,-5.54170548288033,0 119.936869817143,-5.54092465560732,0 119.93707363999,-5.54016755436162,0 119.937406451917,-5.53945718314723,0 119.937858140256,-5.53881512602851,0 119.938414980499,-5.53826089133411,0 119.93906005334,-5.53781131893662,0 119.939773758749,-5.53748006861392,0 119.940534411497,-5.53727720503412,0 119.9413189,-5.53720889197041,0
</coordinates></LinearRing></outerBoundaryIs></Polygon>
</Placemark>
<Placemark>
<name>Pasar matirowalie Barru</name>
<description>Barru - radius 500m</description>
<Polygon><outerBoundaryIs><LinearRing><coordinates>
119.6212331,-4.40799069197041,0 119.622016244368,-4.40805900513978,0 119.622775593713,-4.40826186902381,0 119.623488075957,-4.40859311981262,0 119.624132042965,-4.40904269278188,0 119.624687928271,-4.40959692808475,0 119.625138841582,-4.41023898577524,0 119.625471081977,-4.41094935745575,0 119.625674554228,-4.41170645900569,0 119.625743075561,-4.41248728638436,0 119.625674563569,-4.41326811458415,0 119.625471099533,-4.41402521849843,0 119.625138865235,-4.4147355938013,0 119.624687955169,-4.41537765593528,0 119.624132069863,-4.41593189596681,0 119.62348809961,-4.41638147337956,0 119.622775611269,-4.41671272779073,0 119.62201625371,-4.4169155940391,0 119.6212331,-4.41698390802959,0 119.62044994629,-4.4169155940391,0 119.619690588731,-4.41671272779073,0 119.61897810039,-4.41638147337956,0 119.618334130137,-4.41593189596681,0 119.617778244831,-4.41537765593528,0 119.617327334765,-4.4147355938013,0 119.616995100467,-4.41402521849843,0 119.616791636431,-4.41326811458415,0 119.616723124439,-4.41248728638436,0 119.616791645772,-4.41170645900569,0 119.616995118023,-4.41094935745575,0 119.617327358418,-4.41023898577524,0 119.617778271729,-4.40959692808475,0 119.618334157035,-4.40904269278188,0 119.618978124043,-4.40859311981262,0 119.619690606287,-4.40826186902381,0 119.620449955632,-4.40805900513978,0 119.6212331,-4.40799069197041,0
</coordinates></LinearRing></outerBoundaryIs></Polygon>
</Placemark>
<Placemark>
<name>Pasar Takkalasi Barru</name>
<description>Barru - radius 500m</description>
<Polygon><outerBoundaryIs><LinearRing><coordinates>
119.6372592,-4.30968789197041,0 119.638042241956,-4.30975620514896,0 119.638801491991,-4.30995906905943,0 119.639513881037,-4.31029031988874,0 119.640157763784,-4.31073989290769,0 119.640713576322,-4.31129412826343,0 119.64116443057,-4.31193618600361,0 119.641496627407,-4.31264655772462,0 119.64170007293,-4.31340365930101,0 119.641768585189,-4.31418448668886,0 119.641700082061,-4.31496531487947,0 119.641496644568,-4.31572241876731,0 119.641164453691,-4.31643279402968,0 119.640713602615,-4.31707485611397,0 119.640157790076,-4.31762909609263,0 119.639513904158,-4.31807867345569,0 119.638801509152,-4.31840992782635,0 119.638042251088,-4.31861279404828,0 119.6372592,-4.31868110802959,0 119.636476148912,-4.31861279404828,0 119.635716890848,-4.31840992782635,0 119.635004495842,-4.31807867345569,0 119.634360609924,-4.31762909609263,0 119.633804797385,-4.31707485611397,0 119.633353946309,-4.31643279402968,0 119.633021755432,-4.31572241876731,0 119.632818317939,-4.31496531487947,0 119.632749814811,-4.31418448668886,0 119.63281832707,-4.31340365930101,0 119.633021772593,-4.31264655772462,0 119.63335396943,-4.31193618600361,0 119.633804823678,-4.31129412826343,0 119.634360636216,-4.31073989290769,0 119.635004518963,-4.31029031988874,0 119.635716908009,-4.30995906905943,0 119.636476158044,-4.30975620514896,0 119.6372592,-4.30968789197041,0
</coordinates></LinearRing></outerBoundaryIs></Polygon>
</Placemark>
<Placemark>
<name>Pasar Tradisional Modern Ralla</name>
<description>Barru - radius 500m</description>
<Polygon><outerBoundaryIs><LinearRing><coordinates>
119.6918693,-4.53376019197041,0 119.692652578797,-4.53382850512803,0 119.693412058497,-4.53403136897823,0 119.694124663075,-4.5343626197152,0 119.694768740685,-4.53481219262087,0 119.695324721505,-4.53536642785607,0 119.695775712339,-4.53600848548297,0 119.696108009909,-4.53671885711164,0 119.696311517238,-4.53747595862775,0 119.696380050478,-4.53825678599467,0 119.696311526848,-4.53903761420621,0 119.69610802797,-4.53979471815432,0 119.695775736673,-4.54050509350903,0 119.695324749177,-4.5411471557066,0 119.694768768357,-4.5417013958058,0 119.69412468741,-4.54215097328214,0 119.693412076559,-4.54248222774515,0 119.692652588407,-4.54268509402735,0 119.6918693,-4.5427534080296,0 119.691086011593,-4.54268509402735,0 119.690326523441,-4.54248222774515,0 119.68961391259,-4.54215097328214,0 119.688969831643,-4.5417013958058,0 119.688413850823,-4.5411471557066,0 119.687962863327,-4.54050509350903,0 119.68763057203,-4.53979471815432,0 119.687427073152,-4.53903761420621,0 119.687358549522,-4.53825678599467,0 119.687427082762,-4.53747595862775,0 119.687630590091,-4.53671885711164,0 119.687962887661,-4.53600848548297,0 119.688413878495,-4.53536642785607,0 119.688969859315,-4.53481219262087,0 119.689613936925,-4.5343626197152,0 119.690326541503,-4.53403136897823,0 119.691086021203,-4.53382850512803,0 119.6918693,-4.53376019197041,0
</coordinates></LinearRing></outerBoundaryIs></Polygon>
</Placemark>
<Placemark>
<name>Pasar Kampung Baru</name>
<description>Barru - radius 500m</description>
<Polygon><outerBoundaryIs><LinearRing><coordinates>
119.6441462,-4.27260179197041,0 119.644929203926,-4.27267010515242,0 119.645688417082,-4.27287296907287,0 119.646400771519,-4.27320421991746,0 119.647044622975,-4.27365379295514,0 119.647600408491,-4.27420802833083,0 119.648051240805,-4.27485008608975,0 119.648383421465,-4.27556045782604,0 119.648586857062,-4.2763175594124,0 119.648655365951,-4.27709838680371,0 119.648586866114,-4.27787921499086,0 119.648383438477,-4.27863631886873,0 119.648051263726,-4.27934669411582,0 119.647600434555,-4.27998875618137,0 119.647044649039,-4.28054299614008,0 119.646400794439,-4.2809925734844,0 119.645688434094,-4.28132382783979,0 119.644929212978,-4.28152669405174,0 119.6441462,-4.28159500802959,0 119.643363187022,-4.28152669405174,0 119.642603965906,-4.28132382783979,0 119.641891605561,-4.2809925734844,0 119.641247750961,-4.28054299614008,0 119.640691965445,-4.27998875618137,0 119.640241136274,-4.27934669411582,0 119.639908961523,-4.27863631886873,0 119.639705533886,-4.27787921499086,0 119.639637034049,-4.27709838680371,0 119.639705542938,-4.2763175594124,0 119.639908978535,-4.27556045782604,0 119.640241159195,-4.27485008608975,0 119.640691991509,-4.27420802833083,0 119.641247777025,-4.27365379295514,0 119.641891628481,-4.27320421991746,0 119.642603982918,-4.27287296907287,0 119.643363196074,-4.27267010515242,0 119.6441462,-4.27260179197041,0
</coordinates></LinearRing></outerBoundaryIs></Polygon>
</Placemark>
<Placemark>
<name>Pasar Baru Tanete Riaja</name>
<description>Barru - radius 500m</description>
<Polygon><outerBoundaryIs><LinearRing><coordinates>
119.6711096,-4.52094059197041,0 119.67189286492,-4.52100890512922,0 119.672652331163,-4.52121176898287,0 119.673364923113,-4.52154301972513,0 119.674008989306,-4.52199259263728,0 119.674564960266,-4.52254682787938,0 119.675015943097,-4.52318888551276,0 119.675348234765,-4.52389925714672,0 119.675551738473,-4.52465635866628,0 119.675620270484,-4.52543718603439,0 119.675551748056,-4.52621801424474,0 119.675348252775,-4.5269751181894,0 119.675015967362,-4.52768549353883,0 119.674564987859,-4.52832755572991,0 119.674009016899,-4.52888179582221,0 119.673364947378,-4.52933137329207,0 119.672652349173,-4.52966262774979,0 119.671892874503,-4.52986549402855,0 119.6711096,-4.52993380802959,0 119.670326325497,-4.52986549402855,0 119.669566850827,-4.52966262774979,0 119.668854252622,-4.52933137329207,0 119.668210183101,-4.52888179582221,0 119.667654212141,-4.52832755572991,0 119.667203232638,-4.52768549353883,0 119.666870947225,-4.5269751181894,0 119.666667451944,-4.52621801424474,0 119.666598929516,-4.52543718603439,0 119.666667461527,-4.52465635866628,0 119.666870965235,-4.52389925714672,0 119.667203256903,-4.52318888551276,0 119.667654239734,-4.52254682787938,0 119.668210210694,-4.52199259263728,0 119.668854276887,-4.52154301972513,0 119.669566868837,-4.52121176898287,0 119.67032633508,-4.52100890512922,0 119.6711096,-4.52094059197041,0
</coordinates></LinearRing></outerBoundaryIs></Polygon>
</Placemark>
<Placemark>
<name>Pasar Minggu Tilamuta</name>
<description>Boalemo - radius 500m</description>
<Polygon><outerBoundaryIs><LinearRing><coordinates>
122.342425,0.528296608029593,0 122.343205860974,0.528228294401021,0 122.343962995832,0.528025429194766,0 122.344673399372,0.527694176380203,0 122.345315486307,0.527244600925981,0 122.345869747135,0.526690362978667,0 122.346319340921,0.526048302803209,0 122.346650607002,0.525337929096926,0 122.34685348006,0.524580826224744,0 122.346921795942,0.523799998386858,0 122.346853478956,0.523019170646256,0 122.346650604928,0.522262068054193,0 122.346319338126,0.521551694777078,0 122.345869743958,0.520909635128071,0 122.34531548313,0.520355397740995,0 122.344673396577,0.519905822813224,0 122.343962993758,0.519574570427829,0 122.34320585987,0.519371705501693,0 122.342425,0.519303391970405,0 122.34164414013,0.519371705501693,0 122.340887006242,0.519574570427829,0 122.340176603423,0.519905822813224,0 122.33953451687,0.520355397740995,0 122.338980256042,0.520909635128071,0 122.338530661874,0.521551694777078,0 122.338199395072,0.522262068054193,0 122.337996521044,0.523019170646256,0 122.337928204058,0.523799998386858,0 122.33799651994,0.524580826224744,0 122.338199392998,0.525337929096926,0 122.338530659079,0.526048302803209,0 122.338980252865,0.526690362978667,0 122.339534513693,0.527244600925981,0 122.340176600628,0.527694176380203,0 122.340887004168,0.528025429194766,0 122.341644139026,0.52822829440102,0 122.342425,0.528296608029593,0
</coordinates></LinearRing></outerBoundaryIs></Polygon>
</Placemark>
<Placemark>
<name>Pasar Tabulo</name>
<description>Boalemo - radius 500m</description>
<Polygon><outerBoundaryIs><LinearRing><coordinates>
122.1419844,0.511359108029594,0 122.14276525888,0.511290794402595,0 122.143522391709,0.511087929200869,0 122.144232793348,0.510756676393246,0 122.14487487857,0.510307100947535,0 122.145429137924,0.50975286300928,0 122.145878730521,0.509110802842333,0 122.146209995733,0.50840042914299,0 122.146412868267,0.507643326275337,0 122.146481183986,0.506862498439024,0 122.146412867199,0.506081670696849,0 122.146209993726,0.505324568100257,0 122.145878727817,0.504614194816202,0 122.14542913485,0.503972135158683,0 122.144874875496,0.503417897762549,0 122.144232790644,0.502968322826266,0 122.143522389703,0.502637070433932,0 122.142765257812,0.502434205503267,0 122.1419844,0.502365891970406,0 122.141203542188,0.502434205503267,0 122.140446410297,0.502637070433932,0 122.139736009356,0.502968322826266,0 122.139093924504,0.503417897762549,0 122.13853966515,0.503972135158683,0 122.138090072183,0.504614194816202,0 122.137758806274,0.505324568100257,0 122.137555932801,0.506081670696849,0 122.137487616014,0.506862498439024,0 122.137555931733,0.507643326275337,0 122.137758804267,0.50840042914299,0 122.138090069479,0.509110802842333,0 122.138539662076,0.50975286300928,0 122.13909392143,0.510307100947535,0 122.139736006652,0.510756676393246,0 122.140446408291,0.511087929200869,0 122.14120354112,0.511290794402595,0 122.1419844,0.511359108029594,0
</coordinates></LinearRing></outerBoundaryIs></Polygon>
</Placemark>
<Placemark>
<name>Pasar Wonggahu</name>
<description>Boalemo - radius 500m</description>
<Polygon><outerBoundaryIs><LinearRing><coordinates>
122.5608061,0.641844408029594,0 122.561586976775,0.641776094390476,0 122.562344126943,0.641573229153857,0 122.563054544827,0.641241976292775,0 122.563696644699,0.640792400781487,0 122.564250916657,0.640238162773445,0 122.56470051943,0.639596102540921,0 122.565031792086,0.638885728788118,0 122.565234669113,0.638128625885572,0 122.565302986248,0.637347798037141,0 122.56523466777,0.636566970307084,0 122.565031789563,0.635809867745385,0 122.56470051603,0.63509949451479,0 122.564250912791,0.634457434922849,0 122.563696640832,0.633903197596501,0 122.563054541427,0.633453622725796,0 122.56234412442,0.633122370386921,0 122.561586975432,0.632919505491149,0 122.5608061,0.632851191970406,0 122.560025224568,0.632919505491149,0 122.55926807558,0.633122370386921,0 122.558557658573,0.633453622725796,0 122.557915559168,0.633903197596501,0 122.557361287209,0.634457434922849,0 122.55691168397,0.63509949451479,0 122.556580410437,0.635809867745385,0 122.55637753223,0.636566970307084,0 122.556309213752,0.637347798037141,0 122.556377530887,0.638128625885572,0 122.556580407914,0.638885728788118,0 122.55691168057,0.639596102540921,0 122.557361283343,0.640238162773445,0 122.557915555301,0.640792400781487,0 122.558557655173,0.641241976292775,0 122.559268073057,0.641573229153857,0 122.560025223225,0.641776094390476,0 122.5608061,0.641844408029594,0
</coordinates></LinearRing></outerBoundaryIs></Polygon>
</Placemark>
<Placemark>
<name>Pasar Mustika Molombulahe Boalemo</name>
<description>Boalemo - radius 500m</description>
<Polygon><outerBoundaryIs><LinearRing><coordinates>
122.575662,0.636317508029594,0 122.576442875935,0.63624919439099,0 122.577200025289,0.636046329155849,0 122.57791044241,0.63571507629703,0 122.578552541594,0.63526550078852,0 122.57910681296,0.634711262783434,0 122.579556415255,0.634069202553688,0 122.57988768756,0.633358828803149,0 122.580090564375,0.632601725902081,0 122.580158881443,0.631820898054163,0 122.580090563044,0.631040070323594,0 122.579887685059,0.630282967760417,0 122.579556411884,0.629572594527557,0 122.579106809127,0.628930534932838,0 122.578552537761,0.628376297603534,0 122.57791043904,0.627926722730051,0 122.577200022788,0.627595470388912,0 122.576442874604,0.627392605491662,0 122.575662,0.627324291970406,0 122.574881125396,0.627392605491662,0 122.574123977212,0.627595470388912,0 122.57341356096,0.627926722730051,0 122.572771462239,0.628376297603534,0 122.572217190873,0.628930534932838,0 122.571767588116,0.629572594527557,0 122.571436314941,0.630282967760417,0 122.571233436956,0.631040070323594,0 122.571165118557,0.631820898054163,0 122.571233435625,0.632601725902081,0 122.57143631244,0.633358828803149,0 122.571767584745,0.634069202553688,0 122.57221718704,0.634711262783434,0 122.572771458406,0.63526550078852,0 122.57341355759,0.63571507629703,0 122.574123974711,0.636046329155849,0 122.574881124065,0.63624919439099,0 122.575662,0.636317508029594,0
</coordinates></LinearRing></outerBoundaryIs></Polygon>
</Placemark>
<Placemark>
<name>Pasar Sore Diloato Boalemo</name>
<description>Boalemo - radius 500m</description>
<Polygon><outerBoundaryIs><LinearRing><coordinates>
122.5265513,0.704129408029593,0 122.527332186745,0.704061094384691,0 122.528089346575,0.703858229131415,0 122.528799773513,0.703526976244814,0 122.529441881551,0.703077400702222,0 122.52999616054,0.702523162660868,0 122.530445768993,0.70188110239704,0 122.530777045808,0.701170728618719,0 122.53097992535,0.700413625699516,0 122.531048243286,0.6996327978453,0 122.530979923876,0.698851970121029,0 122.530777043038,0.698094867575986,0 122.530445765261,0.69738449437091,0 122.529996156296,0.696742434810272,0 122.529441877307,0.696188197517237,0 122.52879976978,0.695738622677835,0 122.528089343805,0.695407370364479,0 122.527332185271,0.695204505485363,0 122.5265513,0.695136191970405,0 122.525770414729,0.695204505485363,0 122.525013256195,0.695407370364479,0 122.52430283022,0.695738622677835,0 122.523660722693,0.696188197517237,0 122.523106443704,0.696742434810272,0 122.522656834739,0.69738449437091,0 122.522325556962,0.698094867575986,0 122.522122676124,0.698851970121029,0 122.522054356714,0.6996327978453,0 122.52212267465,0.700413625699516,0 122.522325554192,0.701170728618719,0 122.522656831007,0.70188110239704,0 122.52310643946,0.702523162660868,0 122.523660718449,0.703077400702222,0 122.524302826487,0.703526976244814,0 122.525013253425,0.703858229131415,0 122.525770413255,0.704061094384691,0 122.5265513,0.704129408029593,0
</coordinates></LinearRing></outerBoundaryIs></Polygon>
</Placemark>
<Placemark>
<name>Pasar Desa Tapadaa Boalemo</name>
<description>Boalemo - radius 500m</description>
<Polygon><outerBoundaryIs><LinearRing><coordinates>
122.2149272,0.492137408029594,0 122.215708056586,0.49206909440438,0 122.216465187193,0.491866229207794,0 122.21717558675,0.491534976408046,0 122.217817670096,0.491085400971995,0 122.218371927836,0.49053116304402,0 122.218821519131,0.489889102886733,0 122.219152783392,0.489178729195265,0 122.219355655353,0.488421626332751,0 122.219423970893,0.487640798498223,0 122.219355654325,0.486859970754264,0 122.219152781461,0.486102868152531,0 122.21882151653,0.485392494860602,0 122.218371924878,0.484750435193423,0 122.217817667138,0.484196197787009,0 122.217175584149,0.483746622841066,0 122.216465185263,0.483415370440857,0 122.215708055559,0.483212505505052,0 122.2149272,0.483144191970406,0 122.214146344441,0.483212505505052,0 122.213389214737,0.483415370440857,0 122.212678815851,0.483746622841066,0 122.212036732862,0.484196197787009,0 122.211482475122,0.484750435193423,0 122.21103288347,0.485392494860602,0 122.210701618539,0.486102868152531,0 122.210498745675,0.486859970754264,0 122.210430429107,0.487640798498223,0 122.210498744647,0.488421626332751,0 122.210701616608,0.489178729195265,0 122.211032880869,0.489889102886733,0 122.211482472164,0.49053116304402,0 122.212036729904,0.491085400971995,0 122.21267881325,0.491534976408046,0 122.213389212807,0.491866229207794,0 122.214146343414,0.49206909440438,0 122.2149272,0.492137408029594,0
</coordinates></LinearRing></outerBoundaryIs></Polygon>
</Placemark>
<Placemark>
<name>Pasar Desa Mutiara Boalemo</name>
<description>Boalemo - radius 500m</description>
<Polygon><outerBoundaryIs><LinearRing><coordinates>
122.5582175,0.669914408029593,0 122.558998381154,0.669846094387869,0 122.559755535566,0.669643229143744,0 122.560465957426,0.669311976271161,0 122.561108060884,0.668862400745765,0 122.56166233593,0.66830816272271,0 122.562111941197,0.667666102476079,0 122.562443215679,0.666955728711775,0 122.562646093809,0.666198625801723,0 122.562714411295,0.665417797950685,0 122.562646092407,0.664636970223236,0 122.562443213044,0.663879867669043,0 122.562111937647,0.663169494449948,0 122.561662331893,0.662527434872114,0 122.561108056848,0.66197319756078,0 122.560465953876,0.661523622704182,0 122.559755532931,0.661192370376807,0 122.558998379752,0.660989505488542,0 122.5582175,0.660921191970406,0 122.557436620248,0.660989505488542,0 122.556679467069,0.661192370376807,0 122.555969046124,0.661523622704182,0 122.555326943152,0.66197319756078,0 122.554772668107,0.662527434872114,0 122.554323062353,0.663169494449948,0 122.553991786956,0.663879867669043,0 122.553788907593,0.664636970223236,0 122.553720588705,0.665417797950685,0 122.553788906191,0.666198625801723,0 122.553991784321,0.666955728711775,0 122.554323058803,0.667666102476079,0 122.55477266407,0.66830816272271,0 122.555326939116,0.668862400745765,0 122.555969042574,0.669311976271161,0 122.556679464434,0.669643229143744,0 122.557436618846,0.669846094387869,0 122.5582175,0.669914408029593,0
</coordinates></LinearRing></outerBoundaryIs></Polygon>
</Placemark>
<Placemark>
<name>Pasar Inobonto</name>
<description>Bolaang Mongondow - radius 500m</description>
<Polygon><outerBoundaryIs><LinearRing><coordinates>
124.0968998,0.923265808029593,0 124.097680729161,0.923197494364338,0 124.098437930097,0.922994629052457,0 124.099148395563,0.922663376076067,0 124.09979053837,0.922213800423333,0 124.100344847302,0.921659562264768,0 124.100794479963,0.921017501890799,0 124.101125774523,0.920307128022689,0 124.101328664822,0.919550025044881,0 124.101396986218,0.918769197170312,0 124.101328662886,0.917988369466395,0 124.101125770885,0.917231266979957,0 124.100794475061,0.91652089386467,0 124.100344841728,0.915878834414174,0 124.099790532796,0.915324597238349,0 124.099148390661,0.914875022509089,0 124.098437926458,0.914543770285521,0 124.097680727225,0.914340905465011,0 124.0968998,0.914272591970406,0 124.096118872775,0.914340905465011,0 124.095361673542,0.914543770285521,0 124.094651209339,0.914875022509089,0 124.094009067204,0.915324597238349,0 124.093454758272,0.915878834414174,0 124.093005124939,0.91652089386467,0 124.092673829115,0.917231266979957,0 124.092470937114,0.917988369466395,0 124.092402613782,0.918769197170312,0 124.092470935178,0.919550025044881,0 124.092673825477,0.920307128022689,0 124.093005120037,0.921017501890799,0 124.093454752698,0.921659562264768,0 124.09400906163,0.922213800423333,0 124.094651204437,0.922663376076067,0 124.095361669903,0.922994629052457,0 124.096118870839,0.923197494364338,0 124.0968998,0.923265808029593,0
</coordinates></LinearRing></outerBoundaryIs></Polygon>
</Placemark>
<Placemark>
<name>Pasar Imandi</name>
<description>Bolaang Mongondow - radius 500m</description>
<Polygon><outerBoundaryIs><LinearRing><coordinates>
124.0725571,0.585093608029594,0 124.073337968494,0.585025294395747,0 124.074095110639,0.584822429174304,0 124.074805521005,0.584491176336472,0 124.075447614095,0.584041600853705,0 124.076001880219,0.583487362876016,0 124.076451478279,0.582845302672013,0 124.076782747486,0.582134928942461,0 124.07698562243,0.581377826055091,0 124.077053938905,0.58059699821193,0 124.076985621207,0.579816170476603,0 124.076782745188,0.579059067899728,0 124.076451475182,0.578348694645882,0 124.076001876697,0.577706635025419,0 124.075447610573,0.57715239766872,0 124.074805517907,0.576702822769493,0 124.07409510834,0.576371570407367,0 124.073337967271,0.576168705496419,0 124.0725571,0.576100391970406,0 124.071776232729,0.576168705496419,0 124.07101909166,0.576371570407367,0 124.070308682093,0.576702822769493,0 124.069666589427,0.57715239766872,0 124.069112323303,0.577706635025419,0 124.068662724818,0.578348694645882,0 124.068331454812,0.579059067899728,0 124.068128578793,0.579816170476603,0 124.068060261095,0.58059699821193,0 124.06812857757,0.581377826055091,0 124.068331452514,0.582134928942461,0 124.068662721721,0.582845302672013,0 124.069112319781,0.583487362876016,0 124.069666585905,0.584041600853705,0 124.070308678995,0.584491176336472,0 124.071019089361,0.584822429174304,0 124.071776231506,0.585025294395747,0 124.0725571,0.585093608029594,0
</coordinates></LinearRing></outerBoundaryIs></Polygon>
</Placemark>
<Placemark>
<name>Pasar Mopuya</name>
<description>Bolaang Mongondow - radius 500m</description>
<Polygon><outerBoundaryIs><LinearRing><coordinates>
123.9885269,0.571090908029594,0 123.989307766569,0.571022594397047,0 123.990064906848,0.570819729179349,0 123.990775315466,0.570488476347254,0 123.991417406981,0.570038900871525,0 123.991971671748,0.569484662901324,0 123.992421268713,0.568842602704358,0 123.99275253712,0.568132228980543,0 123.99295541158,0.567375126096918,0 123.993023727903,0.566594298255057,0 123.992955410386,0.56581347051843,0 123.992752534876,0.56505636793781,0 123.992421265691,0.564345994678228,0 123.991971668311,0.563703935050727,0 123.991417403544,0.563149697686539,0 123.990775312444,0.562700122780275,0 123.990064904605,0.562368870412412,0 123.989307765375,0.56216600549772,0 123.9885269,0.562097691970406,0 123.987746034625,0.56216600549772,0 123.986988895395,0.562368870412412,0 123.986278487556,0.562700122780275,0 123.985636396456,0.563149697686539,0 123.985082131689,0.563703935050727,0 123.984632534309,0.564345994678228,0 123.984301265124,0.56505636793781,0 123.984098389614,0.56581347051843,0 123.984030072097,0.566594298255057,0 123.98409838842,0.567375126096918,0 123.98430126288,0.568132228980543,0 123.984632531287,0.568842602704358,0 123.985082128252,0.569484662901324,0 123.985636393019,0.570038900871525,0 123.986278484534,0.570488476347254,0 123.986988893152,0.570819729179349,0 123.987746033431,0.571022594397047,0 123.9885269,0.571090908029594,0
</coordinates></LinearRing></outerBoundaryIs></Polygon>
</Placemark>
<Placemark>
<name>Pasar Doloduo</name>
<description>Bolaang Mongondow - radius 500m</description>
<Polygon><outerBoundaryIs><LinearRing><coordinates>
123.964132,0.530230608029593,0 123.964912861217,0.530162294400841,0 123.965669996312,0.529959429194069,0 123.966380400072,0.529628176378714,0 123.967022487207,0.52917860092352,0 123.967576748206,0.528624362975172,0 123.96802634213,0.527982302798741,0 123.968357608312,0.527271929091666,0 123.968560481431,0.526514826218967,0 123.968628797332,0.525733998380901,0 123.968560480323,0.524953170640479,0 123.968357606231,0.524196068048933,0 123.968026339325,0.52348569477261,0 123.967576745017,0.522843635124575,0 123.967022484018,0.522289397738534,0 123.966380397267,0.521839822811735,0 123.96566999423,0.521508570427132,0 123.96491286011,0.521305705501514,0 123.964132,0.521237391970405,0 123.96335113989,0.521305705501514,0 123.96259400577,0.521508570427132,0 123.961883602733,0.521839822811735,0 123.961241515983,0.522289397738534,0 123.960687254983,0.522843635124575,0 123.960237660675,0.52348569477261,0 123.959906393769,0.524196068048933,0 123.959703519677,0.524953170640479,0 123.959635202668,0.525733998380901,0 123.959703518569,0.526514826218967,0 123.959906391688,0.527271929091666,0 123.96023765787,0.527982302798741,0 123.960687251794,0.528624362975172,0 123.961241512793,0.52917860092352,0 123.961883599928,0.529628176378714,0 123.962594003688,0.529959429194069,0 123.963351138783,0.530162294400841,0 123.964132,0.530230608029593,0
</coordinates></LinearRing></outerBoundaryIs></Polygon>
</Placemark>
<Placemark>
<name>Pasar Desa Nanasi Timur Bolmong</name>
<description>Bolaang Mongondow - radius 500m</description>
<Polygon><outerBoundaryIs><LinearRing><coordinates>
124.3093845,1.00333660802959,0 124.31016544751,1.0032682943569,0 124.31092266623,1.0030654290236,0 124.311633148368,1.0027341760144,0 124.312275306223,1.00228460032142,0 124.31282962812,1.00173036212003,0 124.313279271268,1.00108830170581,0 124.313610573522,1.00037792780489,0 124.313813468492,0.999620824805664,0 124.313881791401,0.998839996923657,0 124.313813466387,0.998059169227177,0 124.313610569566,0.997302066762155,0 124.313279265939,0.996591693679679,0 124.312829622059,0.995949634269431,0 124.312275300163,0.995395397136437,0 124.311633143039,0.994945822447425,0 124.310922662274,0.994614570256668,0 124.310165445405,0.994411705457573,0 124.3093845,0.994343391970406,0 124.308603554595,0.994411705457573,0 124.307846337726,0.994614570256668,0 124.307135856961,0.994945822447425,0 124.306493699837,0.995395397136437,0 124.305939377941,0.995949634269431,0 124.305489734061,0.996591693679679,0 124.305158430434,0.997302066762155,0 124.304955533613,0.998059169227177,0 124.304887208599,0.998839996923657,0 124.304955531508,0.999620824805664,0 124.305158426478,1.00037792780489,0 124.305489728732,1.00108830170581,0 124.30593937188,1.00173036212003,0 124.306493693777,1.00228460032142,0 124.307135851632,1.0027341760144,0 124.30784633377,1.0030654290236,0 124.30860355249,1.0032682943569,0 124.3093845,1.00333660802959,0
</coordinates></LinearRing></outerBoundaryIs></Polygon>
</Placemark>
<Placemark>
<name>Pasar Tradisional Desa Pinolosian Selatan</name>
<description>Bolaang Mongondow Selatan - radius 500m</description>
<Polygon><outerBoundaryIs><LinearRing><coordinates>
124.1189228,0.397774408029594,0 124.1197036466,0.397706094413143,0 124.120460767534,0.39750322924179,0 124.121171158032,0.3971719764807,0 124.121813233213,0.396722401092072,0 124.122367483936,0.396168163214561,0 124.122817069573,0.395526103104696,0 124.123148329705,0.394815729451887,0 124.123351199185,0.394058626614606,0 124.123419513959,0.393277798788841,0 124.123351198356,0.392496971036118,0 124.123148328148,0.391739868409153,0 124.122817067475,0.391029495078565,0 124.122367481551,0.390387435363964,0 124.121813230828,0.389833197907085,0 124.121171155934,0.389383622913721,0 124.120460765977,0.389052370474853,0 124.119703645772,0.388849505513815,0 124.1189228,0.388781191970406,0 124.118141954228,0.388849505513815,0 124.117384834023,0.389052370474853,0 124.116674444066,0.389383622913721,0 124.116032369172,0.389833197907085,0 124.115478118449,0.390387435363964,0 124.115028532525,0.391029495078565,0 124.114697271852,0.391739868409153,0 124.114494401644,0.392496971036118,0 124.114426086041,0.393277798788841,0 124.114494400815,0.394058626614606,0 124.114697270295,0.394815729451887,0 124.115028530427,0.395526103104696,0 124.115478116064,0.396168163214561,0 124.116032366786,0.396722401092072,0 124.116674441968,0.3971719764807,0 124.117384832466,0.39750322924179,0 124.1181419534,0.397706094413143,0 124.1189228,0.397774408029594,0
</coordinates></LinearRing></outerBoundaryIs></Polygon>
</Placemark>
<Placemark>
<name>Pasar Bolaang Uki</name>
<description>Bolaang Mongondow Selatan - radius 500m</description>
<Polygon><outerBoundaryIs><LinearRing><coordinates>
123.9745039,0.384123608029594,0 123.975284745331,0.38405529441441,0 123.976041865036,0.383852429246708,0 123.976752254382,0.38352117649121,0 123.977394328527,0.383071601109442,0 123.977948578359,0.382517363239232,0 123.978398163279,0.381875303136227,0 123.978729422887,0.38116492948901,0 123.978932292054,0.380407826655379,0 123.979000606733,0.379626998830882,0 123.978932291254,0.378846171076892,0 123.978729421384,0.378089068446276,0 123.978398161254,0.377378695110096,0 123.977948576057,0.376736635388635,0 123.977394326224,0.376182397924456,0 123.976752252357,0.375732822924231,0 123.976041863533,0.375401570479771,0 123.975284744531,0.375198705515083,0 123.9745039,0.375130391970406,0 123.973723055469,0.375198705515083,0 123.972965936467,0.375401570479771,0 123.972255547643,0.375732822924231,0 123.971613473776,0.376182397924455,0 123.971059223943,0.376736635388635,0 123.970609638746,0.377378695110096,0 123.970278378616,0.378089068446276,0 123.970075508746,0.378846171076892,0 123.970007193267,0.379626998830882,0 123.970075507946,0.380407826655379,0 123.970278377113,0.38116492948901,0 123.970609636721,0.381875303136227,0 123.971059221641,0.382517363239232,0 123.971613471473,0.383071601109442,0 123.972255545618,0.38352117649121,0 123.972965934964,0.383852429246708,0 123.973723054669,0.38405529441441,0 123.9745039,0.384123608029594,0
</coordinates></LinearRing></outerBoundaryIs></Polygon>
</Placemark>
<Placemark>
<name>Pasar Kotabunan</name>
<description>Bolaang Mongondow Timur - radius 500m</description>
<Polygon><outerBoundaryIs><LinearRing><coordinates>
124.6537364,0.813481608029594,0 124.654517306483,0.813413294374535,0 124.65527448544,0.813210429092016,0 124.655984930305,0.81287917616061,0 124.656627054518,0.812429600563057,0 124.657181347435,0.811875362463215,0 124.657630967146,0.811233302144426,0 124.65796225221,0.8105229283213,0 124.658165136749,0.809765825372854,0 124.658233456286,0.808984997508482,0 124.658165135045,0.808204169794366,0 124.657962249007,0.807447067278568,0 124.65763096283,0.806736694118296,0 124.657181342528,0.806094634612619,0 124.65662704961,0.805540397378072,0 124.655984925989,0.805090822593631,0 124.655274482237,0.80475957032508,0 124.654517304778,0.804556705475208,0 124.6537364,0.804488391970406,0 124.652955495222,0.804556705475208,0 124.652198317763,0.80475957032508,0 124.651487874011,0.805090822593631,0 124.65084575039,0.805540397378072,0 124.650291457472,0.806094634612619,0 124.64984183717,0.806736694118296,0 124.649510550993,0.807447067278568,0 124.649307664956,0.808204169794366,0 124.649239343714,0.808984997508482,0 124.649307663251,0.809765825372854,0 124.64951054779,0.8105229283213,0 124.649841832854,0.811233302144426,0 124.650291452565,0.811875362463215,0 124.650845745482,0.812429600563057,0 124.651487869695,0.81287917616061,0 124.65219831456,0.813210429092016,0 124.652955493517,0.813413294374535,0 124.6537364,0.813481608029594,0
</coordinates></LinearRing></outerBoundaryIs></Polygon>
</Placemark>
<Placemark>
<name>Pasar Buko</name>
<description>Bolaang Mongondow Utara - radius 500m</description>
<Polygon><outerBoundaryIs><LinearRing><coordinates>
123.1394802,0.924800808029593,0 123.140261129498,0.924732494364194,0 123.141018330761,0.924529629051903,0 123.141728796534,0.924198376074884,0 123.142370939617,0.923748800421379,0 123.142925248788,0.923194562261993,0 123.143374881642,0.922552501887252,0 123.143706176343,0.921842128018513,0 123.143909066728,0.921085025040295,0 123.143977388152,0.920304197165583,0 123.143909064789,0.919523369461808,0 123.143706172699,0.918766266975781,0 123.143374876732,0.918055893861123,0 123.142925243204,0.917413834411398,0 123.142370934034,0.916859597236394,0 123.141728791624,0.916410022507906,0 123.141018327117,0.916078770284967,0 123.140261127559,0.915875905464867,0 123.1394802,0.915807591970405,0 123.138699272441,0.915875905464867,0 123.137942072883,0.916078770284967,0 123.137231608376,0.916410022507906,0 123.136589465966,0.916859597236394,0 123.136035156796,0.917413834411398,0 123.135585523268,0.918055893861123,0 123.135254227301,0.918766266975781,0 123.135051335211,0.919523369461808,0 123.134983011848,0.920304197165583,0 123.135051333272,0.921085025040295,0 123.135254223657,0.921842128018513,0 123.135585518358,0.922552501887252,0 123.136035151212,0.923194562261993,0 123.136589460383,0.923748800421379,0 123.137231603466,0.924198376074884,0 123.137942069239,0.924529629051903,0 123.138699270502,0.924732494364194,0 123.1394802,0.924800808029593,0
</coordinates></LinearRing></outerBoundaryIs></Polygon>
</Placemark>
<Placemark>
<name>Pasar Rabu Bolangitang</name>
<description>Bolaang Mongondow Utara - radius 500m</description>
<Polygon><outerBoundaryIs><LinearRing><coordinates>
123.3090461,0.910498008029594,0 123.309827026376,0.910429694365524,0 123.310584224613,0.910226829057058,0 123.311294687549,0.9098955760859,0 123.311936828072,0.909446000439584,0 123.312491135037,0.908891762287849,0 123.312940766107,0.908249701920297,0 123.313272059501,0.907539328057418,0 123.313474949091,0.906782225083026,0 123.313543270258,0.906001397209643,0 123.313474947182,0.905220569504539,0 123.313272055913,0.904463467014686,0 123.312940761274,0.903753093894167,0 123.31249112954,0.903111034437254,0 123.311936822576,0.902556797254599,0 123.311294682716,0.902107222518922,0 123.310584221025,0.901775970290122,0 123.309827024467,0.901573105466197,0 123.3090461,0.901504791970407,0 123.308265175533,0.901573105466197,0 123.307507978975,0.901775970290122,0 123.306797517284,0.902107222518922,0 123.306155377424,0.902556797254599,0 123.305601070459,0.903111034437254,0 123.305151438726,0.903753093894167,0 123.304820144087,0.904463467014686,0 123.304617252818,0.905220569504539,0 123.304548929742,0.906001397209643,0 123.304617250909,0.906782225083026,0 123.304820140499,0.907539328057418,0 123.305151433893,0.908249701920297,0 123.305601064963,0.908891762287849,0 123.306155371928,0.909446000439584,0 123.306797512451,0.9098955760859,0 123.307507975387,0.910226829057058,0 123.308265173624,0.910429694365524,0 123.3090461,0.910498008029594,0
</coordinates></LinearRing></outerBoundaryIs></Polygon>
</Placemark>
<Placemark>
<name>Pasar Tradisional Bohabak</name>
<description>Bolaang Mongondow Utara - radius 500m</description>
<Polygon><outerBoundaryIs><LinearRing><coordinates>
123.4543532,0.882946308029594,0 123.455134120499,0.882877994368083,0 123.45589131304,0.882675129066986,0 123.456601770637,0.882343876107117,0 123.457243906341,0.88189430047465,0 123.457798209154,0.881340062337651,0 123.458247836868,0.880698001983948,0 123.458579127799,0.879987628132359,0 123.458782015896,0.879230525165335,0 123.45885033658,0.878449697294511,0 123.458782014045,0.877668869586848,0 123.45857912432,0.876911767089627,0 123.458247832181,0.876201393957819,0 123.457798203825,0.875559334487056,0 123.457243901011,0.875005097289665,0 123.45660176595,0.874555522540138,0 123.455891309561,0.87422427030005,0 123.455134118648,0.874021405468756,0 123.4543532,0.873953091970406,0 123.453572281352,0.874021405468756,0 123.452815090439,0.87422427030005,0 123.45210463405,0.874555522540138,0 123.451462498989,0.875005097289665,0 123.450908196175,0.875559334487056,0 123.450458567819,0.876201393957819,0 123.45012727568,0.876911767089627,0 123.449924385955,0.877668869586848,0 123.44985606342,0.878449697294511,0 123.449924384104,0.879230525165335,0 123.450127272201,0.879987628132359,0 123.450458563132,0.880698001983948,0 123.450908190846,0.881340062337651,0 123.451462493659,0.88189430047465,0 123.452104629363,0.882343876107117,0 123.45281508696,0.882675129066986,0 123.453572279501,0.882877994368083,0 123.4543532,0.882946308029594,0
</coordinates></LinearRing></outerBoundaryIs></Polygon>
</Placemark>
<Placemark>
<name>Central Market Bombana</name>
<description>Bombana - radius 500m</description>
<Polygon><outerBoundaryIs><LinearRing><coordinates>
122.0639138,-4.77428029197041,0 122.064697346522,-4.77434860510554,0 122.065457085835,-4.77455146889101,0 122.066169934048,-4.77488271952879,0 122.066814231925,-4.7753322923128,0 122.067370402961,-4.77588652741852,0 122.06782154818,-4.77652858492375,0 122.068153959604,-4.77723895645324,0 122.068357536784,-4.77799605790461,0 122.068426093727,-4.77877688524904,0 122.068357546909,-4.77955771348306,0 122.068153978634,-4.78031481749591,0 122.067821573818,-4.78102519294981,0 122.067370432116,-4.78166725526904,0 122.06681426108,-4.78222149549772,0 122.066169959686,-4.78267107309573,0 122.065457104865,-4.78300232765792,0 122.064697356647,-4.78320519400486,0 122.0639138,-4.78327350802959,0 122.063130243353,-4.78320519400486,0 122.062370495135,-4.78300232765792,0 122.061657640314,-4.78267107309573,0 122.06101333892,-4.78222149549772,0 122.060457167884,-4.78166725526904,0 122.060006026182,-4.78102519294981,0 122.059673621366,-4.78031481749591,0 122.059470053091,-4.77955771348306,0 122.059401506273,-4.77877688524904,0 122.059470063216,-4.77799605790461,0 122.059673640396,-4.77723895645324,0 122.06000605182,-4.77652858492375,0 122.060457197039,-4.77588652741852,0 122.061013368075,-4.7753322923128,0 122.061657665952,-4.77488271952879,0 122.062370514165,-4.77455146889101,0 122.063130253478,-4.77434860510554,0 122.0639138,-4.77428029197041,0
</coordinates></LinearRing></outerBoundaryIs></Polygon>
</Placemark>
<Placemark>
<name>Pasar Boepinang</name>
<description>Bombana - radius 500m</description>
<Polygon><outerBoundaryIs><LinearRing><coordinates>
121.5863465,-4.77704489197041,0 121.58713004968,-4.77711320510529,0 121.587889792057,-4.77731606889,0 121.588602643144,-4.77764731952665,0 121.58924694362,-4.77809689230925,0 121.5898031169,-4.77865112741349,0 121.59025426394,-4.77929318491732,0 121.590586676708,-4.78000355644567,0 121.590790254711,-4.7807606578963,0 121.590858811934,-4.78154148524047,0 121.590790264843,-4.78232231347475,0 121.590586695748,-4.78307941748834,0 121.590254289593,-4.78378979294338,0 121.589803146072,-4.78443185526401,0 121.589246972792,-4.78498609549418,0 121.588602668797,-4.78543567309359,0 121.587889811098,-4.78576692765692,0 121.587130059812,-4.78596979400461,0 121.5863465,-4.78603810802959,0 121.585562940188,-4.78596979400461,0 121.584803188902,-4.78576692765692,0 121.584090331203,-4.78543567309359,0 121.583446027208,-4.78498609549418,0 121.582889853928,-4.78443185526401,0 121.582438710407,-4.78378979294338,0 121.582106304251,-4.78307941748834,0 121.581902735157,-4.78232231347475,0 121.581834188066,-4.78154148524047,0 121.581902745289,-4.7807606578963,0 121.582106323292,-4.78000355644567,0 121.58243873606,-4.77929318491732,0 121.5828898831,-4.77865112741349,0 121.58344605638,-4.77809689230925,0 121.584090356856,-4.77764731952665,0 121.584803207943,-4.77731606889,0 121.58556295032,-4.77711320510529,0 121.5863465,-4.77704489197041,0
</coordinates></LinearRing></outerBoundaryIs></Polygon>
</Placemark>
<Placemark>
<name>Pasar Toburi</name>
<description>Bombana - radius 500m</description>
<Polygon><outerBoundaryIs><LinearRing><coordinates>
121.7733052,-4.70006649197041,0 121.774088662421,-4.70013480511248,0 121.774848320183,-4.70033766891793,0 121.775561091863,-4.70066891958632,0 121.776205320548,-4.70111849240788,0 121.776761431833,-4.70167272755356,0 121.777212528556,-4.70231478509634,0 121.777544904217,-4.70302515665644,0 121.777748459456,-4.70378225812779,0 121.777817008955,-4.70456308547916,0 121.777748469422,-4.70534391370625,0 121.777544922947,-4.70610101769912,0 121.777212553792,-4.7068113931224,0 121.77676146053,-4.70745345540409,0 121.776205349245,-4.7080076955928,0 121.775561117099,-4.70845727315326,0 121.774848338914,-4.70878852768484,0 121.774088672388,-4.7089913940118,0 121.7733052,-4.70905970802959,0 121.772521727612,-4.7089913940118,0 121.771762061086,-4.70878852768484,0 121.771049282901,-4.70845727315326,0 121.770405050755,-4.7080076955928,0 121.76984893947,-4.70745345540409,0 121.769397846208,-4.7068113931224,0 121.769065477052,-4.70610101769912,0 121.768861930578,-4.70534391370625,0 121.768793391045,-4.70456308547916,0 121.768861940544,-4.70378225812779,0 121.769065495783,-4.70302515665644,0 121.769397871444,-4.70231478509634,0 121.769848968167,-4.70167272755356,0 121.770405079452,-4.70111849240788,0 121.771049308137,-4.70066891958632,0 121.771762079817,-4.70033766891793,0 121.772521737579,-4.70013480511248,0 121.7733052,-4.70006649197041,0
</coordinates></LinearRing></outerBoundaryIs></Polygon>
</Placemark>
<Placemark>
<name>Pasar Tradisional Poleang Barat</name>
<description>Bombana - radius 500m</description>
<Polygon><outerBoundaryIs><LinearRing><coordinates>
121.5263525,-4.69458009197041,0 121.527135956257,-4.694648405113,0 121.527895608041,-4.69485126891992,0 121.528608374111,-4.69518251959057,0 121.529252597725,-4.6956320924149,0 121.52980870463,-4.69618632756354,0 121.530259797798,-4.6968283851091,0 121.530592170838,-4.69753875667146,0 121.530795724468,-4.69829585814429,0 121.530864273422,-4.69907668549617,0 121.530795734423,-4.69985751372275,0 121.530592189546,-4.70061461771414,0 121.530259823004,-4.70132499313516,0 121.529808733293,-4.70196705541407,0 121.529252626388,-4.70252129559983,0 121.528608399317,-4.70297087315751,0 121.527895626749,-4.70330212768683,0 121.527135966212,-4.70350499401232,0 121.5263525,-4.70357330802959,0 121.525569033788,-4.70350499401232,0 121.524809373251,-4.70330212768683,0 121.524096600683,-4.70297087315751,0 121.523452373612,-4.70252129559983,0 121.522896266707,-4.70196705541407,0 121.522445176996,-4.70132499313516,0 121.522112810454,-4.70061461771414,0 121.521909265577,-4.69985751372275,0 121.521840726578,-4.69907668549617,0 121.521909275532,-4.69829585814429,0 121.522112829162,-4.69753875667146,0 121.522445202202,-4.6968283851091,0 121.522896295371,-4.69618632756354,0 121.523452402275,-4.6956320924149,0 121.524096625889,-4.69518251959057,0 121.524809391959,-4.69485126891992,0 121.525569043743,-4.694648405113,0 121.5263525,-4.69458009197041,0
</coordinates></LinearRing></outerBoundaryIs></Polygon>
</Placemark>
<Placemark>
<name>Pasar Sentral Lama Bone</name>
<description>Bone - radius 500m</description>
<Polygon><outerBoundaryIs><LinearRing><coordinates>
120.3202927,-4.54129799197041,0 120.321075986975,-4.54136630512732,0 120.321835474606,-4.5415691689755,0 120.322548086626,-4.54190041970936,0 120.323192170965,-4.54234999261122,0 120.323748157595,-4.54290422784236,0 120.324199153145,-4.54354628546545,0 120.324531454193,-4.54425665709101,0 120.324734963656,-4.54501375860509,0 120.32480349762,-4.54579458597131,0 120.324734973282,-4.54657541418355,0 120.324531472285,-4.54733251813369,0 120.32419917752,-4.54804289349151,0 120.323748185313,-4.54868495569289,0 120.323192198683,-4.54923919579615,0 120.322548111001,-4.5496887732763,0 120.321835492697,-4.55002002774241,0 120.321075996601,-4.55022289402664,0 120.3202927,-4.55029120802959,0 120.319509403399,-4.55022289402664,0 120.318749907303,-4.55002002774241,0 120.318037288999,-4.5496887732763,0 120.317393201317,-4.54923919579615,0 120.316837214687,-4.54868495569289,0 120.31638622248,-4.54804289349151,0 120.316053927715,-4.54733251813369,0 120.315850426718,-4.54657541418355,0 120.31578190238,-4.54579458597131,0 120.315850436344,-4.54501375860509,0 120.316053945807,-4.54425665709101,0 120.316386246855,-4.54354628546545,0 120.316837242405,-4.54290422784236,0 120.317393229035,-4.54234999261122,0 120.318037313374,-4.54190041970936,0 120.318749925394,-4.5415691689755,0 120.319509413025,-4.54136630512732,0 120.3202927,-4.54129799197041,0
</coordinates></LinearRing></outerBoundaryIs></Polygon>
</Placemark>
<Placemark>
<name>Pasar Sentral Watampone</name>
<description>Bone - radius 500m</description>
<Polygon><outerBoundaryIs><LinearRing><coordinates>
120.2913763,-4.53671469197041,0 120.292159582001,-4.53678300512775,0 120.292919064808,-4.53698586897716,0 120.293631672302,-4.53731711971291,0 120.294275752547,-4.53776669261708,0 120.294831735644,-4.53832092785069,0 120.295282728325,-4.5389629854761,0 120.295615027257,-4.53967335710355,0 120.295818535422,-4.54043045861887,0 120.295887068946,-4.54121128598551,0 120.295818545039,-4.54199211419733,0 120.295615045331,-4.54274921814624,0 120.295282752675,-4.54345959350217,0 120.294831763334,-4.54410165570123,0 120.294275780238,-4.54465589580202,0 120.293631696652,-4.54510547327985,0 120.292919082881,-4.54543672774407,0 120.292159591617,-4.54563959402707,0 120.2913763,-4.54570790802959,0 120.290593008383,-4.54563959402707,0 120.289833517119,-4.54543672774407,0 120.289120903348,-4.54510547327985,0 120.288476819762,-4.54465589580202,0 120.287920836666,-4.54410165570123,0 120.287469847325,-4.54345959350217,0 120.287137554669,-4.54274921814624,0 120.286934054961,-4.54199211419733,0 120.286865531053,-4.54121128598551,0 120.286934064577,-4.54043045861887,0 120.287137572743,-4.53967335710355,0 120.287469871675,-4.5389629854761,0 120.287920864356,-4.53832092785069,0 120.288476847452,-4.53776669261708,0 120.289120927698,-4.53731711971291,0 120.289833535192,-4.53698586897716,0 120.290593017999,-4.53678300512775,0 120.2913763,-4.53671469197041,0
</coordinates></LinearRing></outerBoundaryIs></Polygon>
</Placemark>
<Placemark>
<name>Bone Old Market</name>
<description>Bone - radius 500m</description>
<Polygon><outerBoundaryIs><LinearRing><coordinates>
120.3280673,-4.53162209197041,0 120.32885057648,-4.53169040512823,0 120.329610053933,-4.531893268979,0 120.330322656403,-4.53222451971685,0 120.330966732106,-4.53267409262361,0 120.331522711279,-4.53322832785996,0 120.331973700777,-4.53387038548794,0 120.332305997361,-4.53458075711749,0 120.332509504086,-4.53533785863418,0 120.332578037121,-4.53611868600129,0 120.332509513691,-4.53689951421264,0 120.332306015414,-4.53765661816017,0 120.3319737251,-4.53836699351401,0 120.331522738938,-4.53900905571049,0 120.330966759765,-4.53956329580854,0 120.330322680725,-4.5400128732838,0 120.329610071986,-4.54034412774592,0 120.328850586085,-4.54054699402755,0 120.3280673,-4.54061530802959,0 120.327284013915,-4.54054699402755,0 120.326524528014,-4.54034412774592,0 120.325811919275,-4.5400128732838,0 120.325167840235,-4.53956329580854,0 120.324611861062,-4.53900905571049,0 120.3241608749,-4.53836699351401,0 120.323828584586,-4.53765661816017,0 120.323625086309,-4.53689951421264,0 120.323556562879,-4.53611868600129,0 120.323625095914,-4.53533785863418,0 120.323828602639,-4.53458075711749,0 120.324160899223,-4.53387038548794,0 120.324611888721,-4.53322832785996,0 120.325167867894,-4.53267409262361,0 120.325811943597,-4.53222451971685,0 120.326524546067,-4.531893268979,0 120.32728402352,-4.53169040512823,0 120.3280673,-4.53162209197041,0
</coordinates></LinearRing></outerBoundaryIs></Polygon>
</Placemark>
<Placemark>
<name>Pasar Tradisional Lamurukung</name>
<description>Bone - radius 500m</description>
<Polygon><outerBoundaryIs><LinearRing><coordinates>
120.3290375,-4.39492229197041,0 120.329820630619,-4.394990605141,0 120.330579966631,-4.39519346902855,0 120.331292436364,-4.39552471982274,0 120.331936392059,-4.3959742927986,0 120.332492267596,-4.3965285281085,0 120.332943172977,-4.3971705858056,0 120.333275407525,-4.39788095749149,0 120.333478876188,-4.39863805904495,0 120.333547396302,-4.39941888642484,0 120.333478885501,-4.40019971462342,0 120.333275425029,-4.40095681853418,0 120.33294319656,-4.40166719383167,0 120.332492294413,-4.40230925595904,0 120.331936418876,-4.40286349598354,0 120.331292459946,-4.40331307338968,0 120.330579984134,-4.40364432779547,0 120.329820639933,-4.40384719404032,0 120.3290375,-4.40391550802959,0 120.328254360067,-4.40384719404032,0 120.327495015866,-4.40364432779547,0 120.326782540054,-4.40331307338968,0 120.326138581124,-4.40286349598354,0 120.325582705587,-4.40230925595904,0 120.32513180344,-4.40166719383167,0 120.324799574971,-4.40095681853418,0 120.324596114499,-4.40019971462342,0 120.324527603698,-4.39941888642484,0 120.324596123812,-4.39863805904495,0 120.324799592475,-4.39788095749149,0 120.325131827023,-4.3971705858056,0 120.325582732404,-4.3965285281085,0 120.326138607941,-4.3959742927986,0 120.326782563636,-4.39552471982274,0 120.327495033369,-4.39519346902855,0 120.328254369381,-4.394990605141,0 120.3290375,-4.39492229197041,0
</coordinates></LinearRing></outerBoundaryIs></Polygon>
</Placemark>
<Placemark>
<name>Pasar Bajoe</name>
<description>Bone - radius 500m</description>
<Polygon><outerBoundaryIs><LinearRing><coordinates>
120.3830894,-4.55367099197041,0 120.383872700429,-4.55373930512617,0 120.384632201106,-4.55394216897101,0 120.38534482537,-4.55427341969977,0 120.385988920777,-4.55472299259537,0 120.386544916966,-4.55527722781986,0 120.386995920275,-4.55591928543669,0 120.387328227045,-4.55662965705715,0 120.387531740018,-4.55738675856791,0 120.387600275174,-4.55816758593296,0 120.387531749671,-4.55894841414636,0 120.387328245186,-4.55970551809983,0 120.386995944717,-4.56041589346275,0 120.386544944761,-4.56105795567039,0 120.385988948572,-4.5616121957803,0 120.385344849812,-4.56206177326671,0 120.384632219247,-4.56239302773793,0 120.383872710082,-4.56259589402549,0 120.3830894,-4.56266420802959,0 120.382306089918,-4.56259589402549,0 120.381546580753,-4.56239302773793,0 120.380833950188,-4.56206177326671,0 120.380189851428,-4.5616121957803,0 120.379633855239,-4.56105795567039,0 120.379182855283,-4.56041589346275,0 120.378850554814,-4.55970551809983,0 120.378647050329,-4.55894841414636,0 120.378578524826,-4.55816758593296,0 120.378647059982,-4.55738675856791,0 120.378850572955,-4.55662965705715,0 120.379182879725,-4.55591928543669,0 120.379633883034,-4.55527722781986,0 120.380189879223,-4.55472299259537,0 120.38083397463,-4.55427341969977,0 120.381546598894,-4.55394216897101,0 120.382306099571,-4.55373930512617,0 120.3830894,-4.55367099197041,0
</coordinates></LinearRing></outerBoundaryIs></Polygon>
</Placemark>
<Placemark>
<name>Welado Traditional Market Bone</name>
<description>Bone - radius 500m</description>
<Polygon><outerBoundaryIs><LinearRing><coordinates>
120.1848567,-4.22945819197041,0 120.185639660101,-4.22952650515645,0 120.186398830759,-4.2297293690885,0 120.187111145314,-4.23006061995086,0 120.187754960711,-4.23051019301034,0 120.188310715087,-4.23106442840923,0 120.188761522126,-4.23170648618995,0 120.189093684144,-4.23241685794401,0 120.189297108303,-4.23317395954197,0 120.189365613307,-4.23395478693731,0 120.189297117263,-4.23473561512043,0 120.189093700983,-4.2354927189867,0 120.188761544813,-4.23620309421602,0 120.188310740886,-4.23684515625977,0 120.18775498651,-4.23739939619528,0 120.187111168001,-4.2378489735178,0 120.186398847598,-4.23818022785542,0 120.185639669061,-4.23838309405577,0 120.1848567,-4.23845140802959,0 120.184073730939,-4.23838309405577,0 120.183314552402,-4.23818022785542,0 120.182602231999,-4.2378489735178,0 120.18195841349,-4.23739939619528,0 120.181402659114,-4.23684515625977,0 120.180951855187,-4.23620309421602,0 120.180619699017,-4.2354927189867,0 120.180416282737,-4.23473561512043,0 120.180347786693,-4.23395478693731,0 120.180416291697,-4.23317395954197,0 120.180619715856,-4.23241685794401,0 120.180951877874,-4.23170648618995,0 120.181402684913,-4.23106442840923,0 120.181958439289,-4.23051019301034,0 120.182602254686,-4.23006061995086,0 120.183314569241,-4.2297293690885,0 120.184073739899,-4.22952650515645,0 120.1848567,-4.22945819197041,0
</coordinates></LinearRing></outerBoundaryIs></Polygon>
</Placemark>
<Placemark>
<name>Pasar Desa Nusa Bone</name>
<description>Bone - radius 500m</description>
<Polygon><outerBoundaryIs><LinearRing><coordinates>
120.1744889,-5.02292109197041,0 120.175272738003,-5.02298940508229,0 120.176032759966,-5.02319226880078,0 120.176745873429,-5.02352351933596,0 120.177390411113,-5.0239730919941,0 120.177946789234,-5.02452732696588,0 120.178398102525,-5.02516938434524,0 120.178730637893,-5.02587975577212,0 120.178934291105,-5.02663685715652,0 120.17900287384,-5.02741768447769,0 120.178934301764,-5.02819851273497,0 120.178730657925,-5.02895561681479,0 120.178398129514,-5.02966599237129,0 120.177946819925,-5.03030805481639,0 120.177390441804,-5.03086229517902,0 120.176745900418,-5.03131187290289,0 120.176032779999,-5.03164312756769,0 120.175272748662,-5.03184599398161,0 120.1744889,-5.03191430802959,0 120.173705051338,-5.03184599398161,0 120.172945020001,-5.03164312756769,0 120.172231899582,-5.03131187290289,0 120.171587358196,-5.03086229517902,0 120.171030980075,-5.03030805481639,0 120.170579670486,-5.02966599237129,0 120.170247142075,-5.02895561681479,0 120.170043498236,-5.02819851273497,0 120.16997492616,-5.02741768447769,0 120.170043508895,-5.02663685715652,0 120.170247162107,-5.02587975577212,0 120.170579697475,-5.02516938434524,0 120.171031010766,-5.02452732696588,0 120.171587388887,-5.0239730919941,0 120.172231926571,-5.02352351933596,0 120.172945040033,-5.02319226880078,0 120.173705061996,-5.02298940508229,0 120.1744889,-5.02292109197041,0
</coordinates></LinearRing></outerBoundaryIs></Polygon>
</Placemark>
<Placemark>
<name>Pasar Tradisional Lapuse</name>
<description>Bone - radius 500m</description>
<Polygon><outerBoundaryIs><LinearRing><coordinates>
120.2895436,-4.43907559197041,0 120.290326777238,-4.43914390513687,0 120.291086158456,-4.43934676901255,0 120.291798670613,-4.43967801978854,0 120.292442664665,-4.44012759274209,0 120.292998573326,-4.44068182802824,0 120.293449505592,-4.44132388570301,0 120.293781759968,-4.44203425737071,0 120.293985240796,-4.44279135891229,0 120.294053765041,-4.44357218628806,0 120.293985250204,-4.44435301449075,0 120.293781777649,-4.44511011841339,0 120.293449529413,-4.44582049372908,0 120.292998600415,-4.44646255587877,0 120.292442691754,-4.44701679592702,0 120.291798694435,-4.44746637335549,0 120.291086176137,-4.44779762777947,0 120.290326786646,-4.4480004940362,0 120.2895436,-4.44806880802959,0 120.288760413354,-4.4480004940362,0 120.288001023863,-4.44779762777947,0 120.287288505565,-4.44746637335549,0 120.286644508246,-4.44701679592702,0 120.286088599585,-4.44646255587877,0 120.285637670586,-4.44582049372908,0 120.285305422351,-4.44511011841339,0 120.285101949796,-4.44435301449075,0 120.285033434959,-4.44357218628806,0 120.285101959204,-4.44279135891229,0 120.285305440032,-4.44203425737071,0 120.285637694408,-4.44132388570301,0 120.286088626674,-4.44068182802824,0 120.286644535335,-4.44012759274209,0 120.287288529387,-4.43967801978854,0 120.288001041544,-4.43934676901255,0 120.288760422762,-4.43914390513687,0 120.2895436,-4.43907559197041,0
</coordinates></LinearRing></outerBoundaryIs></Polygon>
</Placemark>
<Placemark>
<name>Pasar Benteng</name>
<description>Bone - radius 500m</description>
<Polygon><outerBoundaryIs><LinearRing><coordinates>
120.388316,-4.66363969197041,0 120.389099421629,-4.66370800511589,0 120.389859039835,-4.66391086893114,0 120.390571774394,-4.66424211961456,0 120.391215969518,-4.66469169245454,0 120.39177205182,-4.66524592761983,0 120.392223125021,-4.66588798518104,0 120.392555483334,-4.66659835675616,0 120.392759027931,-4.66735545823732,0 120.392827573818,-4.6681362855921,0 120.392759037819,-4.66891711381578,0 120.392555501918,-4.66967421779884,0 120.392223150059,-4.67038459320711,0 120.391772080292,-4.67102665547036,0 120.39121599799,-4.67158089563947,0 120.390571799432,-4.67203047318149,0 120.389859058419,-4.67236172769806,0 120.389099431518,-4.67256459401521,0 120.388316,-4.67263290802959,0 120.387532568482,-4.67256459401521,0 120.386772941581,-4.67236172769806,0 120.386060200568,-4.67203047318149,0 120.38541600201,-4.67158089563947,0 120.384859919708,-4.67102665547036,0 120.384408849941,-4.67038459320711,0 120.384076498082,-4.66967421779884,0 120.383872962181,-4.66891711381578,0 120.383804426182,-4.6681362855921,0 120.383872972069,-4.66735545823732,0 120.384076516666,-4.66659835675616,0 120.384408874979,-4.66588798518104,0 120.38485994818,-4.66524592761983,0 120.385416030482,-4.66469169245454,0 120.386060225606,-4.66424211961456,0 120.386772960165,-4.66391086893114,0 120.387532578371,-4.66370800511589,0 120.388316,-4.66363969197041,0
</coordinates></LinearRing></outerBoundaryIs></Polygon>
</Placemark>
<Placemark>
<name>Pasar Tradisional Tumbihe</name>
<description>Bone Bolango - radius 500m</description>
<Polygon><outerBoundaryIs><LinearRing><coordinates>
123.0924585,0.543966408029594,0 123.093239362972,0.543898094399566,0 123.093996499766,0.543695229189121,0 123.094706905119,0.543363976368139,0 123.09534899369,0.542914400906042,0 123.095903255924,0.542360162950347,0 123.096352850845,0.541718102767014,0 123.096684117756,0.541007729054311,0 123.096886991314,0.540250626177939,0 123.096955307354,0.539469798338598,0 123.096886990178,0.538688970599451,0 123.096684115621,0.537931868011578,0 123.096352847967,0.537221494740883,0 123.095903252652,0.536579435099751,0 123.095348990417,0.536025197721056,0 123.094706902241,0.53557562280116,0 123.09399649763,0.535244370422185,0 123.093239361836,0.535041505500239,0 123.0924585,0.534973191970406,0 123.091677638164,0.535041505500239,0 123.09092050237,0.535244370422185,0 123.090210097758,0.53557562280116,0 123.089568009583,0.536025197721056,0 123.089013747348,0.536579435099751,0 123.088564152033,0.537221494740883,0 123.088232884379,0.537931868011578,0 123.088030009822,0.538688970599451,0 123.087961692646,0.539469798338598,0 123.088030008686,0.540250626177939,0 123.088232882244,0.541007729054311,0 123.088564149155,0.541718102767014,0 123.089013744076,0.542360162950347,0 123.08956800631,0.542914400906042,0 123.090210094881,0.543363976368139,0 123.090920500234,0.543695229189121,0 123.091677637028,0.543898094399566,0 123.0924585,0.543966408029594,0
</coordinates></LinearRing></outerBoundaryIs></Polygon>
</Placemark>
<Placemark>
<name>Pasar Senin Bongoime</name>
<description>Bone Bolango - radius 500m</description>
<Polygon><outerBoundaryIs><LinearRing><coordinates>
123.1129038,0.580480908029594,0 123.113684667855,0.580412594396175,0 123.11444180938,0.580209729175966,0 123.115152219165,0.579878476340024,0 123.115794311733,0.579428900859576,0 123.116348577406,0.578874662884353,0 123.116798175102,0.578232602682668,0 123.117129444044,0.577522228955006,0 123.117332318826,0.576765126068869,0 123.117400635251,0.575984298226137,0 123.117332317613,0.575203470490382,0 123.117129441763,0.574446367912273,0 123.11679817203,0.573735994656537,0 123.116348573912,0.573093935033756,0 123.115794308239,0.57253969767459,0 123.115152216093,0.572090122773045,0 123.1144418071,0.571758870409029,0 123.113684666641,0.571556005496848,0 123.1129038,0.571487691970406,0 123.112122933359,0.571556005496848,0 123.1113657929,0.571758870409029,0 123.110655383907,0.572090122773045,0 123.110013291761,0.57253969767459,0 123.109459026088,0.573093935033756,0 123.10900942797,0.573735994656537,0 123.108678158237,0.574446367912273,0 123.108475282387,0.575203470490382,0 123.108406964749,0.575984298226137,0 123.108475281174,0.576765126068869,0 123.108678155956,0.577522228955006,0 123.109009424898,0.578232602682668,0 123.109459022594,0.578874662884353,0 123.110013288267,0.579428900859576,0 123.110655380835,0.579878476340024,0 123.11136579062,0.580209729175966,0 123.112122932145,0.580412594396175,0 123.1129038,0.580480908029594,0
</coordinates></LinearRing></outerBoundaryIs></Polygon>
</Placemark>
<Placemark>
<name>Pasar Selasa Bone Bolango</name>
<description>Bone Bolango - radius 500m</description>
<Polygon><outerBoundaryIs><LinearRing><coordinates>
123.1024876,0.553691908029593,0 123.103268464242,0.553623594398662,0 123.104025602266,0.553420729185616,0 123.104736008771,0.55308947636065,0 123.105378098381,0.552639900893665,0 123.105932361509,0.552085662932769,0 123.106381957151,0.551443602744548,0 123.10671322459,0.550733229027861,0 123.106916098466,0.549976126148888,0 123.106984414606,0.549195298308644,0 123.106916097309,0.5484144705704,0 123.106713222416,0.547657367985128,0 123.106381954222,0.546946994718417,0 123.105932358178,0.546304935082173,0 123.105378095049,0.545750697708679,0 123.104736005841,0.545301122793671,0 123.104025600091,0.54496987041868,0 123.103268463085,0.544767005499335,0 123.1024876,0.544698691970405,0 123.101706736915,0.544767005499335,0 123.100949599908,0.54496987041868,0 123.100239194159,0.545301122793671,0 123.099597104951,0.545750697708679,0 123.099042841822,0.546304935082173,0 123.098593245778,0.546946994718417,0 123.098261977584,0.547657367985128,0 123.098059102691,0.5484144705704,0 123.097990785394,0.549195298308644,0 123.098059101534,0.549976126148888,0 123.09826197541,0.550733229027861,0 123.098593242849,0.551443602744548,0 123.099042838491,0.552085662932769,0 123.099597101619,0.552639900893665,0 123.100239191229,0.55308947636065,0 123.100949597734,0.553420729185616,0 123.101706735758,0.553623594398662,0 123.1024876,0.553691908029593,0
</coordinates></LinearRing></outerBoundaryIs></Polygon>
</Placemark>
<Placemark>
<name>Pasar Pilohayanga</name>
<description>Bone Bolango - radius 500m</description>
<Polygon><outerBoundaryIs><LinearRing><coordinates>
123.0621616,0.610074508029594,0 123.062942472045,0.610006194393427,0 123.06369961763,0.609803329165304,0 123.064410031219,0.609472076317237,0 123.065052127217,0.609022500821916,0 123.065606395842,0.608468262830866,0 123.066055995922,0.607826202614308,0 123.066387266608,0.607115828874522,0 123.066590142443,0.606358725980471,0 123.066658459201,0.605577898134991,0 123.066590141168,0.604797070401984,0 123.06638726421,0.604039967831789,0 123.066055992692,0.603329594588178,0 123.065606392168,0.60268753498027,0 123.065052123544,0.60213329763693,0 123.064410027989,0.601683722750258,0 123.063699615232,0.601352470398367,0 123.062942470769,0.601149605494099,0 123.0621616,0.601081291970406,0 123.061380729231,0.601149605494099,0 123.060623584768,0.601352470398367,0 123.059913172011,0.601683722750258,0 123.059271076456,0.60213329763693,0 123.058716807832,0.60268753498027,0 123.058267207308,0.603329594588178,0 123.05793593579,0.604039967831789,0 123.057733058832,0.604797070401984,0 123.057664740799,0.605577898134991,0 123.057733057557,0.606358725980471,0 123.057935933392,0.607115828874522,0 123.058267204078,0.607826202614308,0 123.058716804158,0.608468262830866,0 123.059271072783,0.609022500821916,0 123.059913168781,0.609472076317237,0 123.06062358237,0.609803329165304,0 123.061380727955,0.610006194393427,0 123.0621616,0.610074508029594,0
</coordinates></LinearRing></outerBoundaryIs></Polygon>
</Placemark>
<Placemark>
<name>Pasar Sentral Bulukumba</name>
<description>Bulukumba - radius 500m</description>
<Polygon><outerBoundaryIs><LinearRing><coordinates>
120.1936883,-5.53549059197041,0 120.194472786223,-5.53555890503428,0 120.195233436759,-5.53576176861455,0 120.195947140093,-5.53609301893796,0 120.196592211058,-5.53654259133632,0 120.197149049681,-5.53709682603165,0 120.197600736705,-5.53773888315123,0 120.197933547662,-5.53844925436634,0 120.198137369916,-5.53920635561251,0 120.198206009962,-5.53998718288567,0 120.198137381677,-5.54076801119095,0 120.197933569767,-5.54152511540899,0 120.197600766487,-5.54223549117727,0 120.197149083548,-5.54287755388215,0 120.196592244925,-5.54343179452122,0 120.195947169875,-5.54388137250488,0 120.195233458864,-5.54421262738146,0 120.194472797985,-5.5444154939336,0 120.1936883,-5.54448380802959,0 120.192903802015,-5.5444154939336,0 120.192143141136,-5.54421262738146,0 120.191429430125,-5.54388137250488,0 120.190784355075,-5.54343179452122,0 120.190227516452,-5.54287755388215,0 120.189775833513,-5.54223549117727,0 120.189443030233,-5.54152511540899,0 120.189239218323,-5.54076801119095,0 120.189170590038,-5.53998718288567,0 120.189239230084,-5.53920635561251,0 120.189443052338,-5.53844925436634,0 120.189775863295,-5.53773888315123,0 120.190227550319,-5.53709682603165,0 120.190784388942,-5.53654259133632,0 120.191429459907,-5.53609301893796,0 120.192143163241,-5.53576176861455,0 120.192903813777,-5.53555890503428,0 120.1936883,-5.53549059197041,0
</coordinates></LinearRing></outerBoundaryIs></Polygon>
</Placemark>
<Placemark>
<name>Pasar Tradisional Batu Karopa</name>
<description>Bulukumba - radius 500m</description>
<Polygon><outerBoundaryIs><LinearRing><coordinates>
120.2071663,-5.43609209197041,0 120.207950655528,-5.4361604050436,0 120.208711179331,-5.43636326865069,0 120.209424763735,-5.43669451901519,0 120.210069727181,-5.43714409146396,0 120.21062647296,-5.43769832621294,0 120.211078084635,-5.43834038338294,0 120.211410840032,-5.43905075463913,0 120.211614628208,-5.43980785591213,0 120.211683256703,-5.4405886831946,0 120.211614639755,-5.44136951149057,0 120.211410861735,-5.44212661568179,0 120.211078113875,-5.44283699140897,0 120.21062650621,-5.44347905406344,0 120.210069760431,-5.44403329464887,0 120.209424792975,-5.44448287258211,0 120.208711201033,-5.4448141274176,0 120.207950667076,-5.44501699394292,0 120.2071663,-5.44508530802959,0 120.206381932924,-5.44501699394292,0 120.205621398967,-5.4448141274176,0 120.204907807025,-5.44448287258211,0 120.204262839569,-5.44403329464887,0 120.20370609379,-5.44347905406344,0 120.203254486125,-5.44283699140897,0 120.202921738265,-5.44212661568179,0 120.202717960245,-5.44136951149057,0 120.202649343297,-5.4405886831946,0 120.202717971792,-5.43980785591213,0 120.202921759968,-5.43905075463913,0 120.203254515365,-5.43834038338294,0 120.20370612704,-5.43769832621294,0 120.204262872819,-5.43714409146396,0 120.204907836264,-5.43669451901519,0 120.205621420669,-5.43636326865069,0 120.206381944472,-5.4361604050436,0 120.2071663,-5.43609209197041,0
</coordinates></LinearRing></outerBoundaryIs></Polygon>
</Placemark>
<Placemark>
<name>Pasar Cekkeng Bulukumba</name>
<description>Bulukumba - radius 500m</description>
<Polygon><outerBoundaryIs><LinearRing><coordinates>
120.2026921,-5.54960339197041,0 120.203476604974,-5.54967170503296,0 120.204237273693,-5.54987456860942,0 120.204950994091,-5.55020581892699,0 120.205596080481,-5.55065539131819,0 120.206152932425,-5.5512096260059,0 120.206604630259,-5.55185168311833,0 120.206937449188,-5.5525620543276,0 120.20714127633,-5.55331915556996,0 120.207209918034,-5.5540999828418,0 120.207141288123,-5.5548808111484,0 120.20693747135,-5.55563791537025,0 120.206604660118,-5.55634829114436,0 120.20615296638,-5.5569903538564,0 120.205596114436,-5.5575445945031,0 120.20495102395,-5.55799417249391,0 120.204237295855,-5.55832542737632,0 120.203476616766,-5.55852829393228,0 120.2026921,-5.55859660802959,0 120.201907583234,-5.55852829393228,0 120.201146904145,-5.55832542737633,0 120.20043317605,-5.55799417249391,0 120.199788085564,-5.5575445945031,0 120.19923123362,-5.5569903538564,0 120.198779539882,-5.55634829114436,0 120.19844672865,-5.55563791537025,0 120.198242911877,-5.5548808111484,0 120.198174281966,-5.5540999828418,0 120.19824292367,-5.55331915556996,0 120.198446750812,-5.5525620543276,0 120.198779569741,-5.55185168311833,0 120.199231267574,-5.5512096260059,0 120.199788119519,-5.55065539131819,0 120.200433205909,-5.55020581892699,0 120.201146926307,-5.54987456860942,0 120.201907595026,-5.54967170503296,0 120.2026921,-5.54960339197041,0
</coordinates></LinearRing></outerBoundaryIs></Polygon>
</Placemark>
<Placemark>
<name>Pasar Desa Lembanna Bulukumba</name>
<description>Bulukumba - radius 500m</description>
<Polygon><outerBoundaryIs><LinearRing><coordinates>
120.4311623,-5.51583549197041,0 120.431946760188,-5.51590380503612,0 120.432707385479,-5.5161066686217,0 120.433421065123,-5.51643791895323,0 120.43406611467,-5.51688749136156,0 120.434622934799,-5.5174417260675,0 120.435074606813,-5.51808378319706,0 120.435407406703,-5.51879415442029,0 120.435611222168,-5.51955125567176,0 120.435679859914,-5.52033208294677,0 120.435611233888,-5.52111291125021,0 120.435407428729,-5.52187001546294,0 120.435074636488,-5.52258039122309,0 120.434622968544,-5.523222453918,0 120.434066148415,-5.52377669454647,0 120.433421094798,-5.52422627252015,0 120.432707407505,-5.5245575273886,0 120.431946771908,-5.52476039393544,0 120.4311623,-5.52482870802959,0 120.430377828092,-5.52476039393544,0 120.429617192495,-5.5245575273886,0 120.428903505202,-5.52422627252015,0 120.428258451585,-5.52377669454647,0 120.427701631456,-5.523222453918,0 120.427249963512,-5.52258039122309,0 120.426917171271,-5.52187001546294,0 120.426713366112,-5.52111291125021,0 120.426644740086,-5.52033208294677,0 120.426713377832,-5.51955125567176,0 120.426917193297,-5.51879415442029,0 120.427249993187,-5.51808378319706,0 120.427701665201,-5.5174417260675,0 120.42825848533,-5.51688749136156,0 120.428903534877,-5.51643791895323,0 120.429617214521,-5.5161066686217,0 120.430377839812,-5.51590380503612,0 120.4311623,-5.51583549197041,0
</coordinates></LinearRing></outerBoundaryIs></Polygon>
</Placemark>
<Placemark>
<name>Pasar Tanete</name>
<description>Bulukumba - radius 500m</description>
<Polygon><outerBoundaryIs><LinearRing><coordinates>
120.1353965,-5.32349909197041,0 120.136180710387,-5.32356740505414,0 120.136941093448,-5.32377026869161,0 120.137654545777,-5.32410151910264,0 120.138299389819,-5.3245510916085,0 120.13885603249,-5.32510532641822,0 120.139307560486,-5.3257473836453,0 120.139640254179,-5.32645775494803,0 120.139844004508,-5.3272148562514,0 120.139912620173,-5.32799568354443,0 120.139844015813,-5.32877651182985,0 120.139640275426,-5.32953361599069,0 120.139307589111,-5.33024399167134,0 120.138856065042,-5.33088605426873,0 120.138299422371,-5.33144029479341,0 120.137654574403,-5.33188987266957,0 120.136941114695,-5.33222112745852,0 120.136180721692,-5.33242399395346,0 120.1353965,-5.33249230802959,0 120.134612278308,-5.33242399395346,0 120.133851885305,-5.33222112745852,0 120.133138425597,-5.33188987266957,0 120.132493577629,-5.33144029479341,0 120.131936934958,-5.33088605426873,0 120.131485410889,-5.33024399167134,0 120.131152724575,-5.32953361599069,0 120.130948984187,-5.32877651182985,0 120.130880379827,-5.32799568354443,0 120.130948995492,-5.3272148562514,0 120.131152745821,-5.32645775494803,0 120.131485439514,-5.3257473836453,0 120.13193696751,-5.32510532641822,0 120.132493610181,-5.3245510916085,0 120.133138454223,-5.32410151910264,0 120.133851906552,-5.32377026869161,0 120.134612289613,-5.32356740505414,0 120.1353965,-5.32349909197041,0
</coordinates></LinearRing></outerBoundaryIs></Polygon>
</Placemark>
<Placemark>
<name>Pasar Dampang Bulukumba</name>
<description>Bulukumba - radius 500m</description>
<Polygon><outerBoundaryIs><LinearRing><coordinates>
120.1293575,-5.49285069197041,0 120.130141929863,-5.49291900503828,0 120.130902525748,-5.49312186863005,0 120.131616177796,-5.49345311897109,0 120.132261202395,-5.49390269139108,0 120.132818000981,-5.49445692610943,0 120.133269655512,-5.49509898325064,0 120.13360244251,-5.49580935448337,0 120.133806250068,-5.49656645574105,0 120.133874885133,-5.49734728301821,0 120.133806261738,-5.49812811131949,0 120.133602464442,-5.49888521552603,0 120.133269685061,-5.49959559127667,0 120.132818034583,-5.50023765395992,0 120.132261235997,-5.50079189457599,0 120.131616207345,-5.50124147253801,0 120.13090254768,-5.50157272739696,0 120.130141941533,-5.5017755939376,0 120.1293575,-5.50184390802959,0 120.128573058467,-5.5017755939376,0 120.12781245232,-5.50157272739696,0 120.127098792655,-5.50124147253801,0 120.126453764003,-5.50079189457599,0 120.125896965417,-5.50023765395992,0 120.125445314939,-5.49959559127667,0 120.125112535558,-5.49888521552603,0 120.124908738262,-5.49812811131949,0 120.124840114866,-5.49734728301821,0 120.124908749932,-5.49656645574105,0 120.12511255749,-5.49580935448337,0 120.125445344488,-5.49509898325064,0 120.125896999019,-5.49445692610943,0 120.126453797605,-5.49390269139108,0 120.127098822204,-5.49345311897109,0 120.127812474252,-5.49312186863005,0 120.128573070137,-5.49291900503828,0 120.1293575,-5.49285069197041,0
</coordinates></LinearRing></outerBoundaryIs></Polygon>
</Placemark>
<Placemark>
<name>Pasar Kecil Bakri</name>
<description>Bulukumba - radius 500m</description>
<Polygon><outerBoundaryIs><LinearRing><coordinates>
119.9442103,-5.53822939197041,0 119.944994789858,-5.53829770503402,0 119.945755443919,-5.53850056861355,0 119.946469150562,-5.53883181893583,0 119.947114224516,-5.5392813913328,0 119.947671065722,-5.53983562602665,0 119.948122754842,-5.54047768314485,0 119.948455567345,-5.54118805435882,0 119.948659390545,-5.54194515560425,0 119.948728030913,-5.54272598287715,0 119.948659402313,-5.54350681118269,0 119.948455589461,-5.54426391540147,0 119.948122784639,-5.54497429117088,0 119.947671099606,-5.54561635387715,0 119.9471142584,-5.54617059451771,0 119.946469180359,-5.54662017250275,0 119.945755466035,-5.54695142738046,0 119.944994801626,-5.54715429393334,0 119.9442103,-5.54722260802959,0 119.943425798374,-5.54715429393334,0 119.942665133965,-5.54695142738046,0 119.941951419641,-5.54662017250275,0 119.9413063416,-5.54617059451771,0 119.940749500394,-5.54561635387715,0 119.940297815361,-5.54497429117088,0 119.939965010539,-5.54426391540147,0 119.939761197687,-5.54350681118269,0 119.939692569087,-5.54272598287715,0 119.939761209455,-5.54194515560425,0 119.939965032655,-5.54118805435882,0 119.940297845158,-5.54047768314485,0 119.940749534278,-5.53983562602665,0 119.941306375484,-5.5392813913328,0 119.941951449438,-5.53883181893583,0 119.942665156081,-5.53850056861355,0 119.943425810142,-5.53829770503402,0 119.9442103,-5.53822939197041,0
</coordinates></LinearRing></outerBoundaryIs></Polygon>
</Placemark>
<Placemark>
<name>Pasar Sentral Buol</name>
<description>Buol - radius 500m</description>
<Polygon><outerBoundaryIs><LinearRing><coordinates>
121.4380608,1.16052680802959,0 121.438841787971,1.1604584943423,0 121.439599045908,1.16025562896696,0 121.440309564814,1.15992437589334,0 121.44095175586,1.15947480012134,0 121.441506106359,1.15892056183585,0 121.44195577265,1.15827850134262,0 121.44228709189,1.15756812737728,0 121.442489997184,1.15681102433601,0 121.442558323453,1.1560301964394,0 121.442489994748,1.15524936875752,0 121.442287087312,1.15449226633455,0 121.441955766482,1.15378189331649,0 121.441506099344,1.15313983398526,0 121.440951748846,1.15258559693636,0 121.440309558646,1.15213602232636,0 121.439599041329,1.15180477020002,0 121.438841785535,1.15160190544297,0 121.4380608,1.15153359197041,0 121.437279814465,1.15160190544297,0 121.436522558671,1.15180477020002,0 121.435812041354,1.15213602232636,0 121.435169851154,1.15258559693636,0 121.434615500656,1.15313983398526,0 121.434165833518,1.15378189331649,0 121.433834512688,1.15449226633455,0 121.433631605252,1.15524936875752,0 121.433563276547,1.1560301964394,0 121.433631602816,1.15681102433601,0 121.43383450811,1.15756812737728,0 121.43416582735,1.15827850134262,0 121.434615493641,1.15892056183585,0 121.43516984414,1.15947480012134,0 121.435812035186,1.15992437589334,0 121.436522554092,1.16025562896696,0 121.437279812029,1.1604584943423,0 121.4380608,1.16052680802959,0
</coordinates></LinearRing></outerBoundaryIs></Polygon>
</Placemark>
<Placemark>
<name>Pasar Kampung Bugis</name>
<description>Buol - radius 500m</description>
<Polygon><outerBoundaryIs><LinearRing><coordinates>
121.4436133,1.14653770802959,0 121.444394284132,1.1464693943436,0 121.445151538347,1.146266528972,0 121.445862053764,1.14593527590411,0 121.446504241661,1.14548570013915,0 121.447058589444,1.14493146186114,0 121.447508253539,1.14428940137494,0 121.447839571166,1.14357902741533,0 121.448042475479,1.14282192437781,0 121.448110801428,1.1420410964825,0 121.448042473072,1.14126026879932,0 121.447839566643,1.1405031663726,0 121.447508247445,1.13979279334881,0 121.447058582515,1.13915073401055,0 121.446504234731,1.13859649695416,0 121.445862047671,1.13814692233714,0 121.445151533824,1.13781567020506,0 121.444394281725,1.13761280544427,0 121.4436133,1.13754449197041,0 121.442832318275,1.13761280544427,0 121.442075066176,1.13781567020506,0 121.441364552329,1.13814692233714,0 121.440722365269,1.13859649695416,0 121.440168017485,1.13915073401055,0 121.439718352555,1.13979279334881,0 121.439387033357,1.1405031663726,0 121.439184126928,1.14126026879932,0 121.439115798572,1.1420410964825,0 121.439184124521,1.14282192437781,0 121.439387028834,1.14357902741533,0 121.439718346461,1.14428940137494,0 121.440168010556,1.14493146186114,0 121.440722358339,1.14548570013915,0 121.441364546236,1.14593527590411,0 121.442075061653,1.146266528972,0 121.442832315868,1.1464693943436,0 121.4436133,1.14653770802959,0
</coordinates></LinearRing></outerBoundaryIs></Polygon>
</Placemark>
<Placemark>
<name>Pasar Lalundu 2</name>
<description>Donggala - radius 500m</description>
<Polygon><outerBoundaryIs><LinearRing><coordinates>
119.504106,-1.31774019197041,0 119.504887034365,-1.31780850542753,0 119.505644337522,-1.31801137014012,0 119.506354899308,-1.31834262219834,0 119.506997129744,-1.31879219672477,0 119.507551515027,-1.31934643368475,0 119.508001210441,-1.31998849293242,0 119.508332552176,-1.32069886588236,0 119.508535472497,-1.32145596826088,0 119.508603805665,-1.32223679592731,0 119.508535475284,-1.32301762383936,0 119.508332557413,-1.32377472692509,0 119.508001217497,-1.32448510095855,0 119.507551523051,-1.32512716153534,0 119.506997137768,-1.32568139990975,0 119.506354906364,-1.32613097576532,0 119.50564434276,-1.32646222890705,0 119.504887037152,-1.32666509432686,0 119.504106,-1.32673340802959,0 119.503324962848,-1.32666509432686,0 119.50256765724,-1.32646222890705,0 119.501857093636,-1.32613097576532,0 119.501214862232,-1.32568139990975,0 119.500660476949,-1.32512716153534,0 119.500210782503,-1.32448510095855,0 119.499879442587,-1.32377472692509,0 119.499676524716,-1.32301762383936,0 119.499608194335,-1.32223679592731,0 119.499676527503,-1.32145596826088,0 119.499879447824,-1.32069886588236,0 119.500210789559,-1.31998849293242,0 119.500660484973,-1.31934643368475,0 119.501214870256,-1.31879219672477,0 119.501857100692,-1.31834262219834,0 119.502567662478,-1.31801137014012,0 119.503324965635,-1.31780850542753,0 119.504106,-1.31774019197041,0
</coordinates></LinearRing></outerBoundaryIs></Polygon>
</Placemark>
<Placemark>
<name>Pasar Ogoamas</name>
<description>Donggala - radius 500m</description>
<Polygon><outerBoundaryIs><LinearRing><coordinates>
120.1243773,0.745107008029594,0 120.125158193808,0.745038694380886,0 120.125915360482,0.744835829116652,0 120.126625793834,0.744504576213261,0 120.12726790766,0.744055000650074,0 120.127822191632,0.743500762586803,0 120.128271804112,0.74285870230238,0 120.128603083876,0.742148328507269,0 120.128805965204,0.741391225577108,0 120.128874283711,0.740610397719087,0 120.128805963644,0.739829569998621,0 120.128603080944,0.739072467464537,0 120.128271800161,0.73836209427625,0 120.127822187139,0.737720034736207,0 120.127267903167,0.737165797465089,0 120.126625789883,0.736716222646282,0 120.12591535755,0.736384970349716,0 120.125158192248,0.736182105481558,0 120.1243773,0.736113791970406,0 120.123596407752,0.736182105481558,0 120.12283924245,0.736384970349716,0 120.122128810117,0.736716222646282,0 120.121486696833,0.737165797465089,0 120.120932412861,0.737720034736207,0 120.120482799839,0.73836209427625,0 120.120151519056,0.739072467464536,0 120.119948636356,0.739829569998621,0 120.119880316289,0.740610397719087,0 120.119948634796,0.741391225577108,0 120.120151516124,0.742148328507269,0 120.120482795888,0.74285870230238,0 120.120932408368,0.743500762586803,0 120.12148669234,0.744055000650074,0 120.122128806166,0.744504576213261,0 120.122839239518,0.744835829116652,0 120.123596406192,0.745038694380886,0 120.1243773,0.745107008029594,0
</coordinates></LinearRing></outerBoundaryIs></Polygon>
</Placemark>
<Placemark>
<name>Labuan Traditional Market</name>
<description>Donggala - radius 500m</description>
<Polygon><outerBoundaryIs><LinearRing><coordinates>
119.8215317,-0.668040091970406,0 119.822312580877,-0.668108405487881,0 119.823069735148,-0.668311270374243,0 119.823780157119,-0.6686425226987,0 119.824422261019,-0.66909209755172,0 119.824976536869,-0.669646334859248,0 119.825426143278,-0.670288394433504,0 119.82575741916,-0.670998767649682,0 119.825960298825,-0.67175587020197,0 119.826028617819,-0.672536697928759,0 119.825960300242,-0.673317525780458,0 119.825757421823,-0.674074628692414,0 119.825426146866,-0.674785002459634,0 119.824976540949,-0.675427062709844,0 119.824422265099,-0.675981300736706,0 119.823780160707,-0.676430876265679,0 119.823069737811,-0.676762129141179,0 119.822312582294,-0.676964994387208,0 119.8215317,-0.677033308029594,0 119.820750817706,-0.676964994387208,0 119.819993662189,-0.676762129141179,0 119.819283239293,-0.676430876265679,0 119.818641134901,-0.675981300736706,0 119.818086859051,-0.675427062709844,0 119.817637253134,-0.674785002459634,0 119.817305978177,-0.674074628692414,0 119.817103099758,-0.673317525780458,0 119.817034782181,-0.672536697928759,0 119.817103101175,-0.67175587020197,0 119.81730598084,-0.670998767649682,0 119.817637256722,-0.670288394433504,0 119.81808686313,-0.669646334859248,0 119.818641138981,-0.66909209755172,0 119.819283242881,-0.6686425226987,0 119.819993664852,-0.668311270374243,0 119.820750819122,-0.668108405487881,0 119.8215317,-0.668040091970406,0
</coordinates></LinearRing></outerBoundaryIs></Polygon>
</Placemark>
<Placemark>
<name>Pasar Towale</name>
<description>Donggala - radius 500m</description>
<Polygon><outerBoundaryIs><LinearRing><coordinates>
119.6794583,-0.723865391970406,0 119.680239190121,-0.723933705482696,0 119.680996353359,-0.724136570354129,0 119.681706783754,-0.724467822655714,0 119.682348895283,-0.724917397480676,0 119.682903177735,-0.725471634758346,0 119.68335278952,-0.726113694304545,0 119.683684069387,-0.72682406749785,0 119.68388695152,-0.72758117003521,0 119.683955271387,-0.728361997756813,0 119.683886953054,-0.729142825613697,0 119.683684072271,-0.729899928540582,0 119.683352793406,-0.730610302330675,0 119.682903182154,-0.731252362608942,0 119.682348899701,-0.731806600665662,0 119.68170678764,-0.732256176222692,0 119.680996356243,-0.732587429121065,0 119.680239191655,-0.732790294382023,0 119.6794583,-0.732858608029594,0 119.678677408345,-0.732790294382023,0 119.677920243757,-0.732587429121065,0 119.67720981236,-0.732256176222693,0 119.676567700299,-0.731806600665662,0 119.676013417846,-0.731252362608942,0 119.675563806594,-0.730610302330675,0 119.675232527729,-0.729899928540582,0 119.675029646946,-0.729142825613697,0 119.674961328613,-0.728361997756813,0 119.67502964848,-0.72758117003521,0 119.675232530613,-0.72682406749785,0 119.67556381048,-0.726113694304545,0 119.676013422265,-0.725471634758346,0 119.676567704717,-0.724917397480676,0 119.677209816246,-0.724467822655714,0 119.677920246641,-0.724136570354129,0 119.678677409879,-0.723933705482696,0 119.6794583,-0.723865391970406,0
</coordinates></LinearRing></outerBoundaryIs></Polygon>
</Placemark>
<Placemark>
<name>Pasar Tradisional Desa Siboang</name>
<description>Donggala - radius 500m</description>
<Polygon><outerBoundaryIs><LinearRing><coordinates>
120.0325481,0.501467408029594,0 120.033328957689,0.501399094403513,0 120.034086089364,0.501196229204433,0 120.034796489921,0.500864976400862,0 120.035438574169,0.500415400960123,0 120.035992832685,0.499861163027157,0 120.036442424605,0.499219102865182,0 120.036773689323,0.498508729169891,0 120.036976561559,0.497751626304883,0 120.037044877185,0.496970798469489,0 120.036976560512,0.496189970726395,0 120.036773687355,0.495432868127158,0 120.036442421954,0.494722494839051,0 120.03599282967,0.494080435176561,0 120.035438571154,0.493526197775137,0 120.03479648727,0.493076622833883,0 120.034086087396,0.492745370437496,0 120.033328956642,0.492542505504186,0 120.0325481,0.492474191970406,0 120.031767243358,0.492542505504186,0 120.031010112604,0.492745370437496,0 120.03029971273,0.493076622833883,0 120.029657628846,0.493526197775137,0 120.02910337033,0.494080435176561,0 120.028653778046,0.494722494839051,0 120.028322512645,0.495432868127158,0 120.028119639488,0.496189970726395,0 120.028051322815,0.496970798469489,0 120.028119638441,0.497751626304883,0 120.028322510677,0.498508729169891,0 120.028653775395,0.499219102865182,0 120.029103367315,0.499861163027157,0 120.029657625831,0.500415400960123,0 120.030299710079,0.500864976400862,0 120.031010110636,0.501196229204433,0 120.031767242311,0.501399094403513,0 120.0325481,0.501467408029594,0
</coordinates></LinearRing></outerBoundaryIs></Polygon>
</Placemark>
<Placemark>
<name>Pasar Induk Sindue Donggala</name>
<description>Donggala - radius 500m</description>
<Polygon><outerBoundaryIs><LinearRing><coordinates>
119.7933266,-0.598059591970406,0 119.794107470338,-0.59812790549438,0 119.794864614383,-0.598330770399456,0 119.795575026747,-0.598662022752585,0 119.796217121945,-0.599111597640776,0 119.796771390262,-0.599665834985731,0 119.797220990535,-0.600307894595158,0 119.797552261866,-0.601018267840007,0 119.797755138708,-0.60177537041101,0 119.7978234567,-0.602556198144298,0 119.797755139978,-0.603337025989498,0 119.797552264252,-0.60409412888274,0 119.797220993749,-0.604804502621288,0 119.796771393917,-0.605446562836327,0 119.796217125601,-0.606000800825761,0 119.795575029961,-0.606450376319564,0 119.794864616769,-0.606781629166392,0 119.794107471608,-0.606984494393707,0 119.7933266,-0.607052808029594,0 119.792545728392,-0.606984494393707,0 119.791788583231,-0.606781629166392,0 119.791078170039,-0.606450376319564,0 119.790436074399,-0.606000800825761,0 119.789881806083,-0.605446562836327,0 119.789432206251,-0.604804502621288,0 119.789100935748,-0.60409412888274,0 119.788898060022,-0.603337025989498,0 119.7888297433,-0.602556198144298,0 119.788898061292,-0.60177537041101,0 119.789100938134,-0.601018267840007,0 119.789432209465,-0.600307894595158,0 119.789881809738,-0.599665834985731,0 119.790436078055,-0.599111597640776,0 119.791078173253,-0.598662022752585,0 119.791788585617,-0.598330770399456,0 119.792545729662,-0.59812790549438,0 119.7933266,-0.598059591970406,0
</coordinates></LinearRing></outerBoundaryIs></Polygon>
</Placemark>
<Placemark>
<name>Pasar Rakyat Baraka</name>
<description>Enrekang - radius 500m</description>
<Polygon><outerBoundaryIs><LinearRing><coordinates>
119.8542262,-3.39919779197041,0 119.855008404009,-3.39926610523389,0 119.855766841469,-3.39946896938893,0 119.856478467926,-3.39980022059293,0 119.857121661184,-3.4002497940715,0 119.857676878252,-3.40080402991637,0 119.858127249142,-3.40144608811617,0 119.858459089449,-3.40215646021188,0 119.858662316162,-3.40291356203283,0 119.858730754055,-3.40369438950562,0 119.858662323353,-3.4044752176113,0 119.858459102964,-3.40523232125458,0 119.858127267351,-3.40594269614226,0 119.857676898959,-3.40658475776693,0 119.85712168189,-3.40713899725645,0 119.856478486135,-3.40758857415989,0 119.855766854984,-3.40791982815585,0 119.8550084112,-3.40812269413322,0 119.8542262,-3.40819100802959,0 119.8534439888,-3.40812269413322,0 119.852685545016,-3.40791982815585,0 119.851973913865,-3.40758857415989,0 119.85133071811,-3.40713899725645,0 119.850775501041,-3.40658475776693,0 119.850325132649,-3.40594269614226,0 119.849993297036,-3.40523232125458,0 119.849790076647,-3.4044752176113,0 119.849721645945,-3.40369438950562,0 119.849790083838,-3.40291356203283,0 119.849993310551,-3.40215646021188,0 119.850325150858,-3.40144608811617,0 119.850775521748,-3.40080402991637,0 119.851330738816,-3.4002497940715,0 119.851973932074,-3.39980022059293,0 119.852685558531,-3.39946896938893,0 119.853443995991,-3.39926610523389,0 119.8542262,-3.39919779197041,0
</coordinates></LinearRing></outerBoundaryIs></Polygon>
</Placemark>
<Placemark>
<name>Pasar Sudu Enrekang</name>
<description>Enrekang - radius 500m</description>
<Polygon><outerBoundaryIs><LinearRing><coordinates>
119.8252137,-3.31974129197041,0 119.825995840334,-3.3198096052413,0 119.826754216047,-3.32001246941765,0 119.827465784554,-3.32034372065431,0 119.828108925413,-3.32079329417295,0 119.828664097225,-3.32134753006045,0 119.829114431375,-3.32198958830032,0 119.829446244579,-3.3226999604287,0 119.829649454652,-3.32345706227097,0 119.829717886883,-3.32423788975116,0 119.829649461675,-3.32501871784944,0 119.829446257776,-3.3257758214714,0 119.829114449157,-3.32648619632642,0 119.828664117446,-3.32712825791102,0 119.828108945634,-3.32768249735791,0 119.827465802336,-3.32813207422127,0 119.826754229245,-3.32846332818458,0 119.825995847357,-3.32866619414062,0 119.8252137,-3.32873450802959,0 119.824431552643,-3.32866619414062,0 119.823673170755,-3.32846332818458,0 119.822961597664,-3.32813207422127,0 119.822318454366,-3.32768249735791,0 119.821763282554,-3.32712825791102,0 119.821312950843,-3.32648619632642,0 119.820981142224,-3.3257758214714,0 119.820777938325,-3.32501871784944,0 119.820709513117,-3.32423788975116,0 119.820777945348,-3.32345706227097,0 119.820981155421,-3.3226999604287,0 119.821312968625,-3.32198958830032,0 119.821763302775,-3.32134753006045,0 119.822318474587,-3.32079329417295,0 119.822961615446,-3.32034372065431,0 119.823673183953,-3.32001246941765,0 119.824431559666,-3.3198096052413,0 119.8252137,-3.31974129197041,0
</coordinates></LinearRing></outerBoundaryIs></Polygon>
</Placemark>
<Placemark>
<name>Pasar Sentral Enrekang</name>
<description>Enrekang - radius 500m</description>
<Polygon><outerBoundaryIs><LinearRing><coordinates>
119.7701667,-3.56144279197041,0 119.770949038733,-3.56151110521877,0 119.771707606839,-3.56171396933026,0 119.77241935591,-3.56204522046755,0 119.77306266003,-3.56249479386429,0 119.773617972849,-3.56304902962207,0 119.774068421468,-3.56369108774004,0 119.774400319115,-3.56440145976904,0 119.774603581027,-3.56515856154645,0 119.774672030895,-3.56593938900412,0 119.774603588563,-3.56672021712492,0 119.774400333279,-3.56747732081174,0 119.77406844055,-3.56818769576614,0 119.773617994549,-3.56882975747263,0 119.77306268173,-3.56938399704924,0 119.772419374992,-3.56983357403451,0 119.771707621003,-3.57016482809719,0 119.770949046269,-3.5703676941181,0 119.7701667,-3.57043600802959,0 119.769384353731,-3.5703676941181,0 119.768625778997,-3.57016482809719,0 119.767914025008,-3.56983357403451,0 119.76727071827,-3.56938399704924,0 119.766715405451,-3.56882975747263,0 119.76626495945,-3.56818769576614,0 119.765933066721,-3.56747732081174,0 119.765729811437,-3.56672021712492,0 119.765661369105,-3.56593938900412,0 119.765729818973,-3.56515856154645,0 119.765933080885,-3.56440145976904,0 119.766264978532,-3.56369108774004,0 119.766715427151,-3.56304902962207,0 119.76727073997,-3.56249479386429,0 119.76791404409,-3.56204522046755,0 119.768625793161,-3.56171396933026,0 119.769384361267,-3.56151110521877,0 119.7701667,-3.56144279197041,0
</coordinates></LinearRing></outerBoundaryIs></Polygon>
</Placemark>
<Placemark>
<name>Pasar Cakke</name>
<description>Enrekang - radius 500m</description>
<Polygon><outerBoundaryIs><LinearRing><coordinates>
119.8011245,-3.40475099197041,0 119.801906708516,-3.40481930523338,0 119.802665150346,-3.40502216938692,0 119.803376780905,-3.40535342058864,0 119.804019977872,-3.40580299406441,0 119.804575198143,-3.4063572299063,0 119.805025571633,-3.4069992881033,0 119.805357413858,-3.40770966019673,0 119.805560641749,-3.40846676201619,0 119.805629080043,-3.40924758948846,0 119.805560648952,-3.41002841759466,0 119.805357427395,-3.41078552123943,0 119.805025589872,-3.41149589612939,0 119.804575218883,-3.41213795775686,0 119.804019998612,-3.41269219724936,0 119.803376799144,-3.41314177415559,0 119.802665163883,-3.41347302815385,0 119.801906715719,-3.4136758941327,0 119.8011245,-3.41374420802959,0 119.800342284281,-3.4136758941327,0 119.799583836117,-3.41347302815385,0 119.798872200856,-3.41314177415559,0 119.798229001388,-3.41269219724936,0 119.797673781117,-3.41213795775686,0 119.797223410128,-3.41149589612939,0 119.796891572605,-3.41078552123943,0 119.796688351048,-3.41002841759466,0 119.796619919958,-3.40924758948846,0 119.796688358251,-3.40846676201619,0 119.796891586142,-3.40770966019673,0 119.797223428367,-3.4069992881033,0 119.797673801857,-3.4063572299063,0 119.798229022129,-3.40580299406441,0 119.798872219095,-3.40535342058864,0 119.799583849654,-3.40502216938692,0 119.800342291484,-3.40481930523338,0 119.8011245,-3.40475099197041,0
</coordinates></LinearRing></outerBoundaryIs></Polygon>
</Placemark>
<Placemark>
<name>Pasar Agro Bossok</name>
<description>Enrekang - radius 500m</description>
<Polygon><outerBoundaryIs><LinearRing><coordinates>
119.8155972,-3.32270349197041,0 119.816379342681,-3.32277180524102,0 119.817137720669,-3.32297466941658,0 119.817849291312,-3.32330592065202,0 119.818492434103,-3.32375549416917,0 119.819047607582,-3.32430973005508,0 119.819497943086,-3.32495178829346,0 119.819829757289,-3.32566216042061,0 119.820032967976,-3.32641926226209,0 119.820101400415,-3.32720008974201,0 119.820032975004,-3.32798091784056,0 119.819829770498,-3.32873802146332,0 119.819497960884,-3.32944839631955,0 119.819047627821,-3.33009045790564,0 119.818492454341,-3.33064469735412,0 119.81784930911,-3.33109427421898,0 119.817137733879,-3.3314255281835,0 119.81637934971,-3.33162839414034,0 119.8155972,-3.33169670802959,0 119.81481505029,-3.33162839414034,0 119.814056666121,-3.3314255281835,0 119.81334509089,-3.33109427421898,0 119.812701945659,-3.33064469735412,0 119.812146772179,-3.33009045790564,0 119.811696439116,-3.32944839631955,0 119.811364629502,-3.32873802146332,0 119.811161424996,-3.32798091784056,0 119.811092999585,-3.32720008974201,0 119.811161432024,-3.32641926226209,0 119.811364642711,-3.32566216042061,0 119.811696456914,-3.32495178829346,0 119.812146792418,-3.32430973005508,0 119.812701965897,-3.32375549416917,0 119.813345108688,-3.32330592065202,0 119.814056679331,-3.32297466941658,0 119.814815057319,-3.32277180524102,0 119.8155972,-3.32270349197041,0
</coordinates></LinearRing></outerBoundaryIs></Polygon>
</Placemark>
<Placemark>
<name>Pasar Manisa Sidrap</name>
<description>Enrekang - radius 500m</description>
<Polygon><outerBoundaryIs><LinearRing><coordinates>
119.7868687,-3.85756749197041,0 119.787651300931,-3.85763580519116,0 119.788410123297,-3.85783866922314,0 119.789122110988,-3.85816992023861,0 119.789765630859,-3.85861949348591,0 119.790321130012,-3.85917372908467,0 119.790771729887,-3.8598157870532,0 119.791103739106,-3.86052615896038,0 119.791307069498,-3.86128326065828,0 119.791375542648,-3.86206408808833,0 119.791307077665,-3.86284491623674,0 119.791103754454,-3.86360202000308,0 119.790771750565,-3.86431239507929,0 119.790321153527,-3.86495445693522,0 119.789765654374,-3.86550869667086,0 119.789122131667,-3.86595827380556,0 119.788410138645,-3.86628952799006,0 119.787651309098,-3.86649239409048,0 119.7868687,-3.86656070802959,0 119.786086090902,-3.86649239409048,0 119.785327261355,-3.86628952799006,0 119.784615268333,-3.86595827380556,0 119.783971745626,-3.86550869667086,0 119.783416246473,-3.86495445693522,0 119.782965649435,-3.86431239507929,0 119.782633645546,-3.86360202000308,0 119.782430322335,-3.86284491623674,0 119.782361857352,-3.86206408808833,0 119.782430330502,-3.86128326065828,0 119.782633660894,-3.86052615896038,0 119.782965670113,-3.8598157870532,0 119.783416269988,-3.85917372908467,0 119.783971769141,-3.85861949348591,0 119.784615289012,-3.85816992023861,0 119.785327276703,-3.85783866922314,0 119.786086099069,-3.85763580519116,0 119.7868687,-3.85756749197041,0
</coordinates></LinearRing></outerBoundaryIs></Polygon>
</Placemark>
<Placemark>
<name>Pasar Tradisional Rantelemo</name>
<description>Enrekang - radius 500m</description>
<Polygon><outerBoundaryIs><LinearRing><coordinates>
119.8707892,-3.02829119197041,0 119.871571119734,-3.02835950526845,0 119.872329281521,-3.02856236952297,0 119.873040649253,-3.02889362087939,0 119.87368360857,-3.02934319454494,0 119.874238623578,-3.02989743058878,0 119.874688830428,-3.03053948897556,0 119.875020549712,-3.0312498612237,0 119.87522370212,-3.03200696314414,0 119.875292114714,-3.03278779065148,0 119.875223708524,-3.03356861872261,0 119.875020561747,-3.03432572226641,0 119.874688846643,-3.03503609700166,0 119.874238642017,-3.03567815843935,0 119.873683627009,-3.0362323977299,0 119.873040665468,-3.03668197444635,0 119.872329293556,-3.0370132282899,0 119.871571126138,-3.03721609416777,0 119.8707892,-3.03728440802959,0 119.870007273862,-3.03721609416777,0 119.869249106444,-3.0370132282899,0 119.868537734532,-3.03668197444635,0 119.867894772991,-3.0362323977299,0 119.867339757983,-3.03567815843935,0 119.866889553357,-3.03503609700166,0 119.866557838253,-3.03432572226641,0 119.866354691476,-3.03356861872261,0 119.866286285286,-3.03278779065148,0 119.86635469788,-3.03200696314414,0 119.866557850288,-3.0312498612237,0 119.866889569572,-3.03053948897556,0 119.867339776422,-3.02989743058878,0 119.86789479143,-3.02934319454494,0 119.868537750747,-3.02889362087939,0 119.869249118479,-3.02856236952297,0 119.870007280266,-3.02835950526845,0 119.8707892,-3.02829119197041,0
</coordinates></LinearRing></outerBoundaryIs></Polygon>
</Placemark>
<Placemark>
<name>Pasar Modern Limboto Kayubulan</name>
<description>Gorontalo - radius 500m</description>
<Polygon><outerBoundaryIs><LinearRing><coordinates>
122.9801671,0.628821408029594,0 122.980947974807,0.628753094391686,0 122.981705123069,0.628550229158549,0 122.982415539165,0.628218976302802,0 122.983057637425,0.627769400798059,0 122.983611907997,0.627215162796983,0 122.984061509649,0.626573102571004,0 122.984392781485,0.625862728823536,0 122.984595658016,0.625105625924473,0 122.984663974993,0.624324798077251,0 122.9845956567,0.623543970345985,0 122.984392779013,0.622786867780803,0 122.984061506319,0.622076494544873,0 122.983611904209,0.621434434946387,0 122.983057633638,0.620880197613074,0 122.982415535835,0.620430622735823,0 122.981705120597,0.620099370391613,0 122.980947973492,0.619896505492358,0 122.9801671,0.619828191970406,0 122.979386226508,0.619896505492358,0 122.978629079403,0.620099370391613,0 122.977918664165,0.620430622735823,0 122.977276566362,0.620880197613074,0 122.976722295791,0.621434434946387,0 122.976272693681,0.622076494544873,0 122.975941420987,0.622786867780803,0 122.975738543299,0.623543970345985,0 122.975670225007,0.624324798077251,0 122.975738541984,0.625105625924473,0 122.975941418515,0.625862728823536,0 122.976272690351,0.626573102571004,0 122.976722292003,0.627215162796983,0 122.977276562575,0.627769400798059,0 122.977918660835,0.628218976302802,0 122.978629076931,0.628550229158549,0 122.979386225193,0.628753094391686,0 122.9801671,0.628821408029594,0
</coordinates></LinearRing></outerBoundaryIs></Polygon>
</Placemark>
<Placemark>
<name>Pasar Minggu Gorontalo</name>
<description>Gorontalo - radius 500m</description>
<Polygon><outerBoundaryIs><LinearRing><coordinates>
123.0473506,0.586499008029593,0 123.04813146869,0.586430694395615,0 123.048888611025,0.586227829173797,0 123.049599021568,0.585896576335389,0 123.050241114819,0.585447000851916,0 123.05079538108,0.584892762873475,0 123.051244979252,0.584250702668766,0 123.051576248541,0.583540328938638,0 123.051779123533,0.582783226050892,0 123.051847440024,0.582002398207601,0 123.051779122307,0.581221570472404,0 123.051576246236,0.580464467895905,0 123.051244976147,0.579754094642635,0 123.05079537755,0.579112035022878,0 123.050241111289,0.57855779766693,0 123.049599018463,0.57810822276841,0 123.04888860872,0.57777697040686,0 123.048131467464,0.577574105496288,0 123.0473506,0.577505791970405,0 123.046569732536,0.577574105496288,0 123.04581259128,0.57777697040686,0 123.045102181537,0.57810822276841,0 123.044460088711,0.57855779766693,0 123.04390582245,0.579112035022878,0 123.043456223853,0.579754094642635,0 123.043124953764,0.580464467895905,0 123.042922077693,0.581221570472404,0 123.042853759976,0.582002398207601,0 123.042922076467,0.582783226050892,0 123.043124951459,0.583540328938638,0 123.043456220748,0.584250702668766,0 123.04390581892,0.584892762873475,0 123.044460085181,0.585447000851916,0 123.045102178432,0.585896576335389,0 123.045812588975,0.586227829173797,0 123.04656973131,0.586430694395615,0 123.0473506,0.586499008029593,0
</coordinates></LinearRing></outerBoundaryIs></Polygon>
</Placemark>
<Placemark>
<name>Pasar Minguan Isimu Datahu Gorontalo</name>
<description>Gorontalo - radius 500m</description>
<Polygon><outerBoundaryIs><LinearRing><coordinates>
122.8504411,0.658647408029593,0 122.851221979374,0.658579094388915,0 122.851979132061,0.658376229147802,0 122.852689552304,0.658044976279835,0 122.853331654304,0.657595400760102,0 122.853885928095,0.657041162743074,0 122.854335532348,0.656399102502105,0 122.854666806087,0.655688728742418,0 122.854869683769,0.654931625835378,0 122.854938001112,0.654150797985386,0 122.85486968239,0.653369970256891,0 122.854666803497,0.652612867699685,0 122.854335528858,0.651902494475974,0 122.853885924127,0.651260434892478,0 122.853331650336,0.650706197575117,0 122.852689548814,0.650256622712856,0 122.85197912947,0.649925370380866,0 122.851221977996,0.649722505489587,0 122.8504411,0.649654191970405,0 122.849660222004,0.649722505489587,0 122.84890307053,0.649925370380866,0 122.848192651186,0.650256622712856,0 122.847550549664,0.650706197575117,0 122.846996275873,0.651260434892478,0 122.846546671142,0.651902494475974,0 122.846215396503,0.652612867699685,0 122.84601251761,0.653369970256891,0 122.845944198888,0.654150797985386,0 122.846012516231,0.654931625835378,0 122.846215393913,0.655688728742418,0 122.846546667652,0.656399102502105,0 122.846996271905,0.657041162743074,0 122.847550545696,0.657595400760102,0 122.848192647696,0.658044976279835,0 122.848903067939,0.658376229147802,0 122.849660220626,0.658579094388915,0 122.8504411,0.658647408029593,0
</coordinates></LinearRing></outerBoundaryIs></Polygon>
</Placemark>
<Placemark>
<name>Pasar Pilohayanga</name>
<description>Gorontalo - radius 500m</description>
<Polygon><outerBoundaryIs><LinearRing><coordinates>
123.0621616,0.610074508029594,0 123.062942472045,0.610006194393427,0 123.06369961763,0.609803329165304,0 123.064410031219,0.609472076317237,0 123.065052127217,0.609022500821916,0 123.065606395842,0.608468262830866,0 123.066055995922,0.607826202614308,0 123.066387266608,0.607115828874522,0 123.066590142443,0.606358725980471,0 123.066658459201,0.605577898134991,0 123.066590141168,0.604797070401984,0 123.06638726421,0.604039967831789,0 123.066055992692,0.603329594588178,0 123.065606392168,0.60268753498027,0 123.065052123544,0.60213329763693,0 123.064410027989,0.601683722750258,0 123.063699615232,0.601352470398367,0 123.062942470769,0.601149605494099,0 123.0621616,0.601081291970406,0 123.061380729231,0.601149605494099,0 123.060623584768,0.601352470398367,0 123.059913172011,0.601683722750258,0 123.059271076456,0.60213329763693,0 123.058716807832,0.60268753498027,0 123.058267207308,0.603329594588178,0 123.05793593579,0.604039967831789,0 123.057733058832,0.604797070401984,0 123.057664740799,0.605577898134991,0 123.057733057557,0.606358725980471,0 123.057935933392,0.607115828874522,0 123.058267204078,0.607826202614308,0 123.058716804158,0.608468262830866,0 123.059271072783,0.609022500821916,0 123.059913168781,0.609472076317237,0 123.06062358237,0.609803329165304,0 123.061380727955,0.610006194393427,0 123.0621616,0.610074508029594,0
</coordinates></LinearRing></outerBoundaryIs></Polygon>
</Placemark>
<Placemark>
<name>Pasar Rakyat Online Gorontalo</name>
<description>Gorontalo - radius 500m</description>
<Polygon><outerBoundaryIs><LinearRing><coordinates>
123.0343614,0.582543908029593,0 123.03514226814,0.582475594395983,0 123.035899409942,0.582272729175222,0 123.036609819986,0.581941476338434,0 123.037251912787,0.581491900856949,0 123.037806178661,0.580937662880623,0 123.03825577652,0.580295602677902,0 123.03858704558,0.579585228949394,0 123.038789920434,0.578828126062706,0 123.038858236882,0.578047298219782,0 123.038789919217,0.577266470484218,0 123.038587043291,0.576509367906662,0 123.038255773436,0.575798994651771,0 123.037806175155,0.575156935030027,0 123.037251909281,0.574602697671963,0 123.036609816903,0.574153122771455,0 123.035899407653,0.573821870408285,0 123.035142266922,0.573619005496655,0 123.0343614,0.573550691970405,0 123.033580533078,0.573619005496655,0 123.032823392347,0.573821870408285,0 123.032112983097,0.574153122771455,0 123.031470890719,0.574602697671963,0 123.030916624846,0.575156935030027,0 123.030467026564,0.575798994651771,0 123.030135756709,0.576509367906661,0 123.029932880783,0.577266470484218,0 123.029864563118,0.578047298219782,0 123.029932879566,0.578828126062706,0 123.03013575442,0.579585228949394,0 123.03046702348,0.580295602677902,0 123.030916621339,0.580937662880623,0 123.031470887213,0.581491900856949,0 123.032112980014,0.581941476338434,0 123.032823390058,0.582272729175221,0 123.03358053186,0.582475594395983,0 123.0343614,0.582543908029593,0
</coordinates></LinearRing></outerBoundaryIs></Polygon>
</Placemark>
<Placemark>
<name>Pasar Sentral Talaga Gorontalo</name>
<description>Gorontalo - radius 500m</description>
<Polygon><outerBoundaryIs><LinearRing><coordinates>
123.0464827,0.583389908029593,0 123.047263568258,0.583321594395904,0 123.048020710173,0.583118729174917,0 123.048731120324,0.582787476337783,0 123.049373213221,0.582337900855873,0 123.049927479177,0.581783662879094,0 123.050377077103,0.581141602675947,0 123.050708346212,0.580431228947094,0 123.050911221095,0.579674126060179,0 123.050979537552,0.578893298217177,0 123.050911219876,0.578112470481691,0 123.05070834392,0.577355367904361,0 123.050377074015,0.576644994649817,0 123.049927475665,0.576002935028498,0 123.049373209709,0.575448697670887,0 123.048731117235,0.574999122770804,0 123.048020707881,0.57466787040798,0 123.047263567038,0.574465005496577,0 123.0464827,0.574396691970405,0 123.045701832962,0.574465005496577,0 123.044944692119,0.57466787040798,0 123.044234282765,0.574999122770804,0 123.043592190291,0.575448697670887,0 123.043037924335,0.576002935028498,0 123.042588325985,0.576644994649817,0 123.04225705608,0.577355367904361,0 123.042054180124,0.578112470481691,0 123.041985862448,0.578893298217177,0 123.042054178905,0.579674126060179,0 123.042257053788,0.580431228947094,0 123.042588322897,0.581141602675947,0 123.043037920823,0.581783662879094,0 123.043592186779,0.582337900855873,0 123.044234279676,0.582787476337783,0 123.044944689827,0.583118729174917,0 123.045701831742,0.583321594395904,0 123.0464827,0.583389908029593,0
</coordinates></LinearRing></outerBoundaryIs></Polygon>
</Placemark>
<Placemark>
<name>Pasar Tradisional Palinamu Gorontalo</name>
<description>Gorontalo - radius 500m</description>
<Polygon><outerBoundaryIs><LinearRing><coordinates>
123.0345221,0.605470408029594,0 123.035302971379,0.605402094393854,0 123.03606011632,0.605199229166962,0 123.036770529304,0.604867976320782,0 123.037412624757,0.604418400827775,0 123.037966892913,0.603864162839187,0 123.038416492615,0.603222102624944,0 123.038747763023,0.602511728887044,0 123.038950638692,0.601754625994224,0 123.039018955396,0.600973798149171,0 123.038950637425,0.600192970415737,0 123.038747760644,0.599435867844311,0 123.038416489409,0.598725494598813,0 123.037966889268,0.598083434988591,0 123.037412621112,0.597529197642789,0 123.036770526098,0.597079622753803,0 123.03606011394,0.596748370400026,0 123.035302970113,0.596545505494527,0 123.0345221,0.596477191970406,0 123.033741229887,0.596545505494527,0 123.03298408606,0.596748370400026,0 123.032273673901,0.597079622753803,0 123.031631578888,0.597529197642789,0 123.031077310732,0.598083434988591,0 123.030627710591,0.598725494598813,0 123.030296439356,0.59943586784431,0 123.030093562575,0.600192970415737,0 123.030025244604,0.600973798149171,0 123.030093561308,0.601754625994224,0 123.030296436977,0.602511728887043,0 123.030627707385,0.603222102624944,0 123.031077307087,0.603864162839187,0 123.031631575243,0.604418400827775,0 123.032273670696,0.604867976320782,0 123.03298408368,0.605199229166962,0 123.033741228621,0.605402094393854,0 123.0345221,0.605470408029594,0
</coordinates></LinearRing></outerBoundaryIs></Polygon>
</Placemark>
<Placemark>
<name>Pasar Tamaila Gorontalo</name>
<description>Gorontalo - radius 500m</description>
<Polygon><outerBoundaryIs><LinearRing><coordinates>
122.5461458,0.745681908029593,0 122.54692669391,0.745613594380831,0 122.547683860683,0.745410729116444,0 122.548394294128,0.745079476212817,0 122.549036408037,0.744629900649342,0 122.549590692081,0.744075662585763,0 122.550040304618,0.743433602301051,0 122.550371584426,0.742723228505704,0 122.550574465779,0.74196612557539,0 122.550642784294,0.741185297717315,0 122.550574464218,0.740404469996903,0 122.550371581491,0.739647367462972,0 122.550040300664,0.738936994274921,0 122.549590687584,0.738294934735167,0 122.549036403541,0.737740697464356,0 122.548394290174,0.737291122645839,0 122.547683857748,0.736959870349508,0 122.546926692348,0.736757005481504,0 122.5461458,0.736688691970405,0 122.545364907651,0.736757005481504,0 122.544607742252,0.736959870349508,0 122.543897309826,0.737291122645839,0 122.543255196459,0.737740697464356,0 122.542700912416,0.738294934735167,0 122.542251299336,0.738936994274921,0 122.541920018509,0.739647367462972,0 122.541717135782,0.740404469996902,0 122.541648815706,0.741185297717315,0 122.541717134221,0.74196612557539,0 122.541920015574,0.742723228505704,0 122.542251295382,0.743433602301051,0 122.542700907919,0.744075662585763,0 122.543255191963,0.744629900649342,0 122.543897305872,0.745079476212817,0 122.544607739317,0.745410729116444,0 122.54536490609,0.745613594380831,0 122.5461458,0.745681908029593,0
</coordinates></LinearRing></outerBoundaryIs></Polygon>
</Placemark>
<Placemark>
<name>Pasar Tradisional Sukamakmur</name>
<description>Gorontalo - radius 500m</description>
<Polygon><outerBoundaryIs><LinearRing><coordinates>
122.5544814,0.706326308029594,0 122.555262287114,0.706257994384488,0 122.556019447301,0.706055129130625,0 122.556729874573,0.705723876243123,0 122.557371982914,0.705274300699428,0 122.557926262163,0.704720062656898,0 122.558375870825,0.704078002391966,0 122.558707147794,0.703367628612744,0 122.558910027429,0.702610525692955,0 122.558978345395,0.701829697838535,0 122.558910025951,0.701048870114467,0 122.558707145015,0.700291767570012,0 122.558375867081,0.699581394365836,0 122.557926257905,0.698939334806302,0 122.557371978656,0.698385097514442,0 122.556729870829,0.697935522676144,0 122.556019444522,0.697604270363689,0 122.555262285635,0.69740140548516,0 122.5544814,0.697333091970406,0 122.553700514365,0.69740140548516,0 122.552943355478,0.697604270363689,0 122.552232929171,0.697935522676144,0 122.551590821344,0.698385097514442,0 122.551036542095,0.698939334806302,0 122.550586932919,0.699581394365836,0 122.550255654985,0.700291767570012,0 122.550052774049,0.701048870114467,0 122.549984454605,0.701829697838535,0 122.550052772571,0.702610525692955,0 122.550255652206,0.703367628612744,0 122.550586929175,0.704078002391966,0 122.551036537838,0.704720062656898,0 122.551590817086,0.705274300699428,0 122.552232925427,0.705723876243123,0 122.552943352699,0.706055129130625,0 122.553700512886,0.706257994384488,0 122.5544814,0.706326308029594,0
</coordinates></LinearRing></outerBoundaryIs></Polygon>
</Placemark>
<Placemark>
<name>Pasar Andalas</name>
<description>Gorontalo - radius 500m</description>
<Polygon><outerBoundaryIs><LinearRing><coordinates>
123.058083,0.577639608029594,0 123.058863867464,0.577571294396439,0 123.05962100861,0.577368429176989,0 123.06033141804,0.577037176342212,0 123.060973510287,0.576587600863191,0 123.061527775684,0.576033362889488,0 123.061977373158,0.575391302689231,0 123.062308641937,0.574680928962733,0 123.062511516621,0.573923826077356,0 123.062579833015,0.573142998234888,0 123.062511515413,0.572362170498869,0 123.062308639667,0.57160506792,0 123.061977370101,0.570894694663101,0 123.061527772207,0.570252635038891,0 123.06097350681,0.569698397678205,0 123.060331414982,0.569248822775232,0 123.05962100634,0.568917570410053,0 123.058863866256,0.568714705497112,0 123.058083,0.568646391970406,0 123.057302133744,0.568714705497112,0 123.05654499366,0.568917570410053,0 123.055834585018,0.569248822775232,0 123.05519249319,0.569698397678205,0 123.054638227793,0.570252635038891,0 123.054188629899,0.5708946946631,0 123.053857360333,0.57160506792,0 123.053654484587,0.572362170498869,0 123.053586166985,0.573142998234888,0 123.053654483379,0.573923826077356,0 123.053857358063,0.574680928962733,0 123.054188626842,0.575391302689231,0 123.054638224316,0.576033362889488,0 123.055192489713,0.576587600863191,0 123.05583458196,0.577037176342212,0 123.05654499139,0.577368429176989,0 123.057302132536,0.577571294396439,0 123.058083,0.577639608029594,0
</coordinates></LinearRing></outerBoundaryIs></Polygon>
</Placemark>
<Placemark>
<name>Pasar Barakati Gorontalo</name>
<description>Gorontalo - radius 500m</description>
<Polygon><outerBoundaryIs><LinearRing><coordinates>
122.9819741,0.558433708029594,0 122.982754964869,0.558365394398223,0 122.983512103501,0.558162529183909,0 122.984222510575,0.557831276356999,0 122.984864600698,0.557381700887631,0 122.985418864268,0.5568274629242,0 122.985868460267,0.556185402733595,0 122.986199727966,0.555475029014966,0 122.986402602,0.554717926134725,0 122.986470918188,0.55393709829404,0 122.986402600833,0.553156270556237,0 122.986199725773,0.552399167972233,0 122.985868457312,0.551688794707465,0 122.985418860908,0.551046735073603,0 122.984864597338,0.550492497702645,0 122.98422250762,0.55004292279002,0 122.983512101307,0.549711670416972,0 122.982754963702,0.549508805498895,0 122.9819741,0.549440491970406,0 122.981193236298,0.549508805498895,0 122.980436098693,0.549711670416972,0 122.97972569238,0.55004292279002,0 122.979083602662,0.550492497702645,0 122.978529339092,0.551046735073603,0 122.978079742688,0.551688794707465,0 122.977748474227,0.552399167972233,0 122.977545599167,0.553156270556237,0 122.977477281812,0.55393709829404,0 122.977545598,0.554717926134725,0 122.977748472034,0.555475029014966,0 122.978079739733,0.556185402733595,0 122.978529335732,0.5568274629242,0 122.979083599302,0.557381700887631,0 122.979725689425,0.557831276356999,0 122.980436096499,0.558162529183909,0 122.981193235131,0.558365394398223,0 122.9819741,0.558433708029594,0
</coordinates></LinearRing></outerBoundaryIs></Polygon>
</Placemark>
<Placemark>
<name>Pasar Sentral Kota Gorontalo</name>
<description>Gorontalo - radius 500m</description>
<Polygon><outerBoundaryIs><LinearRing><coordinates>
123.0597988,0.550227608029594,0 123.060579663787,0.550159294398985,0 123.061336801371,0.549956429186865,0 123.062047207463,0.549625176363318,0 123.0626892967,0.549175600898074,0 123.063243559508,0.548621362939031,0 123.063693154892,0.547979302752551,0 123.064024422142,0.547268929037284,0 123.064227295904,0.546511826159237,0 123.064295612008,0.545730998319314,0 123.064227294754,0.544950170580749,0 123.064024419981,0.54419306799455,0 123.063693151981,0.54348269472642,0 123.063243556198,0.542840635088435,0 123.06268929339,0.542286397713088,0 123.062047204552,0.541836822796339,0 123.06133679921,0.541505570419929,0 123.060579662637,0.541302705499657,0 123.0597988,0.541234391970406,0 123.059017937363,0.541302705499657,0 123.05826080079,0.541505570419929,0 123.057550395448,0.541836822796339,0 123.05690830661,0.542286397713088,0 123.056354043802,0.542840635088435,0 123.055904448019,0.54348269472642,0 123.055573180019,0.54419306799455,0 123.055370305246,0.544950170580749,0 123.055301987992,0.545730998319314,0 123.055370304096,0.546511826159237,0 123.055573177858,0.547268929037283,0 123.055904445108,0.547979302752551,0 123.056354040492,0.548621362939031,0 123.0569083033,0.549175600898074,0 123.057550392537,0.549625176363318,0 123.058260798629,0.549956429186865,0 123.059017936213,0.550159294398985,0 123.0597988,0.550227608029594,0
</coordinates></LinearRing></outerBoundaryIs></Polygon>
</Placemark>
<Placemark>
<name>Pasar Moluo Kwandang</name>
<description>Gorontalo Utara - radius 500m</description>
<Polygon><outerBoundaryIs><LinearRing><coordinates>
122.9179546,0.840677108029594,0 122.918735511833,0.840608794372009,0 122.919492695976,0.840405929082217,0 122.920203145701,0.840074676139667,0 122.9208452743,0.839625100528446,0 122.921399570995,0.839070862414057,0 122.92184919376,0.838428802081599,0 122.922180481063,0.83771842824733,0 122.922383366959,0.836961325291611,0 122.922451686934,0.836180497424713,0 122.922383365197,0.835399669713124,0 122.922180477752,0.834642567204598,0 122.921849189299,0.83393219405547,0 122.921399565922,0.833290134563462,0 122.920845269228,0.832735897343461,0 122.92020314124,0.832286322572689,0 122.919492692665,0.831955070315281,0 122.918735510072,0.831752205472682,0 122.9179546,0.831683891970406,0 122.917173689929,0.831752205472682,0 122.916416507335,0.831955070315281,0 122.91570605876,0.832286322572689,0 122.915063930772,0.832735897343461,0 122.914509634078,0.833290134563462,0 122.914060010701,0.83393219405547,0 122.913728722248,0.834642567204598,0 122.913525834803,0.835399669713124,0 122.913457513067,0.836180497424713,0 122.913525833041,0.836961325291611,0 122.913728718937,0.83771842824733,0 122.91406000624,0.838428802081599,0 122.914509629005,0.839070862414057,0 122.9150639257,0.839625100528446,0 122.915706054299,0.840074676139667,0 122.916416504024,0.840405929082217,0 122.917173688167,0.840608794372009,0 122.9179546,0.840677108029594,0
</coordinates></LinearRing></outerBoundaryIs></Polygon>
</Placemark>
<Placemark>
<name>Pasar Tradisional Desa Leboto</name>
<description>Gorontalo Utara - radius 500m</description>
<Polygon><outerBoundaryIs><LinearRing><coordinates>
122.8929135,0.810410108029594,0 122.89369440589,0.81034179437482,0 122.894451584272,0.810138929093122,0 122.895162028598,0.809807676162975,0 122.895804152325,0.809358100566966,0 122.896358444823,0.808803862468766,0 122.896808064195,0.808161802151522,0 122.897139349011,0.807451428329654,0 122.8973422334,0.806694325382029,0 122.897410552889,0.805913497517942,0 122.897342231702,0.805132669803542,0 122.89713934582,0.804375567286922,0 122.896808059896,0.803665194125392,0 122.896358439934,0.803023134618171,0 122.895804147436,0.802468897381981,0 122.895162024298,0.802019322595996,0 122.894451581081,0.801688070326186,0 122.893694404192,0.801485205475493,0 122.8929135,0.801416891970406,0 122.892132595808,0.801485205475493,0 122.891375418919,0.801688070326186,0 122.890664975702,0.802019322595996,0 122.890022852564,0.802468897381981,0 122.889468560066,0.803023134618171,0 122.889018940104,0.803665194125392,0 122.88868765418,0.804375567286922,0 122.888484768298,0.805132669803542,0 122.888416447111,0.805913497517942,0 122.8884847666,0.806694325382029,0 122.888687650989,0.807451428329654,0 122.889018935805,0.808161802151521,0 122.889468555177,0.808803862468766,0 122.890022847675,0.809358100566966,0 122.890664971402,0.809807676162975,0 122.891375415728,0.810138929093122,0 122.89213259411,0.81034179437482,0 122.8929135,0.810410108029594,0
</coordinates></LinearRing></outerBoundaryIs></Polygon>
</Placemark>
<Placemark>
<name>Pasar Modern Minasa Maupa</name>
<description>Gowa - radius 500m</description>
<Polygon><outerBoundaryIs><LinearRing><coordinates>
119.4560935,-5.20758669197041,0 119.456877564186,-5.207655005065,0 119.457637805477,-5.20785786873372,0 119.458351124765,-5.20818911919264,0 119.458995848528,-5.20863869175724,0 119.459552387336,-5.20919292662948,0 119.460003831039,-5.2098349839153,0 119.460336462575,-5.21054535526592,0 119.460540174777,-5.21130245660054,0 119.460608777516,-5.21208328390443,0 119.460540185833,-5.21286411217899,0 119.460336483353,-5.21362121630858,0 119.460003859033,-5.21433159194134,0 119.45955241917,-5.21497365447999,0 119.458995880362,-5.21552789494215,0 119.458351152759,-5.21597747275957,0 119.457637826255,-5.21630872750063,0 119.456877575242,-5.21651159396432,0 119.4560935,-5.21657990802959,0 119.455309424758,-5.21651159396432,0 119.454549173745,-5.21630872750063,0 119.453835847241,-5.21597747275957,0 119.453191119638,-5.21552789494215,0 119.45263458083,-5.21497365447999,0 119.452183140967,-5.21433159194134,0 119.451850516647,-5.21362121630858,0 119.451646814167,-5.21286411217899,0 119.451578222484,-5.21208328390443,0 119.451646825223,-5.21130245660054,0 119.451850537425,-5.21054535526592,0 119.452183168961,-5.2098349839153,0 119.452634612663,-5.20919292662948,0 119.453191151472,-5.20863869175724,0 119.453835875235,-5.20818911919264,0 119.454549194523,-5.20785786873372,0 119.455309435814,-5.207655005065,0 119.4560935,-5.20758669197041,0
</coordinates></LinearRing></outerBoundaryIs></Polygon>
</Placemark>
<Placemark>
<name>Pasar Bu'rung Bu'rung Pattallassang</name>
<description>Gowa - radius 500m</description>
<Polygon><outerBoundaryIs><LinearRing><coordinates>
119.5565419,-5.20870659197041,0 119.557325965583,-5.20877490506489,0 119.558086208229,-5.20897776873331,0 119.558799528787,-5.20930901919177,0 119.5594442537,-5.2097585917558,0 119.560000793501,-5.21031282662744,0 119.560452238009,-5.21095488391269,0 119.560784870138,-5.21166525526285,0 119.560988582705,-5.21242235659717,0 119.561057185568,-5.21320318390095,0 119.560988593763,-5.21398401217562,0 119.560784890921,-5.21474111630551,0 119.560452266009,-5.21545149193874,0 119.560000825342,-5.21609355447795,0 119.559444285541,-5.21664779494072,0 119.558799556787,-5.2170973727587,0 119.558086229011,-5.21742862750023,0 119.557325976641,-5.21763149396422,0 119.5565419,-5.21769980802959,0 119.555757823359,-5.21763149396422,0 119.554997570989,-5.21742862750023,0 119.554284243213,-5.2170973727587,0 119.553639514459,-5.21664779494072,0 119.553082974658,-5.21609355447795,0 119.552631533991,-5.21545149193874,0 119.552298909079,-5.21474111630551,0 119.552095206237,-5.21398401217562,0 119.552026614432,-5.21320318390095,0 119.552095217295,-5.21242235659717,0 119.552298929862,-5.21166525526285,0 119.552631561991,-5.21095488391269,0 119.553083006499,-5.21031282662744,0 119.5536395463,-5.2097585917558,0 119.554284271213,-5.20930901919177,0 119.554997591771,-5.20897776873331,0 119.555757834417,-5.20877490506489,0 119.5565419,-5.20870659197041,0
</coordinates></LinearRing></outerBoundaryIs></Polygon>
</Placemark>
<Placemark>
<name>Pasar Panciro Gowa</name>
<description>Gowa - radius 500m</description>
<Polygon><outerBoundaryIs><LinearRing><coordinates>
119.4319148,-5.23459659197041,0 119.432698897962,-5.23466490506247,0 119.433459172006,-5.23486776872391,0 119.434172522029,-5.23519901917167,0 119.43481727358,-5.23564859172259,0 119.435373836384,-5.23620282658026,0 119.43582529956,-5.23684488385239,0 119.436157945456,-5.23755525519186,0 119.436361666467,-5.2383123565192,0 119.436430272192,-5.23909318382055,0 119.436361677581,-5.23987401209765,0 119.436157966343,-5.24063111623452,0 119.435825327701,-5.24134149187844,0 119.435373868385,-5.24198355443077,0 119.434817305581,-5.2425377949075,0 119.43417255017,-5.2429873727386,0 119.433459192893,-5.24331862749082,0 119.432698909076,-5.24352149396179,0 119.4319148,-5.24358980802959,0 119.431130690924,-5.24352149396179,0 119.430370407107,-5.24331862749082,0 119.42965704983,-5.2429873727386,0 119.429012294419,-5.2425377949075,0 119.428455731615,-5.24198355443077,0 119.428004272299,-5.24134149187844,0 119.427671633657,-5.24063111623452,0 119.427467922419,-5.23987401209765,0 119.427399327808,-5.23909318382055,0 119.427467933533,-5.2383123565192,0 119.427671654544,-5.23755525519186,0 119.42800430044,-5.23684488385239,0 119.428455763616,-5.23620282658026,0 119.42901232642,-5.23564859172259,0 119.429657077971,-5.23519901917167,0 119.430370427994,-5.23486776872391,0 119.431130702038,-5.23466490506247,0 119.4319148,-5.23459659197041,0
</coordinates></LinearRing></outerBoundaryIs></Polygon>
</Placemark>
<Placemark>
<name>Pasar Balang-Balang Gowa Bontomarannu</name>
<description>Gowa - radius 500m</description>
<Polygon><outerBoundaryIs><LinearRing><coordinates>
119.5089085,-5.22799969197041,0 119.509692589696,-5.22806800506309,0 119.510452855725,-5.22827086872631,0 119.511166198226,-5.22860211917679,0 119.511810942977,-5.22905169173105,0 119.512367499908,-5.22960592659228,0 119.512818958319,-5.23024798386776,0 119.513151600701,-5.23095835520995,0 119.513355319556,-5.23171545653907,0 119.51342392455,-5.23249628384104,0 119.513355330656,-5.23327711211751,0 119.513151621561,-5.23403421625261,0 119.512818986424,-5.2347445918938,0 119.512367531868,-5.23538665444279,0 119.511810974937,-5.23594089491596,0 119.511166226331,-5.23639047274372,0 119.510452876585,-5.23672172749322,0 119.509692600796,-5.23692459396241,0 119.5089085,-5.23699290802959,0 119.508124399204,-5.23692459396241,0 119.507364123415,-5.23672172749322,0 119.506650773668,-5.23639047274372,0 119.506006025063,-5.23594089491596,0 119.505449468132,-5.23538665444279,0 119.504998013576,-5.2347445918938,0 119.504665378439,-5.23403421625261,0 119.504461669344,-5.23327711211751,0 119.504393075449,-5.23249628384104,0 119.504461680444,-5.23171545653907,0 119.504665399299,-5.23095835520995,0 119.504998041681,-5.23024798386776,0 119.505449500092,-5.22960592659228,0 119.506006057023,-5.22905169173105,0 119.506650801774,-5.22860211917679,0 119.507364144275,-5.22827086872631,0 119.508124410304,-5.22806800506309,0 119.5089085,-5.22799969197041,0
</coordinates></LinearRing></outerBoundaryIs></Polygon>
</Placemark>
<Placemark>
<name>Pasar Sungguminasa</name>
<description>Gowa - radius 500m</description>
<Polygon><outerBoundaryIs><LinearRing><coordinates>
119.4490758,-5.20158769197041,0 119.449859856708,-5.20165600506556,0 119.450620090748,-5.2018588687359,0 119.451333403231,-5.2021901191973,0 119.451978120843,-5.20263969176494,0 119.452534654339,-5.20319392664041,0 119.45298609373,-5.20383598392927,0 119.453318722086,-5.20454635528237,0 119.453522432339,-5.20530345661861,0 119.453591034416,-5.20608428392306,0 119.453522443381,-5.20686511219706,0 119.45331874284,-5.20762221632503,0 119.452986121691,-5.20833259195531,0 119.452534686135,-5.20897465449092,0 119.451978152639,-5.20952889494985,0 119.451333431192,-5.20997847276423,0 119.450620111502,-5.21030972750281,0 119.449859867751,-5.21051259396488,0 119.4490758,-5.21058090802959,0 119.448291732249,-5.21051259396488,0 119.447531488498,-5.21030972750281,0 119.446818168808,-5.20997847276423,0 119.446173447361,-5.20952889494985,0 119.445616913865,-5.20897465449092,0 119.445165478309,-5.20833259195531,0 119.44483285716,-5.20762221632503,0 119.444629156619,-5.20686511219706,0 119.444560565584,-5.20608428392306,0 119.444629167661,-5.20530345661861,0 119.444832877914,-5.20454635528237,0 119.44516550627,-5.20383598392927,0 119.445616945661,-5.20319392664041,0 119.446173479157,-5.20263969176494,0 119.446818196769,-5.2021901191973,0 119.447531509252,-5.2018588687359,0 119.448291743292,-5.20165600506556,0 119.4490758,-5.20158769197041,0
</coordinates></LinearRing></outerBoundaryIs></Polygon>
</Placemark>
<Placemark>
<name>Pasar Pallangga Gowa</name>
<description>Gowa - radius 500m</description>
<Polygon><outerBoundaryIs><LinearRing><coordinates>
119.4430312,-5.22009239197041,0 119.443815279803,-5.22016070506383,0 119.444575536237,-5.22036356872918,0 119.445288869735,-5.22069481918293,0 119.445933606346,-5.2211443917412,0 119.446490156249,-5.22169862660669,0 119.446941608955,-5.22234068388617,0 119.44727424713,-5.22305105523163,0 119.447477963406,-5.22380815656288,0 119.447546567525,-5.2245889838656,0 119.447477974488,-5.22536981214133,0 119.447274267959,-5.22612691627429,0 119.446941637017,-5.22683729191222,0 119.44649018816,-5.2274793544572,0 119.445933638258,-5.22803359492611,0 119.445288897797,-5.22848317274986,0 119.444575557065,-5.22881442749609,0 119.443815290885,-5.22901729396315,0 119.4430312,-5.2290856080296,0 119.442247109115,-5.22901729396315,0 119.441486842935,-5.22881442749609,0 119.440773502203,-5.22848317274986,0 119.440128761742,-5.22803359492611,0 119.43957221184,-5.2274793544572,0 119.439120762983,-5.22683729191222,0 119.438788132041,-5.22612691627429,0 119.438584425512,-5.22536981214133,0 119.438515832475,-5.2245889838656,0 119.438584436594,-5.22380815656288,0 119.43878815287,-5.22305105523163,0 119.439120791045,-5.22234068388617,0 119.439572243751,-5.22169862660669,0 119.440128793654,-5.2211443917412,0 119.440773530265,-5.22069481918293,0 119.441486863763,-5.22036356872918,0 119.442247120197,-5.22016070506383,0 119.4430312,-5.22009239197041,0
</coordinates></LinearRing></outerBoundaryIs></Polygon>
</Placemark>
<Placemark>
<name>Pasar tradisional Taipa Le'leng Pallangga</name>
<description>Gowa - radius 500m</description>
<Polygon><outerBoundaryIs><LinearRing><coordinates>
119.485925,-5.25845539197041,0 119.486709127945,-5.25852370506024,0 119.487469431063,-5.25872656871524,0 119.488182808371,-5.25905781915315,0 119.488827584589,-5.25950739169197,0 119.489384168692,-5.26006162653677,0 119.489835649156,-5.26070368379682,0 119.490168307799,-5.26141405512643,0 119.490372036629,-5.26217115644734,0 119.490440645006,-5.26295198374646,0 119.490372047794,-5.26373281202578,0 119.490168328783,-5.26448991616909,0 119.489835677427,-5.26520029182286,0 119.489384200841,-5.26584235438728,0 119.488827616737,-5.26639659487688,0 119.488182836642,-5.26684617272008,0 119.487469452047,-5.26717742748215,0 119.48670913911,-5.26738029395956,0 119.485925,-5.26744860802959,0 119.48514086089,-5.26738029395956,0 119.484380547953,-5.26717742748215,0 119.483667163358,-5.26684617272008,0 119.483022383263,-5.26639659487688,0 119.482465799159,-5.26584235438728,0 119.482014322573,-5.26520029182286,0 119.481681671217,-5.26448991616909,0 119.481477952206,-5.26373281202578,0 119.481409354994,-5.26295198374646,0 119.481477963371,-5.26217115644734,0 119.481681692201,-5.26141405512643,0 119.482014350844,-5.26070368379682,0 119.482465831308,-5.26006162653677,0 119.483022415411,-5.25950739169197,0 119.483667191629,-5.25905781915315,0 119.484380568937,-5.25872656871524,0 119.485140872055,-5.25852370506024,0 119.485925,-5.25845539197041,0
</coordinates></LinearRing></outerBoundaryIs></Polygon>
</Placemark>
<Placemark>
<name>Pasar Saluttowa</name>
<description>Gowa - radius 500m</description>
<Polygon><outerBoundaryIs><LinearRing><coordinates>
119.803119,-5.27006809197041,0 119.803903142589,-5.27013640505915,0 119.804663459906,-5.27033926871102,0 119.80537685054,-5.27067051914413,0 119.806021638804,-5.27112009167707,0 119.806578233311,-5.27167432651561,0 119.807029722218,-5.27231638376977,0 119.807362387087,-5.27302675509458,0 119.807566119735,-5.27378385641236,0 119.807634729407,-5.27456468371039,0 119.807566130925,-5.27534551199081,0 119.807362408117,-5.27610261613724,0 119.807029750552,-5.27681299179581,0 119.806578265532,-5.27745505436612,0 119.806021671025,-5.27800929486198,0 119.805376878874,-5.27845887271106,0 119.804663480937,-5.27879012747793,0 119.803903153779,-5.27899299395847,0 119.803119,-5.27906130802959,0 119.802334846221,-5.27899299395847,0 119.801574519063,-5.27879012747793,0 119.800861121126,-5.27845887271106,0 119.800216328975,-5.27800929486198,0 119.799659734468,-5.27745505436612,0 119.799208249448,-5.27681299179581,0 119.798875591883,-5.27610261613724,0 119.798671869075,-5.27534551199081,0 119.798603270594,-5.27456468371039,0 119.798671880265,-5.27378385641236,0 119.798875612913,-5.27302675509458,0 119.799208277783,-5.27231638376977,0 119.799659766689,-5.27167432651561,0 119.800216361196,-5.27112009167707,0 119.80086114946,-5.27067051914413,0 119.801574540094,-5.27033926871102,0 119.802334857411,-5.27013640505915,0 119.803119,-5.27006809197041,0
</coordinates></LinearRing></outerBoundaryIs></Polygon>
</Placemark>
<Placemark>
<name>Pasar Tarowang</name>
<description>Jeneponto - radius 500m</description>
<Polygon><outerBoundaryIs><LinearRing><coordinates>
119.8533521,-5.60289689197041,0 119.854136676221,-5.60296520502796,0 119.854897414027,-5.60316806859004,0 119.855611199258,-5.60349931888557,0 119.856256344261,-5.60394889124973,0 119.856813246818,-5.60450312590867,0 119.857264985726,-5.60514518299406,0 119.857597834942,-5.60585555418129,0 119.85780168066,-5.60661265540926,0 119.857870328659,-5.60739348267611,0 119.857801692568,-5.60817431098771,0 119.857597857321,-5.60893141522394,0 119.857265015876,-5.6096417910201,0 119.856813281103,-5.61028385375917,0 119.856256378546,-5.61083809443463,0 119.855611229408,-5.61128767245249,0 119.854897436406,-5.61161892735694,0 119.854136688128,-5.61182179392728,0 119.8533521,-5.61189010802959,0 119.852567511872,-5.61182179392728,0 119.851806763594,-5.61161892735694,0 119.851092970592,-5.61128767245249,0 119.850447821454,-5.61083809443464,0 119.849890918897,-5.61028385375917,0 119.849439184124,-5.6096417910201,0 119.849106342679,-5.60893141522394,0 119.848902507432,-5.60817431098771,0 119.84883387134,-5.60739348267611,0 119.84890251934,-5.60661265540926,0 119.849106365058,-5.60585555418129,0 119.849439214274,-5.60514518299406,0 119.849890953182,-5.60450312590867,0 119.850447855739,-5.60394889124973,0 119.851093000742,-5.60349931888557,0 119.851806785972,-5.60316806859004,0 119.852567523779,-5.60296520502796,0 119.8533521,-5.60289689197041,0
</coordinates></LinearRing></outerBoundaryIs></Polygon>
</Placemark>
<Placemark>
<name>Pasar Tradisional Tolo</name>
<description>Jeneponto - radius 500m</description>
<Polygon><outerBoundaryIs><LinearRing><coordinates>
119.7994959,-5.55886649197041,0 119.800280417308,-5.55893480503209,0 119.801041097987,-5.55913766860605,0 119.801754829609,-5.55946891891979,0 119.802399926146,-5.55991849130629,0 119.802956786852,-5.56047272598901,0 119.803408491796,-5.56111478309673,0 119.803741315969,-5.56182515430217,0 119.803945146327,-5.56258225554203,0 119.80401378912,-5.563363082813,0 119.803945158139,-5.56414391112047,0 119.803741338168,-5.56490101534482,0 119.803408521706,-5.56561139112277,0 119.802956820864,-5.5662534538395,0 119.802399960158,-5.5668076944912,0 119.801754859518,-5.56725727248671,0 119.801041120187,-5.56758852737296,0 119.80028042912,-5.56779139393141,0 119.7994959,-5.56785970802959,0 119.79871137088,-5.56779139393141,0 119.797950679813,-5.56758852737296,0 119.797236940482,-5.56725727248671,0 119.796591839842,-5.5668076944912,0 119.796034979136,-5.5662534538395,0 119.795583278294,-5.56561139112277,0 119.795250461832,-5.56490101534482,0 119.795046641861,-5.56414391112047,0 119.79497801088,-5.563363082813,0 119.795046653673,-5.56258225554203,0 119.795250484031,-5.56182515430217,0 119.795583308204,-5.56111478309673,0 119.796035013148,-5.56047272598901,0 119.796591873854,-5.55991849130629,0 119.797236970391,-5.55946891891979,0 119.797950702013,-5.55913766860605,0 119.798711382692,-5.55893480503209,0 119.7994959,-5.55886649197041,0
</coordinates></LinearRing></outerBoundaryIs></Polygon>
</Placemark>
<Placemark>
<name>Pasar 66 Tagulandang</name>
<description>Kep. Siau Tagulandang Biaro - radius 500m</description>
<Polygon><outerBoundaryIs><LinearRing><coordinates>
125.3776191,2.35040930802959,0 125.378400585214,2.3503409942317,0 125.379158325173,2.35013812853789,0 125.379869296133,2.34980687497635,0 125.380511895456,2.34935729860584,0 125.38106659801,2.34880305968342,0 125.381516549438,2.34816099859167,0 125.381848078272,2.34745062413842,0 125.382051111322,2.34669352077869,0 125.382119479728,2.34591269277148,0 125.382051106373,2.34513186520021,0 125.381848068972,2.3443747630957,0 125.381516536907,2.34366439056555,0 125.381066583761,2.34302233183284,0 125.380511881207,2.34246809542086,0 125.379869283602,2.34201852140939,0 125.379158315872,2.34168726977096,0 125.378400580266,2.34148440533237,0 125.3776191,2.34141609197041,0 125.376837619734,2.34148440533237,0 125.376079884128,2.34168726977096,0 125.375368916398,2.34201852140939,0 125.374726318793,2.34246809542086,0 125.374171616239,2.34302233183284,0 125.373721663092,2.34366439056555,0 125.373390131028,2.3443747630957,0 125.373187093627,2.34513186520021,0 125.373118720272,2.34591269277148,0 125.373187088678,2.34669352077869,0 125.373390121728,2.34745062413842,0 125.373721650562,2.34816099859167,0 125.37417160199,2.34880305968342,0 125.374726304544,2.34935729860584,0 125.375368903867,2.34980687497635,0 125.376079874827,2.35013812853789,0 125.376837614786,2.3503409942317,0 125.3776191,2.35040930802959,0
</coordinates></LinearRing></outerBoundaryIs></Polygon>
</Placemark>
<Placemark>
<name>Pasar Towo'e</name>
<description>Kepulauan Sangihe - radius 500m</description>
<Polygon><outerBoundaryIs><LinearRing><coordinates>
125.4961559,3.61477680802959,0 125.496938284283,3.61470849411396,0 125.497696895871,3.61450562808115,0 125.498408684431,3.61417437400024,0 125.499052022405,3.6137247969926,0 125.499607362173,3.61317055739218,0 125.500057830018,3.61252849566332,0 125.500389738822,3.61181812069069,0 125.500593003929,3.61106101699197,0 125.500661449535,3.61028018886703,0 125.500592996298,3.6094993614135,0 125.500389724481,3.60874225964799,0 125.500057810696,3.60803188763723,0 125.499607340202,3.60738982954163,0 125.499052000434,3.60683559380765,0 125.49840866511,3.60638602043328,0 125.49769688153,3.60605476931423,0 125.496938276652,3.60585190521464,0 125.4961559,3.60578359197041,0 125.495373523348,3.60585190521464,0 125.49461491847,3.60605476931423,0 125.49390313489,3.60638602043328,0 125.493259799566,3.60683559380765,0 125.492704459798,3.60738982954163,0 125.492253989304,3.60803188763723,0 125.491922075519,3.60874225964799,0 125.491718803702,3.6094993614135,0 125.491650350465,3.61028018886703,0 125.491718796071,3.61106101699197,0 125.491922061178,3.61181812069069,0 125.492253969982,3.61252849566332,0 125.492704437827,3.61317055739218,0 125.493259777595,3.6137247969926,0 125.493903115569,3.61417437400024,0 125.494614904129,3.61450562808115,0 125.495373515717,3.61470849411396,0 125.4961559,3.61477680802959,0
</coordinates></LinearRing></outerBoundaryIs></Polygon>
</Placemark>
<Placemark>
<name>Pasar Lirung</name>
<description>Kepulauan Talaud - radius 500m</description>
<Polygon><outerBoundaryIs><LinearRing><coordinates>
126.6986221,3.94253040802959,0 126.699404779924,3.94246209408339,0 126.700163678139,3.94225922796256,0 126.700875735575,3.94192797374679,0 126.701519316483,3.94147839657374,0 126.702074865852,3.94092415679729,0 126.702525503595,3.940282094903,0 126.702857537444,3.93957171979553,0 126.703060878964,3.93881461600878,0 126.703129350055,3.93803378785328,0 126.703060870635,3.93725296043032,0 126.702857521792,3.93649585875283,0 126.702525482507,3.93578548687692,0 126.702074841871,3.93514342894674,0 126.701519292502,3.9345891933888,0 126.700875714487,3.93413962017984,0 126.700163662486,3.93380836919564,0 126.699404771596,3.93360550518407,0 126.6986221,3.93353719197041,0 126.697839428404,3.93360550518407,0 126.697080537514,3.93380836919564,0 126.696368485513,3.93413962017984,0 126.695724907498,3.9345891933888,0 126.695169358129,3.93514342894674,0 126.694718717493,3.93578548687692,0 126.694386678208,3.93649585875283,0 126.694183329365,3.93725296043032,0 126.694114849945,3.93803378785328,0 126.694183321037,3.93881461600878,0 126.694386662556,3.93957171979553,0 126.694718696405,3.940282094903,0 126.695169334148,3.94092415679729,0 126.695724883517,3.94147839657374,0 126.696368464425,3.94192797374679,0 126.697080521861,3.94225922796256,0 126.697839420076,3.94246209408339,0 126.6986221,3.94253040802959,0
</coordinates></LinearRing></outerBoundaryIs></Polygon>
</Placemark>
<Placemark>
<name>Pasar Raya Mekongga Kolaka</name>
<description>Kolaka - radius 500m</description>
<Polygon><outerBoundaryIs><LinearRing><coordinates>
121.5975059,-4.05621429197041,0 121.598288688639,-4.05628260517262,0 121.599047693028,-4.05648546915123,0 121.599759851544,-4.05681672008493,0 121.600403525864,-4.05726629323194,0 121.600959158404,-4.05782052872396,0 121.60140986655,-4.05846258659219,0 121.601741955629,-4.0591729584176,0 121.60194533503,-4.05993006006212,0 121.602013824832,-4.06071088747364,0 121.60194534362,-4.06149171564059,0 121.601741971773,-4.06224881946029,0 121.601409888301,-4.06295919461827,0 121.600959183138,-4.0636012565745,0 121.600403550598,-4.06415549641688,0 121.599759873295,-4.06460507365188,0 121.599047709172,-4.06493632791815,0 121.598288697229,-4.06513919407194,0 121.5975059,-4.06520750802959,0 121.596723102771,-4.06513919407194,0 121.595964090828,-4.06493632791815,0 121.595251926705,-4.06460507365188,0 121.594608249402,-4.06415549641688,0 121.594052616862,-4.0636012565745,0 121.593601911699,-4.06295919461827,0 121.593269828227,-4.06224881946029,0 121.59306645638,-4.06149171564059,0 121.592997975168,-4.06071088747364,0 121.59306646497,-4.05993006006212,0 121.593269844371,-4.0591729584176,0 121.59360193345,-4.05846258659219,0 121.594052641596,-4.05782052872396,0 121.594608274136,-4.05726629323194,0 121.595251948456,-4.05681672008493,0 121.595964106972,-4.05648546915123,0 121.596723111361,-4.05628260517262,0 121.5975059,-4.05621429197041,0
</coordinates></LinearRing></outerBoundaryIs></Polygon>
</Placemark>
<Placemark>
<name>Pasar Tradisional Anaiwoi</name>
<description>Kolaka - radius 500m</description>
<Polygon><outerBoundaryIs><LinearRing><coordinates>
121.5287162,-4.36950419197041,0 121.529499303995,-4.36957250514337,0 121.530258614189,-4.36977536903776,0 121.530971059694,-4.37010661984242,0 121.531614993484,-4.37055619283114,0 121.532170850104,-4.37111042815471,0 121.53262174013,-4.37175248586465,0 121.532953963354,-4.37246285756102,0 121.533157425069,-4.37321995912132,0 121.533225942825,-4.37400078650358,0 121.533157434328,-4.37478161469978,0 121.532953980756,-4.37553871860371,0 121.532621763575,-4.37624909389072,0 121.532170876764,-4.37689115600524,0 121.531615020144,-4.37744539601607,0 121.530971083138,-4.37789497340937,0 121.530258631591,-4.37822622780468,0 121.529499313254,-4.37842909404269,0 121.5287162,-4.37849740802959,0 121.527933086746,-4.37842909404269,0 121.527173768409,-4.37822622780468,0 121.526461316862,-4.37789497340937,0 121.525817379856,-4.37744539601607,0 121.525261523236,-4.37689115600524,0 121.524810636425,-4.37624909389072,0 121.524478419244,-4.37553871860371,0 121.524274965672,-4.37478161469978,0 121.524206457175,-4.37400078650358,0 121.524274974931,-4.37321995912132,0 121.524478436646,-4.37246285756102,0 121.52481065987,-4.37175248586465,0 121.525261549897,-4.37111042815471,0 121.525817406516,-4.37055619283114,0 121.526461340307,-4.37010661984242,0 121.527173785811,-4.36977536903776,0 121.527933096005,-4.36957250514337,0 121.5287162,-4.36950419197041,0
</coordinates></LinearRing></outerBoundaryIs></Polygon>
</Placemark>
<Placemark>
<name>Pasar Tradisional SP 1</name>
<description>Kolaka - radius 500m</description>
<Polygon><outerBoundaryIs><LinearRing><coordinates>
121.5073926,-4.55835569197041,0 121.508175905532,-4.55842400512573,0 121.508935411158,-4.55862686896931,0 121.509648040066,-4.55895811969614,0 121.510292139673,-4.55940769258937,0 121.510848139488,-4.55996192781134,0 121.51129914574,-4.5606039854258,0 121.51163145468,-4.56131435704433,0 121.511834968985,-4.56207145855382,0 121.511903504593,-4.56285228591844,0 121.511834978648,-4.56363311413228,0 121.511631472841,-4.56439021808701,0 121.511299170208,-4.56510059345186,0 121.510848167312,-4.56574265566187,0 121.510292167496,-4.5662968957743,0 121.509648064534,-4.56674647326308,0 121.508935429319,-4.56707772773623,0 121.508175915195,-4.56728059402505,0 121.5073926,-4.56734890802959,0 121.506609284805,-4.56728059402505,0 121.505849770681,-4.56707772773623,0 121.505137135466,-4.56674647326308,0 121.504493032504,-4.5662968957743,0 121.503937032688,-4.56574265566187,0 121.503486029792,-4.56510059345186,0 121.503153727159,-4.56439021808701,0 121.502950221352,-4.56363311413228,0 121.502881695407,-4.56285228591844,0 121.502950231015,-4.56207145855382,0 121.50315374532,-4.56131435704433,0 121.50348605426,-4.5606039854258,0 121.503937060512,-4.55996192781134,0 121.504493060327,-4.55940769258937,0 121.505137159934,-4.55895811969614,0 121.505849788842,-4.55862686896931,0 121.506609294468,-4.55842400512573,0 121.5073926,-4.55835569197041,0
</coordinates></LinearRing></outerBoundaryIs></Polygon>
</Placemark>
<Placemark>
<name>Pasar Rate-Rate</name>
<description>Kolaka Timur - radius 500m</description>
<Polygon><outerBoundaryIs><LinearRing><coordinates>
121.892179,-4.04245049197041,0 121.892961775327,-4.04251880517391,0 121.893720766807,-4.04272166915622,0 121.894432913208,-4.04305292009558,0 121.895076576575,-4.04350249324954,0 121.895632199655,-4.04405672874896,0 121.896082900123,-4.04469878662414,0 121.896414983539,-4.04540915845522,0 121.896618359465,-4.04616626010344,0 121.896686848086,-4.04694708751624,0 121.896618368025,-4.0477279156819,0 121.896414999628,-4.04848501949791,0 121.896082921799,-4.04919539465022,0 121.895632224305,-4.0498374565995,0 121.895076601225,-4.05039169643448,0 121.894432934885,-4.05084127366254,0 121.893720782896,-4.05117252792314,0 121.892961783887,-4.05137539407323,0 121.892179,-4.05144370802959,0 121.891396216113,-4.05137539407323,0 121.890637217104,-4.05117252792314,0 121.889925065115,-4.05084127366254,0 121.889281398775,-4.05039169643448,0 121.888725775695,-4.0498374565995,0 121.888275078201,-4.04919539465022,0 121.887943000372,-4.04848501949791,0 121.887739631975,-4.0477279156819,0 121.887671151914,-4.04694708751624,0 121.887739640535,-4.04616626010344,0 121.887943016461,-4.04540915845522,0 121.888275099877,-4.04469878662414,0 121.888725800345,-4.04405672874896,0 121.889281423425,-4.04350249324954,0 121.889925086792,-4.04305292009558,0 121.890637233193,-4.04272166915622,0 121.891396224673,-4.04251880517391,0 121.892179,-4.04245049197041,0
</coordinates></LinearRing></outerBoundaryIs></Polygon>
</Placemark>
<Placemark>
<name>Pasar Rakyat Penanggo</name>
<description>Kolaka Timur - radius 500m</description>
<Polygon><outerBoundaryIs><LinearRing><coordinates>
121.9275774,-4.30178279197041,0 121.928360433822,-4.3018511051497,0 121.929119675969,-4.3020539690623,0 121.929832057613,-4.30238521989486,0 121.930475933667,-4.30283479291781,0 121.931031740425,-4.3033890282778,0 121.931482589982,-4.30403108602197,0 121.931814783358,-4.30474145774624,0 121.932018226759,-4.30549855932475,0 121.932086738297,-4.30627938671334,0 121.932018235873,-4.30706021490321,0 121.931814800488,-4.30781731878893,0 121.93148261306,-4.30852769404804,0 121.931031766669,-4.30916975612834,0 121.93047595991,-4.30972399610274,0 121.929832080691,-4.31017357346181,0 121.929119693098,-4.31050482782922,0 121.928360442936,-4.31070769404902,0 121.9275774,-4.3107760080296,0 121.926794357064,-4.31070769404902,0 121.926035106902,-4.31050482782922,0 121.925322719309,-4.31017357346181,0 121.92467884009,-4.30972399610274,0 121.924123033331,-4.30916975612834,0 121.92367218694,-4.30852769404804,0 121.923339999512,-4.30781731878893,0 121.923136564127,-4.30706021490321,0 121.923068061703,-4.30627938671334,0 121.923136573241,-4.30549855932475,0 121.923340016642,-4.30474145774624,0 121.923672210018,-4.30403108602197,0 121.924123059575,-4.3033890282778,0 121.924678866333,-4.30283479291781,0 121.925322742387,-4.30238521989486,0 121.926035124031,-4.3020539690623,0 121.926794366178,-4.3018511051497,0 121.9275774,-4.30178279197041,0
</coordinates></LinearRing></outerBoundaryIs></Polygon>
</Placemark>
<Placemark>
<name>Pasar Taosu</name>
<description>Kolaka Timur - radius 500m</description>
<Polygon><outerBoundaryIs><LinearRing><coordinates>
121.9038239,-4.20126349197041,0 121.904606831703,-4.20133180515908,0 121.905365974824,-4.20153466909871,0 121.906078263536,-4.20186591997268,0 121.906722055568,-4.20231549304641,0 121.907277789766,-4.20286972846046,0 121.907728580427,-4.20351178625542,0 121.908060730365,-4.2042221580211,0 121.908264147112,-4.20497925962664,0 121.908332649599,-4.20576008702461,0 121.908264156012,-4.2065409152051,0 121.908060747091,-4.20729801906379,0 121.907728602962,-4.2080083942815,0 121.907277815392,-4.208650456311,0 121.906722081194,-4.20920469623135,0 121.90607828607,-4.20965427353963,0 121.90536599155,-4.20998552786563,0 121.904606840603,-4.21018839405841,0 121.9038239,-4.21025670802959,0 121.903040959397,-4.21018839405841,0 121.90228180845,-4.20998552786563,0 121.901569513929,-4.20965427353963,0 121.900925718806,-4.20920469623135,0 121.900369984608,-4.208650456311,0 121.899919197038,-4.2080083942815,0 121.899587052909,-4.20729801906379,0 121.899383643988,-4.2065409152051,0 121.899315150401,-4.20576008702461,0 121.899383652888,-4.20497925962664,0 121.899587069635,-4.2042221580211,0 121.899919219573,-4.20351178625542,0 121.900370010234,-4.20286972846046,0 121.900925744432,-4.20231549304641,0 121.901569536464,-4.20186591997268,0 121.902281825176,-4.20153466909871,0 121.903040968297,-4.20133180515908,0 121.9038239,-4.20126349197041,0
</coordinates></LinearRing></outerBoundaryIs></Polygon>
</Placemark>
<Placemark>
<name>Pasar Wawotobi</name>
<description>Konawe - radius 500m</description>
<Polygon><outerBoundaryIs><LinearRing><coordinates>
122.1091848,-3.87128259197041,0 122.109967413586,-3.87135090518988,0 122.110726248223,-3.87155376921818,0 122.111438247431,-3.871885020228,0 122.112081777714,-3.87233459346838,0 122.11263728586,-3.87288882905977,0 122.113087893034,-3.87353088702138,0 122.113419907638,-3.87424125892292,0 122.113623241334,-3.87499836061713,0 122.113691715607,-3.8757791880459,0 122.11362324953,-3.87656001619559,0 122.113419923041,-3.87731711996561,0 122.113087913787,-3.87802749504747,0 122.112637309459,-3.87866955691032,0 122.112081801313,-3.87922379665333,0 122.111438268183,-3.87967337379495,0 122.110726263626,-3.8800046279851,0 122.109967421782,-3.8802074940892,0 122.1091848,-3.88027580802959,0 122.108402178218,-3.8802074940892,0 122.107643336374,-3.8800046279851,0 122.106931331817,-3.87967337379495,0 122.106287798687,-3.87922379665333,0 122.105732290541,-3.87866955691032,0 122.105281686213,-3.87802749504747,0 122.104949676959,-3.87731711996561,0 122.10474635047,-3.87656001619559,0 122.104677884393,-3.8757791880459,0 122.104746358666,-3.87499836061713,0 122.104949692362,-3.87424125892292,0 122.105281706966,-3.87353088702138,0 122.10573231414,-3.87288882905977,0 122.106287822286,-3.87233459346838,0 122.106931352569,-3.871885020228,0 122.107643351777,-3.87155376921818,0 122.108402186414,-3.87135090518988,0 122.1091848,-3.87128259197041,0
</coordinates></LinearRing></outerBoundaryIs></Polygon>
</Placemark>
<Placemark>
<name>Pasar Modern Wawotobi Konawe</name>
<description>Konawe - radius 500m</description>
<Polygon><outerBoundaryIs><LinearRing><coordinates>
122.1093715,-3.87181819197041,0 122.110154114081,-3.87188650518983,0 122.110912949198,-3.87208936921798,0 122.111624948857,-3.87242062022758,0 122.112268479547,-3.87287019346769,0 122.112823988045,-3.8734244290588,0 122.113274595505,-3.87406648702014,0 122.113606610319,-3.87477685892145,0 122.113809944145,-3.87553396061552,0 122.113878418462,-3.87631478804424,0 122.113809952342,-3.87709561619398,0 122.113606625724,-3.87785271996415,0 122.11327461626,-3.87856309504622,0 122.112824011647,-3.87920515690935,0 122.11226850315,-3.87975939665264,0 122.111624969612,-3.88020897379453,0 122.110912964604,-3.8805402279849,0 122.110154122278,-3.88074309408915,0 122.1093715,-3.88081140802959,0 122.108588877722,-3.88074309408915,0 122.107830035396,-3.8805402279849,0 122.107118030388,-3.88020897379453,0 122.10647449685,-3.87975939665264,0 122.105918988353,-3.87920515690935,0 122.10546838374,-3.87856309504622,0 122.105136374276,-3.87785271996415,0 122.104933047658,-3.87709561619398,0 122.104864581538,-3.87631478804424,0 122.104933055855,-3.87553396061552,0 122.105136389681,-3.87477685892145,0 122.105468404495,-3.87406648702014,0 122.105919011955,-3.8734244290588,0 122.106474520453,-3.87287019346769,0 122.107118051143,-3.87242062022758,0 122.107830050802,-3.87208936921798,0 122.108588885919,-3.87188650518983,0 122.1093715,-3.87181819197041,0
</coordinates></LinearRing></outerBoundaryIs></Polygon>
</Placemark>
<Placemark>
<name>Pasar Tradisional Waworoda Jaya</name>
<description>Konawe - radius 500m</description>
<Polygon><outerBoundaryIs><LinearRing><coordinates>
121.9920748,-3.76793499197041,0 121.992857319343,-3.76800330519952,0 121.993616062592,-3.76820616925557,0 121.994327976032,-3.76853742030792,0 121.994971428769,-3.76898699360047,0 121.995526869943,-3.76954122924737,0 121.995977422753,-3.77018328726115,0 121.996309397258,-3.77089365920521,0 121.996512706344,-3.77165076092718,0 121.996581172252,-3.77243158836559,0 121.99651271432,-3.77321241650564,0 121.996309412247,-3.77396952024791,0 121.995977442949,-3.77467989528724,0 121.995526892908,-3.77532195709792,0 121.994971451734,-3.77587619678542,0 121.994327996227,-3.77632577387487,0 121.993616077581,-3.7766570280225,0 121.992857327319,-3.77685989409884,0 121.9920748,-3.77692820802959,0 121.991292272681,-3.77685989409884,0 121.990533522419,-3.7766570280225,0 121.989821603773,-3.77632577387487,0 121.989178148266,-3.77587619678542,0 121.988622707092,-3.77532195709792,0 121.988172157051,-3.77467989528724,0 121.987840187753,-3.77396952024791,0 121.98763688568,-3.77321241650564,0 121.987568427748,-3.77243158836559,0 121.987636893656,-3.77165076092718,0 121.987840202742,-3.77089365920521,0 121.988172177247,-3.77018328726115,0 121.988622730057,-3.76954122924737,0 121.989178171231,-3.76898699360047,0 121.989821623968,-3.76853742030792,0 121.990533537408,-3.76820616925557,0 121.991292280657,-3.76800330519952,0 121.9920748,-3.76793499197041,0
</coordinates></LinearRing></outerBoundaryIs></Polygon>
</Placemark>
<Placemark>
<name>Pasar Andobeu Jaya Konawe</name>
<description>Konawe - radius 500m</description>
<Polygon><outerBoundaryIs><LinearRing><coordinates>
122.4486116,-3.95601119197041,0 122.449394292766,-3.95607950518197,0 122.450153204187,-3.95628236918751,0 122.450865275454,-3.95661362016246,0 122.451508870889,-3.95706319336006,0 122.452064435302,-3.95761742890593,0 122.452515088149,-3.95825948682477,0 122.452847136441,-3.95896985869143,0 122.453050490812,-3.95972696036288,0 122.453118972111,-3.96050778778374,0 122.453050499189,-3.96128861594134,0 122.452847152184,-3.96204571973412,0 122.452515109359,-3.96275609485085,0 122.452064459421,-3.96339815675648,0 122.451508895008,-3.96395239654501,0 122.450865296664,-3.96440197372941,0 122.450153219929,-3.96473322795443,0 122.449394301143,-3.9649360940813,0 122.4486116,-3.96500440802959,0 122.447828898857,-3.9649360940813,0 122.447069980071,-3.96473322795443,0 122.446357903336,-3.96440197372941,0 122.445714304992,-3.96395239654501,0 122.445158740579,-3.96339815675648,0 122.444708090641,-3.96275609485085,0 122.444376047816,-3.96204571973412,0 122.444172700811,-3.96128861594134,0 122.444104227889,-3.96050778778374,0 122.444172709187,-3.95972696036288,0 122.444376063559,-3.95896985869143,0 122.444708111851,-3.95825948682477,0 122.445158764698,-3.95761742890593,0 122.445714329111,-3.95706319336006,0 122.446357924546,-3.95661362016246,0 122.447069995813,-3.95628236918751,0 122.447828907234,-3.95607950518197,0 122.4486116,-3.95601119197041,0
</coordinates></LinearRing></outerBoundaryIs></Polygon>
</Placemark>
<Placemark>
<name>Pasar Desa Atari Jaya</name>
<description>Konawe Selatan - radius 500m</description>
<Polygon><outerBoundaryIs><LinearRing><coordinates>
122.0989773,-4.39443389197041,0 122.099760430106,-4.39450220514104,0 122.10051976562,-4.39470506902873,0 122.101232234886,-4.39503631982312,0 122.10187619016,-4.39548589279923,0 122.102432065332,-4.39604012810939,0 122.102882970417,-4.39668218580673,0 122.103215204747,-4.39739255749283,0 122.103418673276,-4.39814965904642,0 122.103487193345,-4.39893048642636,0 122.103418682588,-4.39971131462488,0 122.103215222249,-4.40046841853551,0 122.102882993997,-4.4011787938328,0 122.102432092146,-4.40182085595993,0 122.101876216974,-4.40237509598417,0 122.101232258466,-4.40282467339006,0 122.100519783122,-4.40315592779564,0 122.099760439419,-4.40335879404036,0 122.0989773,-4.40342710802959,0 122.098194160581,-4.40335879404036,0 122.097434816878,-4.40315592779564,0 122.096722341534,-4.40282467339006,0 122.096078383026,-4.40237509598417,0 122.095522507854,-4.40182085595993,0 122.095071606003,-4.4011787938328,0 122.094739377751,-4.40046841853551,0 122.094535917412,-4.39971131462488,0 122.094467406655,-4.39893048642636,0 122.094535926724,-4.39814965904642,0 122.094739395253,-4.39739255749283,0 122.095071629583,-4.39668218580673,0 122.095522534668,-4.39604012810939,0 122.09607840984,-4.39548589279923,0 122.096722365114,-4.39503631982312,0 122.09743483438,-4.39470506902873,0 122.098194169894,-4.39450220514104,0 122.0989773,-4.39443389197041,0
</coordinates></LinearRing></outerBoundaryIs></Polygon>
</Placemark>
<Placemark>
<name>Pasar Sentral Ranomeeto</name>
<description>Konawe Selatan - radius 500m</description>
<Polygon><outerBoundaryIs><LinearRing><coordinates>
122.4753901,-4.05007169197041,0 122.476172882692,-4.0501400051732,0 122.476931881315,-4.05034286915346,0 122.477644034419,-4.05067412008969,0 122.478287703846,-4.05112369323979,0 122.47884333216,-4.05167792873511,0 122.479294036876,-4.05231998660645,0 122.479626123426,-4.05303035843439,0 122.479829501274,-4.05378746008056,0 122.479897990549,-4.05456828749265,0 122.479829509851,-4.05534911565903,0 122.479626139545,-4.05610621947708,0 122.479294058594,-4.05681659463253,0 122.478843356857,-4.05745865658566,0 122.478287728543,-4.05801289642474,0 122.477644056137,-4.05846247365664,0 122.476931897434,-4.05879372792038,0 122.476172891269,-4.05899659407252,0 122.4753901,-4.05906490802959,0 122.474607308731,-4.05899659407252,0 122.473848302566,-4.05879372792038,0 122.473136143863,-4.05846247365664,0 122.472492471457,-4.05801289642474,0 122.471936843143,-4.05745865658566,0 122.471486141406,-4.05681659463253,0 122.471154060455,-4.05610621947708,0 122.470950690149,-4.05534911565903,0 122.470882209451,-4.05456828749265,0 122.470950698726,-4.05378746008056,0 122.471154076574,-4.05303035843439,0 122.471486163124,-4.05231998660645,0 122.47193686784,-4.05167792873511,0 122.472492496154,-4.05112369323979,0 122.473136165581,-4.05067412008969,0 122.473848318685,-4.05034286915346,0 122.474607317308,-4.0501400051732,0 122.4753901,-4.05007169197041,0
</coordinates></LinearRing></outerBoundaryIs></Polygon>
</Placemark>
<Placemark>
<name>Pasar Tinobu</name>
<description>Konawe Utara - radius 500m</description>
<Polygon><outerBoundaryIs><LinearRing><coordinates>
122.2416604,-3.65059159197041,0 122.242442815451,-3.65065990521046,0 122.243201457953,-3.65086276929802,0 122.243913276843,-3.65119402039864,0 122.244556644092,-3.6516435937504,0 122.245112011434,-3.65219782946033,0 122.245562504311,-3.65283988753332,0 122.245894434607,-3.65355025952565,0 122.246097716559,-3.65430736127913,0 122.246166173241,-3.65508818872848,0 122.246097724285,-3.6558690168576,0 122.245894449127,-3.65662612056835,0 122.245562523874,-3.65733649555941,0 122.245112033679,-3.65797855731088,0 122.244556666338,-3.65853279693536,0 122.243913296406,-3.6589823739656,0 122.243201472473,-3.65931362806494,0 122.242442823177,-3.65951649410978,0 122.2416604,-3.65958480802959,0 122.240877976823,-3.65951649410978,0 122.240119327527,-3.65931362806494,0 122.239407503594,-3.6589823739656,0 122.238764133662,-3.65853279693536,0 122.238208766321,-3.65797855731088,0 122.237758276126,-3.65733649555941,0 122.237426350873,-3.65662612056835,0 122.237223075715,-3.6558690168576,0 122.237154626759,-3.65508818872848,0 122.237223083441,-3.65430736127913,0 122.237426365393,-3.65355025952565,0 122.237758295689,-3.65283988753332,0 122.238208788566,-3.65219782946033,0 122.238764155908,-3.6516435937504,0 122.239407523157,-3.65119402039864,0 122.240119342047,-3.65086276929802,0 122.240877984549,-3.65065990521046,0 122.2416604,-3.65059159197041,0
</coordinates></LinearRing></outerBoundaryIs></Polygon>
</Placemark>
<Placemark>
<name>Pasar Molawe</name>
<description>Konawe Utara - radius 500m</description>
<Polygon><outerBoundaryIs><LinearRing><coordinates>
122.200555,-3.60994279197041,0 122.201337380233,-3.61001110521425,0 122.202095988584,-3.61021396931272,0 122.202807775423,-3.61054522043006,0 122.203451113693,-3.61099479380234,0 122.204006456006,-3.61154902953408,0 122.204456928567,-3.61219108762758,0 122.204788843876,-3.61290145963663,0 122.204992116628,-3.61365856140102,0 122.205060570183,-3.61443938885417,0 122.204992124268,-3.61522021697949,0 122.204788858233,-3.61597732067934,0 122.204456947911,-3.61668769565367,0 122.204006478003,-3.61732975738464,0 122.20345113569,-3.61788399698729,0 122.202807794767,-3.61833357399702,0 122.202096002941,-3.61866482807965,0 122.201337387873,-3.61886769411357,0 122.200555,-3.61893600802959,0 122.199772612127,-3.61886769411357,0 122.199013997059,-3.61866482807965,0 122.198302205233,-3.61833357399702,0 122.19765886431,-3.61788399698729,0 122.197103521997,-3.61732975738464,0 122.196653052089,-3.61668769565367,0 122.196321141767,-3.61597732067934,0 122.196117875732,-3.61522021697949,0 122.196049429817,-3.61443938885417,0 122.196117883372,-3.61365856140102,0 122.196321156124,-3.61290145963663,0 122.196653071433,-3.61219108762758,0 122.197103543994,-3.61154902953408,0 122.197658886307,-3.61099479380234,0 122.198302224577,-3.61054522043006,0 122.199014011416,-3.61021396931272,0 122.199772619767,-3.61001110521425,0 122.200555,-3.60994279197041,0
</coordinates></LinearRing></outerBoundaryIs></Polygon>
</Placemark>
<Placemark>
<name>Pasar Sentral Lamonae</name>
<description>Konawe Utara - radius 500m</description>
<Polygon><outerBoundaryIs><LinearRing><coordinates>
122.1442312,-3.22365859197041,0 122.145013265359,-3.22372690525025,0 122.145771568365,-3.22392976945238,0 122.146483068636,-3.22426102072853,0 122.147126147796,-3.22471059429561,0 122.147681266317,-3.22526483023466,0 122.148131557204,-3.22590688852297,0 122.148463338491,-3.22661726069083,0 122.148666528969,-3.22737436255888,0 122.148734954529,-3.22815519004803,0 122.148666535787,-3.22893601813735,0 122.148463351305,-3.22969312173354,0 122.148131574469,-3.23040349654907,0 122.14768128595,-3.23104555808523,0 122.147126167428,-3.23159979748057,0 122.1464830859,-3.23204937429549,0 122.14577158118,-3.2323806282193,0 122.145013272177,-3.23258349414957,0 122.1442312,-3.23265180802959,0 122.143449127823,-3.23258349414957,0 122.14269081882,-3.2323806282193,0 122.1419793141,-3.23204937429549,0 122.141336232572,-3.23159979748057,0 122.14078111405,-3.23104555808523,0 122.140330825531,-3.23040349654907,0 122.139999048695,-3.22969312173354,0 122.139795864213,-3.22893601813735,0 122.139727445471,-3.22815519004803,0 122.139795871031,-3.22737436255888,0 122.139999061509,-3.22661726069083,0 122.140330842796,-3.22590688852297,0 122.140781133683,-3.22526483023466,0 122.141336252204,-3.22471059429561,0 122.141979331364,-3.22426102072853,0 122.142690831635,-3.22392976945238,0 122.143449134641,-3.22372690525025,0 122.1442312,-3.22365859197041,0
</coordinates></LinearRing></outerBoundaryIs></Polygon>
</Placemark>
<Placemark>
<name>Pasar Tradisional Laronanga</name>
<description>Konawe Utara - radius 500m</description>
<Polygon><outerBoundaryIs><LinearRing><coordinates>
122.1430792,-3.50747379197041,0 122.143861493217,-3.5075421052238,0 122.144620017185,-3.50774496934978,0 122.145331724832,-3.50807622050926,0 122.145974991498,-3.50852579393322,0 122.146530271969,-3.50908002971998,0 122.146980694328,-3.50972208786517,0 122.147312572604,-3.51043245991636,0 122.147515822625,-3.51118956170826,0 122.147584268448,-3.51197038917096,0 122.147515830047,-3.51275121728673,0 122.147312586552,-3.51350832095907,0 122.14698071312,-3.51421869589127,0 122.146530293338,-3.51486075757054,0 122.145975012867,-3.51541499711818,0 122.145331743623,-3.51586457407622,0 122.144620031133,-3.51619582811671,0 122.143861500639,-3.51639869412313,0 122.1430792,-3.51646700802959,0 122.142296899361,-3.51639869412313,0 122.141538368867,-3.51619582811671,0 122.140826656377,-3.51586457407622,0 122.140183387133,-3.51541499711818,0 122.139628106662,-3.51486075757054,0 122.13917768688,-3.51421869589127,0 122.138845813448,-3.51350832095907,0 122.138642569953,-3.51275121728673,0 122.138574131552,-3.51197038917096,0 122.138642577375,-3.51118956170826,0 122.138845827396,-3.51043245991636,0 122.139177705672,-3.50972208786517,0 122.139628128031,-3.50908002971998,0 122.140183408502,-3.50852579393322,0 122.140826675168,-3.50807622050926,0 122.141538382815,-3.50774496934978,0 122.142296906783,-3.5075421052238,0 122.1430792,-3.50747379197041,0
</coordinates></LinearRing></outerBoundaryIs></Polygon>
</Placemark>
<Placemark>
<name>Pasar Karya Nugraha Baubau</name>
<description>Kota Baubau - radius 500m</description>
<Polygon><outerBoundaryIs><LinearRing><coordinates>
122.6081219,-5.45772419197041,0 122.608906283766,-5.45779250504157,0 122.609666834952,-5.45799536864283,0 122.610380445053,-5.45832661899838,0 122.611025431729,-5.45877619143619,0 122.611582197569,-5.45933042617349,0 122.612033825524,-5.45997248333252,0 122.612366592926,-5.46068285457977,0 122.612570388465,-5.46143995584693,0 122.612639019456,-5.46222078312738,0 122.612570400059,-5.46300161142537,0 122.612366614716,-5.46375871562243,0 122.612033854882,-5.46446909135855,0 122.611582230953,-5.46511115402399,0 122.611025465114,-5.46566539462109,0 122.610380474411,-5.46611497256531,0 122.609666856742,-5.46644622740973,0 122.608906295361,-5.46664909394089,0 122.6081219,-5.46671740802959,0 122.607337504639,-5.46664909394089,0 122.606576943258,-5.46644622740973,0 122.60586332559,-5.46611497256531,0 122.605218334886,-5.46566539462109,0 122.604661569047,-5.46511115402399,0 122.604209945118,-5.46446909135855,0 122.603877185284,-5.46375871562243,0 122.603673399941,-5.46300161142537,0 122.603604780544,-5.46222078312738,0 122.603673411535,-5.46143995584693,0 122.603877207074,-5.46068285457977,0 122.604209974476,-5.45997248333252,0 122.604661602431,-5.45933042617349,0 122.605218368271,-5.45877619143619,0 122.605863354947,-5.45832661899838,0 122.606576965048,-5.45799536864283,0 122.607337516234,-5.45779250504157,0 122.6081219,-5.45772419197041,0
</coordinates></LinearRing></outerBoundaryIs></Polygon>
</Placemark>
<Placemark>
<name>Pasar Tradisional Wameo</name>
<description>Kota Baubau - radius 500m</description>
<Polygon><outerBoundaryIs><LinearRing><coordinates>
122.5942264,-5.45340969197041,0 122.595010778125,-5.45347800504197,0 122.59577132384,-5.45368086864439,0 122.596484928808,-5.45401211900174,0 122.597129910844,-5.45446169144173,0 122.597686672676,-5.45501592618136,0 122.598138297379,-5.45565798334257,0 122.598471062383,-5.45636835459161,0 122.59867485645,-5.45712545585993,0 122.598743486943,-5.45790628314079,0 122.598674868035,-5.45868711143838,0 122.598471084155,-5.45944421563427,0 122.598138326713,-5.46015459136861,0 122.597686706033,-5.46079665403186,0 122.597129944201,-5.46135089462663,0 122.596484958142,-5.46180047256866,0 122.595771345613,-5.4621317274113,0 122.59501078971,-5.46233459394129,0 122.5942264,-5.46240290802959,0 122.59344201029,-5.46233459394129,0 122.592681454387,-5.4621317274113,0 122.591967841858,-5.46180047256866,0 122.591322855799,-5.46135089462663,0 122.590766093967,-5.46079665403186,0 122.590314473287,-5.46015459136861,0 122.589981715845,-5.45944421563427,0 122.589777931965,-5.45868711143838,0 122.589709313057,-5.45790628314079,0 122.58977794355,-5.45712545585993,0 122.589981737617,-5.45636835459161,0 122.590314502621,-5.45565798334257,0 122.590766127324,-5.45501592618136,0 122.591322889156,-5.45446169144173,0 122.591967871192,-5.45401211900174,0 122.59268147616,-5.45368086864439,0 122.593442021875,-5.45347800504197,0 122.5942264,-5.45340969197041,0
</coordinates></LinearRing></outerBoundaryIs></Polygon>
</Placemark>
<Placemark>
<name>Pertokoan Laelangi Baubau</name>
<description>Kota Baubau - radius 500m</description>
<Polygon><outerBoundaryIs><LinearRing><coordinates>
122.6051313,-5.45266169197041,0 122.605915677148,-5.45273000504204,0 122.606676221915,-5.45293286864467,0 122.607389825993,-5.45326411900231,0 122.608034807225,-5.45371369144269,0 122.608591568362,-5.45426792618272,0 122.609043192502,-5.45490998334432,0 122.60937595709,-5.45562035459366,0 122.609579750903,-5.45637745586219,0 122.609648381309,-5.45715828314311,0 122.609579762486,-5.45793911144063,0 122.609375978859,-5.45869621563632,0 122.609043221831,-5.45940659137035,0 122.608591601715,-5.46004865403322,0 122.608034840577,-5.46060289462759,0 122.607389855323,-5.46105247256924,0 122.606676243684,-5.46138372741157,0 122.605915688731,-5.46158659394136,0 122.6051313,-5.46165490802959,0 122.604346911269,-5.46158659394136,0 122.603586356316,-5.46138372741157,0 122.602872744677,-5.46105247256924,0 122.602227759423,-5.46060289462759,0 122.601670998285,-5.46004865403322,0 122.601219378169,-5.45940659137035,0 122.600886621141,-5.45869621563632,0 122.600682837514,-5.45793911144063,0 122.600614218691,-5.45715828314311,0 122.600682849097,-5.45637745586219,0 122.60088664291,-5.45562035459366,0 122.601219407498,-5.45490998334432,0 122.601671031638,-5.45426792618272,0 122.602227792775,-5.45371369144269,0 122.602872774007,-5.45326411900231,0 122.603586378085,-5.45293286864467,0 122.604346922852,-5.45273000504204,0 122.6051313,-5.45266169197041,0
</coordinates></LinearRing></outerBoundaryIs></Polygon>
</Placemark>
<Placemark>
<name>Pasar Winenet Bitung</name>
<description>Kota Bitung - radius 500m</description>
<Polygon><outerBoundaryIs><LinearRing><coordinates>
125.1999224,1.45423650802959,0 125.20070347934,1.45416819431501,0 125.201460825842,1.45396532886109,0 125.202171427793,1.45363407566709,0 125.202813693823,1.45318449974742,0 125.203368108956,1.45263026130479,0 125.203817827569,1.45198820066388,0 125.204149185237,1.45127782657816,0 125.204352113916,1.45052072345832,0 125.204420447842,1.44973989553442,0 125.20435211086,1.44895906787983,0 125.204149179494,1.44820196553543,0 125.203817819832,1.44749159263775,0 125.203368100158,1.4468495334542,0 125.202813685025,1.44629529656244,0 125.202171420056,1.44584572210012,0 125.201460820099,1.44551447009416,0 125.200703476285,1.44531160541568,0 125.1999224,1.44524329197041,0 125.199141323715,1.44531160541568,0 125.198383979901,1.44551447009416,0 125.197673379944,1.44584572210012,0 125.197031114975,1.44629529656244,0 125.196476699842,1.4468495334542,0 125.196026980168,1.44749159263775,0 125.195695620506,1.44820196553543,0 125.19549268914,1.44895906787983,0 125.195424352158,1.44973989553442,0 125.195492686084,1.45052072345832,0 125.195695614763,1.45127782657816,0 125.196026972431,1.45198820066388,0 125.196476691044,1.45263026130479,0 125.197031106177,1.45318449974742,0 125.197673372207,1.45363407566709,0 125.198383974158,1.45396532886109,0 125.19914132066,1.45416819431501,0 125.1999224,1.45423650802959,0
</coordinates></LinearRing></outerBoundaryIs></Polygon>
</Placemark>
<Placemark>
<name>Pasar Girian Weru</name>
<description>Kota Bitung - radius 500m</description>
<Polygon><outerBoundaryIs><LinearRing><coordinates>
125.1270434,1.44352540802959,0 125.127824475647,1.44345709431601,0 125.128581818569,1.44325422886496,0 125.129292417163,1.44292297567535,0 125.129934680162,1.44247339976106,0 125.130489092681,1.44191916132416,0 125.130938809178,1.44127710068863,0 125.131270165292,1.44056672660731,0 125.131473093024,1.43980962349033,0 125.131541426639,1.43902879556743,0 125.131473089991,1.43824796791185,0 125.131270159592,1.43749086556458,0 125.130938801499,1.43678049266251,0 125.130489083948,1.43613843347357,0 125.129934671429,1.43558419657608,0 125.129292409483,1.43513462210837,0 125.128581812869,1.43480337009802,0 125.127824472614,1.43460050541668,0 125.1270434,1.43453219197041,0 125.126262327386,1.43460050541668,0 125.125504987131,1.43480337009802,0 125.124794390517,1.43513462210837,0 125.124152128571,1.43558419657608,0 125.123597716052,1.43613843347357,0 125.123147998501,1.43678049266251,0 125.122816640408,1.43749086556458,0 125.122613710009,1.43824796791185,0 125.122545373361,1.43902879556743,0 125.122613706976,1.43980962349033,0 125.122816634708,1.44056672660731,0 125.123147990822,1.44127710068863,0 125.123597707318,1.44191916132416,0 125.124152119838,1.44247339976106,0 125.124794382837,1.44292297567535,0 125.125504981431,1.44325422886496,0 125.126262324353,1.44345709431601,0 125.1270434,1.44352540802959,0
</coordinates></LinearRing></outerBoundaryIs></Polygon>
</Placemark>
<Placemark>
<name>Girian Traditional Market</name>
<description>Kota Bitung - radius 500m</description>
<Polygon><outerBoundaryIs><LinearRing><coordinates>
125.127543,1.44448870802959,0 125.128324075978,1.44442039431592,0 125.129081419221,1.44421752886461,0 125.129792018116,1.4438862756746,0 125.130434281386,1.44343669975983,0 125.13098869414,1.44288246132241,0 125.131438410827,1.44224040068641,0 125.13176976708,1.44153002660468,0 125.131972694897,1.44077292348745,0 125.13204102854,1.43999209556446,0 125.131972691862,1.43921126790897,0 125.131769761376,1.43845416556196,0 125.131438403142,1.43774379266028,0 125.130988685401,1.43710173347182,0 125.130434272647,1.43654749657485,0 125.129792010431,1.43609792210763,0 125.129081413517,1.43576667009767,0 125.128324072943,1.43556380541659,0 125.127543,1.43549549197041,0 125.126761927057,1.43556380541659,0 125.126004586483,1.43576667009767,0 125.125293989569,1.43609792210763,0 125.124651727353,1.43654749657485,0 125.124097314599,1.43710173347182,0 125.123647596858,1.43774379266028,0 125.123316238624,1.43845416556196,0 125.123113308138,1.43921126790897,0 125.12304497146,1.43999209556446,0 125.123113305103,1.44077292348745,0 125.12331623292,1.44153002660468,0 125.123647589173,1.44224040068641,0 125.12409730586,1.44288246132241,0 125.124651718614,1.44343669975983,0 125.125293981884,1.4438862756746,0 125.126004580779,1.44421752886461,0 125.126761924022,1.44442039431592,0 125.127543,1.44448870802959,0
</coordinates></LinearRing></outerBoundaryIs></Polygon>
</Placemark>
<Placemark>
<name>Bitung Creative Center Market</name>
<description>Kota Bitung - radius 500m</description>
<Polygon><outerBoundaryIs><LinearRing><coordinates>
125.1921473,1.44806130802959,0 125.192928377208,1.44799299431558,0 125.193685721642,1.44779012886332,0 125.194396321655,1.44745887567185,0 125.195038585935,1.44700929975528,0 125.195592999559,1.44645506131595,0 125.19604271695,1.44581300067815,0 125.19637407372,1.44510262659496,0 125.196577001853,1.44434552347677,0 125.196645335599,1.44356469555345,0 125.19657699881,1.44278386789829,0 125.196374068002,1.44202676555224,0 125.196042709246,1.44131639265203,0 125.195592990798,1.44067433346536,0 125.195038577174,1.4401200965703,0 125.194396313951,1.43967052210488,0 125.193685715924,1.43933927009639,0 125.192928374165,1.43913640541626,0 125.1921473,1.43906809197041,0 125.191366225835,1.43913640541626,0 125.190608884076,1.43933927009639,0 125.189898286049,1.43967052210488,0 125.189256022826,1.4401200965703,0 125.188701609202,1.44067433346536,0 125.188251890754,1.44131639265203,0 125.187920531998,1.44202676555224,0 125.18771760119,1.44278386789829,0 125.187649264401,1.44356469555345,0 125.187717598147,1.44434552347677,0 125.18792052628,1.44510262659496,0 125.18825188305,1.44581300067815,0 125.188701600441,1.44645506131595,0 125.189256014065,1.44700929975528,0 125.189898278345,1.44745887567185,0 125.190608878358,1.44779012886332,0 125.191366222792,1.44799299431558,0 125.1921473,1.44806130802959,0
</coordinates></LinearRing></outerBoundaryIs></Polygon>
</Placemark>
<Placemark>
<name>Pasar Tua Kuliner Bitung</name>
<description>Kota Bitung - radius 500m</description>
<Polygon><outerBoundaryIs><LinearRing><coordinates>
125.1881777,1.44713420802959,0 125.188958776888,1.44706589431567,0 125.189716121013,1.44686302886365,0 125.190426720736,1.44653177567256,0 125.191068984753,1.44608219975646,0 125.191623398151,1.44552796131763,0 125.192073115359,1.44488590068029,0 125.192404471996,1.44417552659749,0 125.192607400046,1.44341842347954,0 125.192675733765,1.44263759555631,0 125.192607397005,1.44185676790106,0 125.192404466281,1.44109966555476,0 125.19207310766,1.44038929265417,0 125.191623389396,1.43974723346704,0 125.191068975998,1.43919299657148,0 125.190426713036,1.43874342210559,0 125.189716115299,1.43841217009672,0 125.188958773848,1.43820930541634,0 125.1881777,1.4381409919704,0 125.187396626152,1.43820930541634,0 125.186639284701,1.43841217009672,0 125.185928686964,1.43874342210559,0 125.185286424002,1.43919299657148,0 125.184732010604,1.43974723346704,0 125.18428229234,1.44038929265417,0 125.183950933719,1.44109966555476,0 125.183748002995,1.44185676790106,0 125.183679666235,1.44263759555631,0 125.183747999954,1.44341842347954,0 125.183950928005,1.44417552659749,0 125.184282284641,1.44488590068029,0 125.184732001849,1.44552796131763,0 125.185286415247,1.44608219975646,0 125.185928679264,1.44653177567256,0 125.186639278987,1.44686302886365,0 125.187396623112,1.44706589431567,0 125.1881777,1.44713420802959,0
</coordinates></LinearRing></outerBoundaryIs></Polygon>
</Placemark>
<Placemark>
<name>Pasar Rakyat Bitung</name>
<description>Kota Bitung - radius 500m</description>
<Polygon><outerBoundaryIs><LinearRing><coordinates>
125.1973283,1.45325440802959,0 125.198109379,1.4531860943151,0 125.198866725173,1.45298322886145,0 125.199577326815,1.45265197566785,0 125.200219592566,1.45220239974867,0 125.200774007459,1.45164816130656,0 125.201223725877,1.45100610066615,0 125.201555083402,1.45029572658083,0 125.201758011994,1.44953862346125,0 125.201826345891,1.44875779553745,0 125.20175800894,1.44797696788277,0 125.201555077663,1.4472198655381,0 125.201223718145,1.44650949264002,0 125.200773998667,1.44586743345597,0 125.200219583774,1.44531319656369,0 125.199577319083,1.44486362210087,0 125.198866719434,1.44453237009451,0 125.198109375947,1.44432950541577,0 125.1973283,1.44426119197041,0 125.196547224053,1.44432950541577,0 125.195789880566,1.44453237009451,0 125.195079280917,1.44486362210087,0 125.194437016226,1.44531319656369,0 125.193882601333,1.44586743345597,0 125.193432881855,1.44650949264002,0 125.193101522337,1.4472198655381,0 125.19289859106,1.44797696788277,0 125.192830254109,1.44875779553745,0 125.192898588006,1.44953862346125,0 125.193101516598,1.45029572658083,0 125.193432874123,1.45100610066615,0 125.193882592541,1.45164816130656,0 125.194437007434,1.45220239974867,0 125.195079273185,1.45265197566785,0 125.195789874827,1.45298322886145,0 125.196547221,1.4531860943151,0 125.1973283,1.45325440802959,0
</coordinates></LinearRing></outerBoundaryIs></Polygon>
</Placemark>
<Placemark>
<name>Pasar Sagerat Bitung</name>
<description>Kota Bitung - radius 500m</description>
<Polygon><outerBoundaryIs><LinearRing><coordinates>
125.0984624,1.43341480802959,0 125.099243472186,1.43334649431694,0 125.100000811753,1.4331436288686,0 125.100711407201,1.43281237568313,0 125.101353667359,1.43236279977393,0 125.10190807743,1.43180856134244,0 125.102357791944,1.431166500712,0 125.102689146601,1.43045612663482,0 125.102892073446,1.42969902352055,0 125.10296040677,1.42891819559859,0 125.102892070434,1.42813736794206,0 125.102689140941,1.42738026559209,0 125.102357784318,1.42666989268588,0 125.101908068758,1.42602783349185,0 125.101353658688,1.42547359658895,0 125.100711399575,1.42502402211616,0 125.100000806093,1.42469277010166,0 125.099243469174,1.42448990541762,0 125.0984624,1.42442159197041,0 125.097681330826,1.42448990541762,0 125.096923993907,1.42469277010166,0 125.096213400425,1.42502402211616,0 125.095571141312,1.42547359658895,0 125.095016731242,1.42602783349185,0 125.094567015682,1.42666989268588,0 125.094235659059,1.42738026559209,0 125.094032729566,1.42813736794206,0 125.09396439323,1.42891819559859,0 125.094032726554,1.42969902352055,0 125.094235653399,1.43045612663482,0 125.094567008056,1.431166500712,0 125.09501672257,1.43180856134244,0 125.095571132641,1.43236279977393,0 125.096213392799,1.43281237568313,0 125.096923988247,1.4331436288686,0 125.097681327814,1.43334649431694,0 125.0984624,1.43341480802959,0
</coordinates></LinearRing></outerBoundaryIs></Polygon>
</Placemark>
<Placemark>
<name>Pasar Cita Bitung</name>
<description>Kota Bitung - radius 500m</description>
<Polygon><outerBoundaryIs><LinearRing><coordinates>
125.1916635,1.44770940802959,0 125.192444577086,1.44764109431562,0 125.193201921403,1.44743822886345,0 125.193912521306,1.44710697567212,0 125.194554785486,1.44665739975573,0 125.195109199024,1.44610316131659,0 125.195558916346,1.44546110067897,0 125.195890273065,1.44475072659592,0 125.196093201167,1.44399362347783,0 125.196161534903,1.44321279555454,0 125.196093198125,1.44243196789934,0 125.195890267349,1.44167486555319,0 125.195558908644,1.44096449265284,0 125.195109190266,1.440322433466,0 125.194554776728,1.43976819657075,0 125.193912513604,1.43931862210515,0 125.193201915686,1.43898737009651,0 125.192444574045,1.43878450541629,0 125.1916635,1.43871619197041,0 125.190882425955,1.43878450541629,0 125.190125084314,1.43898737009651,0 125.189414486396,1.43931862210515,0 125.188772223272,1.43976819657075,0 125.188217809734,1.440322433466,0 125.187768091356,1.44096449265284,0 125.187436732651,1.44167486555319,0 125.187233801875,1.44243196789934,0 125.187165465097,1.44321279555454,0 125.187233798833,1.44399362347783,0 125.187436726935,1.44475072659592,0 125.187768083654,1.44546110067897,0 125.188217800976,1.44610316131659,0 125.188772214514,1.44665739975573,0 125.189414478694,1.44710697567212,0 125.190125078597,1.44743822886345,0 125.190882422914,1.44764109431562,0 125.1916635,1.44770940802959,0
</coordinates></LinearRing></outerBoundaryIs></Polygon>
</Placemark>
<Placemark>
<name>Pasar Papusungan Bitung</name>
<description>Kota Bitung - radius 500m</description>
<Polygon><outerBoundaryIs><LinearRing><coordinates>
125.2086258,1.43669500802959,0 125.209406873306,1.43662669431664,0 125.210164213959,1.43642382886742,0 125.210874810426,1.43609257568061,0 125.211517071503,1.43564299976976,0 125.212071482366,1.43508876133651,0 125.212521197522,1.43444670070442,0 125.21285255265,1.43373632662589,0 125.213055479783,1.43297922351074,0 125.213123813201,1.43219839558848,0 125.213055476764,1.43141756793226,0 125.212852546977,1.43066046558316,0 125.212521189879,1.4299500926783,0 125.212071473675,1.42930803348592,0 125.211517062811,1.42875379658477,0 125.210874802782,1.42830422211363,0 125.210164208286,1.42797297010048,0 125.209406870288,1.42777010541731,0 125.2086258,1.42770179197041,0 125.207844729712,1.42777010541731,0 125.207087391714,1.42797297010048,0 125.206376797218,1.42830422211363,0 125.205734537189,1.42875379658477,0 125.205180126325,1.42930803348592,0 125.204730410121,1.4299500926783,0 125.204399053023,1.43066046558316,0 125.204196123236,1.43141756793226,0 125.204127786799,1.43219839558848,0 125.204196120217,1.43297922351074,0 125.204399047349,1.43373632662589,0 125.204730402478,1.43444670070442,0 125.205180117634,1.43508876133651,0 125.205734528497,1.43564299976976,0 125.206376789574,1.43609257568061,0 125.207087386041,1.43642382886742,0 125.207844726694,1.43662669431664,0 125.2086258,1.43669500802959,0
</coordinates></LinearRing></outerBoundaryIs></Polygon>
</Placemark>
<Placemark>
<name>Pasar Sentral Kota Gorontalo</name>
<description>Kota Gorontalo - radius 500m</description>
<Polygon><outerBoundaryIs><LinearRing><coordinates>
123.0597988,0.550227608029594,0 123.060579663787,0.550159294398985,0 123.061336801371,0.549956429186865,0 123.062047207463,0.549625176363318,0 123.0626892967,0.549175600898074,0 123.063243559508,0.548621362939031,0 123.063693154892,0.547979302752551,0 123.064024422142,0.547268929037284,0 123.064227295904,0.546511826159237,0 123.064295612008,0.545730998319314,0 123.064227294754,0.544950170580749,0 123.064024419981,0.54419306799455,0 123.063693151981,0.54348269472642,0 123.063243556198,0.542840635088435,0 123.06268929339,0.542286397713088,0 123.062047204552,0.541836822796339,0 123.06133679921,0.541505570419929,0 123.060579662637,0.541302705499657,0 123.0597988,0.541234391970406,0 123.059017937363,0.541302705499657,0 123.05826080079,0.541505570419929,0 123.057550395448,0.541836822796339,0 123.05690830661,0.542286397713088,0 123.056354043802,0.542840635088435,0 123.055904448019,0.54348269472642,0 123.055573180019,0.54419306799455,0 123.055370305246,0.544950170580749,0 123.055301987992,0.545730998319314,0 123.055370304096,0.546511826159237,0 123.055573177858,0.547268929037283,0 123.055904445108,0.547979302752551,0 123.056354040492,0.548621362939031,0 123.0569083033,0.549175600898074,0 123.057550392537,0.549625176363318,0 123.058260798629,0.549956429186865,0 123.059017936213,0.550159294398985,0 123.0597988,0.550227608029594,0
</coordinates></LinearRing></outerBoundaryIs></Polygon>
</Placemark>
<Placemark>
<name>Moodu Traditional Market</name>
<description>Kota Gorontalo - radius 500m</description>
<Polygon><outerBoundaryIs><LinearRing><coordinates>
123.0761795,0.545571308029594,0 123.07696036318,0.545502994399417,0 123.077717500176,0.545300129188543,0 123.078427905717,0.544968876366903,0 123.079069994458,0.544519300903999,0 123.079624256839,0.543965062947447,0 123.080073851878,0.543323002763307,0 123.080405118876,0.542612629049947,0 123.080607992486,0.541855526173145,0 123.080676308542,0.541074698333655,0 123.080607991346,0.540293870594658,0 123.080405116733,0.539536768007214,0 123.080073848992,0.538826394737176,0 123.079624253557,0.538184335096851,0 123.079069991176,0.537630097719013,0 123.078427902831,0.537180522799924,0 123.077717498034,0.536849270421606,0 123.07696036204,0.53664640550009,0 123.0761795,0.536578091970407,0 123.07539863796,0.53664640550009,0 123.074641501966,0.536849270421606,0 123.073931097169,0.537180522799924,0 123.073289008824,0.537630097719013,0 123.072734746443,0.53818433509685,0 123.072285151008,0.538826394737176,0 123.071953883267,0.539536768007214,0 123.071751008654,0.540293870594658,0 123.071682691458,0.541074698333655,0 123.071751007514,0.541855526173145,0 123.071953881124,0.542612629049947,0 123.072285148122,0.543323002763307,0 123.072734743161,0.543965062947447,0 123.073289005542,0.544519300903999,0 123.073931094283,0.544968876366903,0 123.074641499824,0.545300129188543,0 123.07539863682,0.545502994399417,0 123.0761795,0.545571308029594,0
</coordinates></LinearRing></outerBoundaryIs></Polygon>
</Placemark>
<Placemark>
<name>Pasar Sore Dembe Jaya</name>
<description>Kota Gorontalo - radius 500m</description>
<Polygon><outerBoundaryIs><LinearRing><coordinates>
123.081663,0.558175308029594,0 123.082443864834,0.558106994398247,0 123.083201003433,0.557904129184002,0 123.083911410476,0.557572876357199,0 123.084553500571,0.55712330088796,0 123.085107764117,0.556569062924667,0 123.085557360096,0.555927002734192,0 123.085888627782,0.555216629015669,0 123.086091501806,0.554459526135497,0 123.086159817992,0.553678698294836,0 123.08609150064,0.552897870557009,0 123.085888625589,0.552140767972936,0 123.085557357143,0.551430394708062,0 123.085107760758,0.550788335074071,0 123.084553497213,0.550234097702974,0 123.083911407523,0.549784522790219,0 123.083201001241,0.549453270417065,0 123.082443863668,0.549250405498919,0 123.081663,0.549182091970406,0 123.080882136332,0.549250405498919,0 123.080124998759,0.549453270417065,0 123.079414592477,0.549784522790219,0 123.078772502787,0.550234097702974,0 123.078218239242,0.550788335074071,0 123.077768642857,0.551430394708062,0 123.077437374411,0.552140767972936,0 123.07723449936,0.552897870557009,0 123.077166182008,0.553678698294836,0 123.077234498194,0.554459526135497,0 123.077437372218,0.555216629015669,0 123.077768639904,0.555927002734192,0 123.078218235883,0.556569062924667,0 123.078772499429,0.55712330088796,0 123.079414589524,0.557572876357199,0 123.080124996567,0.557904129184002,0 123.080882135166,0.558106994398247,0 123.081663,0.558175308029594,0
</coordinates></LinearRing></outerBoundaryIs></Polygon>
</Placemark>
<Placemark>
<name>Pasar Rakyat Bugis</name>
<description>Kota Gorontalo - radius 500m</description>
<Polygon><outerBoundaryIs><LinearRing><coordinates>
123.0648418,0.532447708029594,0 123.065622661498,0.532379394400636,0 123.066379796863,0.532176529193271,0 123.067090200878,0.531845276377008,0 123.067732288242,0.531395700920699,0 123.068286549438,0.530841462971166,0 123.068736143521,0.530199402793621,0 123.06906740982,0.529489029085638,0 123.069270283009,0.528731926212346,0 123.069338598932,0.527951098374074,0 123.069270281897,0.527170270633858,0 123.06906740773,0.526413168042905,0 123.068736140705,0.52570279476749,0 123.068286546236,0.525060735120569,0 123.067732285039,0.524506497735714,0 123.067090198062,0.524056922810029,0 123.066379794773,0.523725670426335,0 123.065622660385,0.523522805501309,0 123.0648418,0.523454491970406,0 123.064060939615,0.523522805501309,0 123.063303805227,0.523725670426335,0 123.062593401938,0.524056922810029,0 123.061951314961,0.524506497735713,0 123.061397053764,0.525060735120569,0 123.060947459295,0.52570279476749,0 123.06061619227,0.526413168042905,0 123.060413318103,0.527170270633858,0 123.060345001067,0.527951098374074,0 123.060413316991,0.528731926212346,0 123.06061619018,0.529489029085638,0 123.060947456479,0.530199402793621,0 123.061397050562,0.530841462971166,0 123.061951311758,0.531395700920699,0 123.062593399122,0.531845276377008,0 123.063303803137,0.532176529193271,0 123.064060938502,0.532379394400636,0 123.0648418,0.532447708029594,0
</coordinates></LinearRing></outerBoundaryIs></Polygon>
</Placemark>
<Placemark>
<name>Pasar Andalas</name>
<description>Kota Gorontalo - radius 500m</description>
<Polygon><outerBoundaryIs><LinearRing><coordinates>
123.058083,0.577639608029594,0 123.058863867464,0.577571294396439,0 123.05962100861,0.577368429176989,0 123.06033141804,0.577037176342212,0 123.060973510287,0.576587600863191,0 123.061527775684,0.576033362889488,0 123.061977373158,0.575391302689231,0 123.062308641937,0.574680928962733,0 123.062511516621,0.573923826077356,0 123.062579833015,0.573142998234888,0 123.062511515413,0.572362170498869,0 123.062308639667,0.57160506792,0 123.061977370101,0.570894694663101,0 123.061527772207,0.570252635038891,0 123.06097350681,0.569698397678205,0 123.060331414982,0.569248822775232,0 123.05962100634,0.568917570410053,0 123.058863866256,0.568714705497112,0 123.058083,0.568646391970406,0 123.057302133744,0.568714705497112,0 123.05654499366,0.568917570410053,0 123.055834585018,0.569248822775232,0 123.05519249319,0.569698397678205,0 123.054638227793,0.570252635038891,0 123.054188629899,0.5708946946631,0 123.053857360333,0.57160506792,0 123.053654484587,0.572362170498869,0 123.053586166985,0.573142998234888,0 123.053654483379,0.573923826077356,0 123.053857358063,0.574680928962733,0 123.054188626842,0.575391302689231,0 123.054638224316,0.576033362889488,0 123.055192489713,0.576587600863191,0 123.05583458196,0.577037176342212,0 123.05654499139,0.577368429176989,0 123.057302132536,0.577571294396439,0 123.058083,0.577639608029594,0
</coordinates></LinearRing></outerBoundaryIs></Polygon>
</Placemark>
<Placemark>
<name>Pasar Bulotadaa Gorontalo</name>
<description>Kota Gorontalo - radius 500m</description>
<Polygon><outerBoundaryIs><LinearRing><coordinates>
123.0632958,0.585186908029594,0 123.064076668507,0.585118594395738,0 123.064833810665,0.58491572917427,0 123.065544221042,0.5845844763364,0 123.066186314143,0.584134900853587,0 123.066740580276,0.583580662875847,0 123.067190178344,0.582938602671798,0 123.067521447556,0.582228228942207,0 123.067724322503,0.581471126054812,0 123.067792638979,0.580690298211643,0 123.067724321279,0.579909470476325,0 123.067521445257,0.579152367899475,0 123.067190175246,0.578441994645667,0 123.066740576753,0.577799935025251,0 123.066186310621,0.577245697668601,0 123.065544217944,0.576796122769421,0 123.064833808365,0.576464870407334,0 123.064076667284,0.576262005496411,0 123.0632958,0.576193691970406,0 123.062514932716,0.576262005496411,0 123.061757791635,0.576464870407334,0 123.061047382056,0.576796122769421,0 123.060405289379,0.577245697668601,0 123.059851023247,0.577799935025251,0 123.059401424754,0.578441994645667,0 123.059070154743,0.579152367899475,0 123.05886727872,0.579909470476325,0 123.058798961021,0.580690298211643,0 123.058867277497,0.581471126054812,0 123.059070152444,0.582228228942207,0 123.059401421656,0.582938602671797,0 123.059851019724,0.583580662875847,0 123.060405285857,0.584134900853587,0 123.061047378958,0.5845844763364,0 123.061757789335,0.58491572917427,0 123.062514931493,0.585118594395738,0 123.0632958,0.585186908029594,0
</coordinates></LinearRing></outerBoundaryIs></Polygon>
</Placemark>
<Placemark>
<name>Pasar Liluwo</name>
<description>Kota Gorontalo - radius 500m</description>
<Polygon><outerBoundaryIs><LinearRing><coordinates>
123.0549869,0.570875508029594,0 123.05576776654,0.570807194397067,0 123.056524906791,0.570604329179426,0 123.057235315382,0.57027307634742,0 123.057877406873,0.569823500871799,0 123.058431671619,0.569269262901713,0 123.058881268568,0.568627202704856,0 123.059212536962,0.567916828981129,0 123.059415411415,0.567159726097561,0 123.059483727735,0.566378898255721,0 123.059415410221,0.565598070519074,0 123.05921253472,0.564840967938396,0 123.058881265547,0.564130594678725,0 123.058431668183,0.563488535051117,0 123.057877403437,0.562934297686813,0 123.05723531236,0.562484722780441,0 123.056524904548,0.56215347041249,0 123.055767765346,0.56195060549774,0 123.0549869,0.561882291970407,0 123.054206034653,0.56195060549774,0 123.053448895452,0.56215347041249,0 123.052738487639,0.562484722780441,0 123.052096396563,0.562934297686813,0 123.051542131817,0.563488535051117,0 123.051092534453,0.564130594678725,0 123.05076126528,0.564840967938396,0 123.050558389779,0.565598070519074,0 123.050490072265,0.566378898255721,0 123.050558388585,0.567159726097561,0 123.050761263038,0.567916828981129,0 123.051092531432,0.568627202704856,0 123.051542128381,0.569269262901713,0 123.052096393127,0.569823500871799,0 123.052738484618,0.57027307634742,0 123.053448893209,0.570604329179426,0 123.05420603346,0.570807194397067,0 123.0549869,0.570875508029594,0
</coordinates></LinearRing></outerBoundaryIs></Polygon>
</Placemark>
<Placemark>
<name>Pasar Minggu Gorontalo</name>
<description>Kota Gorontalo - radius 500m</description>
<Polygon><outerBoundaryIs><LinearRing><coordinates>
123.0473506,0.586499008029593,0 123.04813146869,0.586430694395615,0 123.048888611025,0.586227829173797,0 123.049599021568,0.585896576335389,0 123.050241114819,0.585447000851916,0 123.05079538108,0.584892762873475,0 123.051244979252,0.584250702668766,0 123.051576248541,0.583540328938638,0 123.051779123533,0.582783226050892,0 123.051847440024,0.582002398207601,0 123.051779122307,0.581221570472404,0 123.051576246236,0.580464467895905,0 123.051244976147,0.579754094642635,0 123.05079537755,0.579112035022878,0 123.050241111289,0.57855779766693,0 123.049599018463,0.57810822276841,0 123.04888860872,0.57777697040686,0 123.048131467464,0.577574105496288,0 123.0473506,0.577505791970405,0 123.046569732536,0.577574105496288,0 123.04581259128,0.57777697040686,0 123.045102181537,0.57810822276841,0 123.044460088711,0.57855779766693,0 123.04390582245,0.579112035022878,0 123.043456223853,0.579754094642635,0 123.043124953764,0.580464467895905,0 123.042922077693,0.581221570472404,0 123.042853759976,0.582002398207601,0 123.042922076467,0.582783226050892,0 123.043124951459,0.583540328938638,0 123.043456220748,0.584250702668766,0 123.04390581892,0.584892762873475,0 123.044460085181,0.585447000851916,0 123.045102178432,0.585896576335389,0 123.045812588975,0.586227829173797,0 123.04656973131,0.586430694395615,0 123.0473506,0.586499008029593,0
</coordinates></LinearRing></outerBoundaryIs></Polygon>
</Placemark>
<Placemark>
<name>Pasar Tradisional Dumbo</name>
<description>Kota Gorontalo - radius 500m</description>
<Polygon><outerBoundaryIs><LinearRing><coordinates>
123.0650253,0.532526308029593,0 123.065806161508,0.532457994400628,0 123.066563296883,0.532255129193242,0 123.067273700906,0.531923876376947,0 123.067915788279,0.531474300920599,0 123.068470049482,0.530920062971023,0 123.068919643571,0.530278002793438,0 123.069250909874,0.529567629085423,0 123.069453783065,0.52881052621211,0 123.069522098989,0.528029698373831,0 123.069453781952,0.527248870633622,0 123.069250907783,0.52649176804269,0 123.068919640754,0.525781394767307,0 123.068470046279,0.525139335120426,0 123.067915785076,0.524585097735612,0 123.06727369809,0.524135522809967,0 123.066563294792,0.523804270426305,0 123.065806160395,0.5236014055013,0 123.0650253,0.523533091970405,0 123.064244439605,0.5236014055013,0 123.063487305208,0.523804270426305,0 123.06277690191,0.524135522809967,0 123.062134814924,0.524585097735612,0 123.061580553721,0.525139335120426,0 123.061130959246,0.525781394767307,0 123.060799692217,0.52649176804269,0 123.060596818047,0.527248870633622,0 123.060528501011,0.528029698373831,0 123.060596816935,0.52881052621211,0 123.060799690126,0.529567629085423,0 123.061130956429,0.530278002793438,0 123.061580550518,0.530920062971023,0 123.062134811721,0.531474300920599,0 123.062776899093,0.531923876376947,0 123.063487303117,0.532255129193242,0 123.064244438492,0.532457994400628,0 123.0650253,0.532526308029593,0
</coordinates></LinearRing></outerBoundaryIs></Polygon>
</Placemark>
<Placemark>
<name>Pasar Modern Limboto Kayubulan</name>
<description>Kota Gorontalo - radius 500m</description>
<Polygon><outerBoundaryIs><LinearRing><coordinates>
122.9801671,0.628821408029594,0 122.980947974807,0.628753094391686,0 122.981705123069,0.628550229158549,0 122.982415539165,0.628218976302802,0 122.983057637425,0.627769400798059,0 122.983611907997,0.627215162796983,0 122.984061509649,0.626573102571004,0 122.984392781485,0.625862728823536,0 122.984595658016,0.625105625924473,0 122.984663974993,0.624324798077251,0 122.9845956567,0.623543970345985,0 122.984392779013,0.622786867780803,0 122.984061506319,0.622076494544873,0 122.983611904209,0.621434434946387,0 122.983057633638,0.620880197613074,0 122.982415535835,0.620430622735823,0 122.981705120597,0.620099370391613,0 122.980947973492,0.619896505492358,0 122.9801671,0.619828191970406,0 122.979386226508,0.619896505492358,0 122.978629079403,0.620099370391613,0 122.977918664165,0.620430622735823,0 122.977276566362,0.620880197613074,0 122.976722295791,0.621434434946387,0 122.976272693681,0.622076494544873,0 122.975941420987,0.622786867780803,0 122.975738543299,0.623543970345985,0 122.975670225007,0.624324798077251,0 122.975738541984,0.625105625924473,0 122.975941418515,0.625862728823536,0 122.976272690351,0.626573102571004,0 122.976722292003,0.627215162796983,0 122.977276562575,0.627769400798059,0 122.977918660835,0.628218976302802,0 122.978629076931,0.628550229158549,0 122.979386225193,0.628753094391686,0 122.9801671,0.628821408029594,0
</coordinates></LinearRing></outerBoundaryIs></Polygon>
</Placemark>
<Placemark>
<name>Pasar Pilohayanga</name>
<description>Kota Gorontalo - radius 500m</description>
<Polygon><outerBoundaryIs><LinearRing><coordinates>
123.0621616,0.610074508029594,0 123.062942472045,0.610006194393427,0 123.06369961763,0.609803329165304,0 123.064410031219,0.609472076317237,0 123.065052127217,0.609022500821916,0 123.065606395842,0.608468262830866,0 123.066055995922,0.607826202614308,0 123.066387266608,0.607115828874522,0 123.066590142443,0.606358725980471,0 123.066658459201,0.605577898134991,0 123.066590141168,0.604797070401984,0 123.06638726421,0.604039967831789,0 123.066055992692,0.603329594588178,0 123.065606392168,0.60268753498027,0 123.065052123544,0.60213329763693,0 123.064410027989,0.601683722750258,0 123.063699615232,0.601352470398367,0 123.062942470769,0.601149605494099,0 123.0621616,0.601081291970406,0 123.061380729231,0.601149605494099,0 123.060623584768,0.601352470398367,0 123.059913172011,0.601683722750258,0 123.059271076456,0.60213329763693,0 123.058716807832,0.60268753498027,0 123.058267207308,0.603329594588178,0 123.05793593579,0.604039967831789,0 123.057733058832,0.604797070401984,0 123.057664740799,0.605577898134991,0 123.057733057557,0.606358725980471,0 123.057935933392,0.607115828874522,0 123.058267204078,0.607826202614308,0 123.058716804158,0.608468262830866,0 123.059271072783,0.609022500821916,0 123.059913168781,0.609472076317237,0 123.06062358237,0.609803329165304,0 123.061380727955,0.610006194393427,0 123.0621616,0.610074508029594,0
</coordinates></LinearRing></outerBoundaryIs></Polygon>
</Placemark>
<Placemark>
<name>Pasar Selasa Bone Bolango</name>
<description>Kota Gorontalo - radius 500m</description>
<Polygon><outerBoundaryIs><LinearRing><coordinates>
123.1024876,0.553691908029593,0 123.103268464242,0.553623594398662,0 123.104025602266,0.553420729185616,0 123.104736008771,0.55308947636065,0 123.105378098381,0.552639900893665,0 123.105932361509,0.552085662932769,0 123.106381957151,0.551443602744548,0 123.10671322459,0.550733229027861,0 123.106916098466,0.549976126148888,0 123.106984414606,0.549195298308644,0 123.106916097309,0.5484144705704,0 123.106713222416,0.547657367985128,0 123.106381954222,0.546946994718417,0 123.105932358178,0.546304935082173,0 123.105378095049,0.545750697708679,0 123.104736005841,0.545301122793671,0 123.104025600091,0.54496987041868,0 123.103268463085,0.544767005499335,0 123.1024876,0.544698691970405,0 123.101706736915,0.544767005499335,0 123.100949599908,0.54496987041868,0 123.100239194159,0.545301122793671,0 123.099597104951,0.545750697708679,0 123.099042841822,0.546304935082173,0 123.098593245778,0.546946994718417,0 123.098261977584,0.547657367985128,0 123.098059102691,0.5484144705704,0 123.097990785394,0.549195298308644,0 123.098059101534,0.549976126148888,0 123.09826197541,0.550733229027861,0 123.098593242849,0.551443602744548,0 123.099042838491,0.552085662932769,0 123.099597101619,0.552639900893665,0 123.100239191229,0.55308947636065,0 123.100949597734,0.553420729185616,0 123.101706735758,0.553623594398662,0 123.1024876,0.553691908029593,0
</coordinates></LinearRing></outerBoundaryIs></Polygon>
</Placemark>
<Placemark>
<name>Pasar Sentral Talaga Gorontalo</name>
<description>Kota Gorontalo - radius 500m</description>
<Polygon><outerBoundaryIs><LinearRing><coordinates>
123.0464827,0.583389908029593,0 123.047263568258,0.583321594395904,0 123.048020710173,0.583118729174917,0 123.048731120324,0.582787476337783,0 123.049373213221,0.582337900855873,0 123.049927479177,0.581783662879094,0 123.050377077103,0.581141602675947,0 123.050708346212,0.580431228947094,0 123.050911221095,0.579674126060179,0 123.050979537552,0.578893298217177,0 123.050911219876,0.578112470481691,0 123.05070834392,0.577355367904361,0 123.050377074015,0.576644994649817,0 123.049927475665,0.576002935028498,0 123.049373209709,0.575448697670887,0 123.048731117235,0.574999122770804,0 123.048020707881,0.57466787040798,0 123.047263567038,0.574465005496577,0 123.0464827,0.574396691970405,0 123.045701832962,0.574465005496577,0 123.044944692119,0.57466787040798,0 123.044234282765,0.574999122770804,0 123.043592190291,0.575448697670887,0 123.043037924335,0.576002935028498,0 123.042588325985,0.576644994649817,0 123.04225705608,0.577355367904361,0 123.042054180124,0.578112470481691,0 123.041985862448,0.578893298217177,0 123.042054178905,0.579674126060179,0 123.042257053788,0.580431228947094,0 123.042588322897,0.581141602675947,0 123.043037920823,0.581783662879094,0 123.043592186779,0.582337900855873,0 123.044234279676,0.582787476337783,0 123.044944689827,0.583118729174917,0 123.045701831742,0.583321594395904,0 123.0464827,0.583389908029593,0
</coordinates></LinearRing></outerBoundaryIs></Polygon>
</Placemark>
<Placemark>
<name>Pasar Sentral Kota Lama Kendari</name>
<description>Kota Kendari - radius 500m</description>
<Polygon><outerBoundaryIs><LinearRing><coordinates>
122.5788952,-3.96565379197041,0 122.579677901887,-3.96572210518107,0 122.580436822152,-3.96592496918402,0 122.58114890172,-3.966256220155,0 122.581792504659,-3.96670579334774,0 122.582348075554,-3.96726002888842,0 122.582798733662,-3.96790208680239,0 122.583130785834,-3.96861245866508,0 122.583334142587,-3.96936956033394,0 122.583402624694,-3.9701503877539,0 122.583334150984,-3.9709312159124,0 122.583130801615,-3.97168831970777,0 122.582798754924,-3.97239869482847,0 122.582348099732,-3.97304075673897,0 122.581792528838,-3.97359499653268,0 122.581148922982,-3.97404457372195,0 122.580436837933,-3.97437582795094,0 122.579677910284,-3.9745786940804,0 122.5788952,-3.97464700802959,0 122.578112489716,-3.9745786940804,0 122.577353562067,-3.97437582795094,0 122.576641477018,-3.97404457372195,0 122.575997871162,-3.97359499653268,0 122.575442300268,-3.97304075673897,0 122.574991645076,-3.97239869482847,0 122.574659598385,-3.97168831970777,0 122.574456249016,-3.9709312159124,0 122.574387775306,-3.9701503877539,0 122.574456257413,-3.96936956033394,0 122.574659614166,-3.96861245866508,0 122.574991666338,-3.96790208680239,0 122.575442324446,-3.96726002888842,0 122.575997895341,-3.96670579334774,0 122.57664149828,-3.966256220155,0 122.577353577848,-3.96592496918402,0 122.578112498113,-3.96572210518107,0 122.5788952,-3.96565379197041,0
</coordinates></LinearRing></outerBoundaryIs></Polygon>
</Placemark>
<Placemark>
<name>Pasar Anduonohu Kendari</name>
<description>Kota Kendari - radius 500m</description>
<Polygon><outerBoundaryIs><LinearRing><coordinates>
122.5406929,-3.99555159197041,0 122.541475630309,-3.99561990517828,0 122.542234578135,-3.9958227691732,0 122.542946683569,-3.99615402013187,0 122.543590309894,-3.99660359330951,0 122.544145900985,-3.99715782883413,0 122.544596575487,-3.997799886733,0 122.544928639752,-3.99851025858338,0 122.545132003925,-3.99926736024421,0 122.545200488553,-4.00004818766139,0 122.545132012385,-4.00082901582267,0 122.544928655653,-4.00158611962608,0 122.544596596911,-4.00229649475908,0 122.544145925347,-4.00293855668468,0 122.543590334256,-4.00349279649445,0 122.542946704992,-4.00394237369882,0 122.542234594036,-4.00427362794012,0 122.54147563877,-4.00447649407761,0 122.5406929,-4.00454480802959,0 122.53991016123,-4.00447649407761,0 122.539151205964,-4.00427362794012,0 122.538439095008,-4.00394237369882,0 122.537795465744,-4.00349279649445,0 122.537239874653,-4.00293855668468,0 122.536789203089,-4.00229649475908,0 122.536457144348,-4.00158611962608,0 122.536253787615,-4.00082901582267,0 122.536185311447,-4.00004818766139,0 122.536253796075,-3.99926736024421,0 122.536457160248,-3.99851025858338,0 122.536789224513,-3.997799886733,0 122.537239899015,-3.99715782883413,0 122.537795490106,-3.99660359330951,0 122.538439116432,-3.99615402013187,0 122.539151221865,-3.9958227691732,0 122.539910169691,-3.99561990517828,0 122.5406929,-3.99555159197041,0
</coordinates></LinearRing></outerBoundaryIs></Polygon>
</Placemark>
<Placemark>
<name>Pasar Baruga</name>
<description>Kota Kendari - radius 500m</description>
<Polygon><outerBoundaryIs><LinearRing><coordinates>
122.4816126,-4.03887219197041,0 122.482395371873,-4.03894050517424,0 122.483154360005,-4.03914336915751,0 122.483866503263,-4.03947462009835,0 122.484510163788,-4.03992419325412,0 122.485065784415,-4.04047842875546,0 122.485516482891,-4.04112048663245,0 122.485848564837,-4.041830858465,0 122.486051939862,-4.04258796011418,0 122.486120428177,-4.04336878752732,0 122.486051948415,-4.04414961569265,0 122.485848580912,-4.04490671950769,0 122.485516504548,-4.04561709465853,0 122.485065809042,-4.046259156606,0 122.484510188416,-4.04681339643906,0 122.483866524921,-4.0472629736653,0 122.483154376079,-4.04759422792443,0 122.482395380426,-4.04779709407356,0 122.4816126,-4.04786540802959,0 122.480829819574,-4.04779709407356,0 122.480070823921,-4.04759422792443,0 122.479358675079,-4.0472629736653,0 122.478715011584,-4.04681339643906,0 122.478159390958,-4.046259156606,0 122.477708695452,-4.04561709465853,0 122.477376619088,-4.04490671950769,0 122.477173251585,-4.04414961569265,0 122.477104771823,-4.04336878752732,0 122.477173260138,-4.04258796011418,0 122.477376635163,-4.041830858465,0 122.477708717109,-4.04112048663245,0 122.478159415585,-4.04047842875546,0 122.478715036212,-4.03992419325412,0 122.479358696737,-4.03947462009835,0 122.480070839995,-4.03914336915751,0 122.480829828127,-4.03894050517424,0 122.4816126,-4.03887219197041,0
</coordinates></LinearRing></outerBoundaryIs></Polygon>
</Placemark>
<Placemark>
<name>Pasar Korem Kota Kendari</name>
<description>Kota Kendari - radius 500m</description>
<Polygon><outerBoundaryIs><LinearRing><coordinates>
122.520302,-3.96035379197041,0 122.521084696871,-3.96042210518157,0 122.521843612272,-3.96062496918594,0 122.522555687275,-3.9609562201591,0 122.523199286088,-3.96140579335451,0 122.523754853417,-3.96196002889805,0 122.524205508632,-3.96260208681469,0 122.524537558671,-3.96331245867956,0 122.524740914114,-3.96406956034984,0 122.524809395776,-3.96485038777031,0 122.524740922499,-3.96563121592831,0 122.524537574431,-3.96638831972226,0 122.524205529866,-3.96709869484077,0 122.523754877563,-3.96774075674859,0 122.523199310233,-3.96829499653946,0 122.522555708508,-3.96874457372605,0 122.521843628032,-3.96907582795286,0 122.521084705257,-3.96927869408089,0 122.520302,-3.96934700802959,0 122.519519294743,-3.96927869408089,0 122.518760371968,-3.96907582795286,0 122.518048291492,-3.96874457372605,0 122.517404689767,-3.96829499653946,0 122.516849122437,-3.96774075674859,0 122.516398470134,-3.96709869484077,0 122.516066425569,-3.96638831972226,0 122.515863077501,-3.96563121592831,0 122.515794604224,-3.96485038777031,0 122.515863085886,-3.96406956034984,0 122.516066441329,-3.96331245867956,0 122.516398491368,-3.96260208681469,0 122.516849146583,-3.96196002889805,0 122.517404713912,-3.96140579335451,0 122.518048312725,-3.9609562201591,0 122.518760387728,-3.96062496918594,0 122.519519303129,-3.96042210518157,0 122.520302,-3.96035379197041,0
</coordinates></LinearRing></outerBoundaryIs></Polygon>
</Placemark>
<Placemark>
<name>Wet Market Mandonga</name>
<description>Kota Kendari - radius 500m</description>
<Polygon><outerBoundaryIs><LinearRing><coordinates>
122.5200295,-3.96028109197041,0 122.520812196803,-3.96034940518158,0 122.521571112137,-3.96055226918596,0 122.522283187077,-3.96088352015916,0 122.522926785833,-3.96133309335461,0 122.523482353114,-3.96188732889818,0 122.523933008289,-3.96252938681486,0 122.524265058298,-3.96323975867976,0 122.524468413723,-3.96399686035006,0 122.52453689538,-3.96477768777053,0 122.524468422109,-3.96555851592853,0 122.524265074058,-3.96631561972245,0 122.523933029522,-3.96702599484094,0 122.523482377259,-3.96766805674873,0 122.522926809978,-3.96822229653955,0 122.52228320831,-3.96867187372611,0 122.521571127896,-3.96900312795289,0 122.520812205188,-3.9692059940809,0 122.5200295,-3.96927430802959,0 122.519246794812,-3.9692059940809,0 122.518487872104,-3.96900312795289,0 122.51777579169,-3.96867187372611,0 122.517132190022,-3.96822229653955,0 122.516576622741,-3.96766805674873,0 122.516125970478,-3.96702599484094,0 122.515793925942,-3.96631561972245,0 122.515590577891,-3.96555851592853,0 122.51552210462,-3.96477768777053,0 122.515590586277,-3.96399686035006,0 122.515793941702,-3.96323975867976,0 122.516125991711,-3.96252938681486,0 122.516576646886,-3.96188732889818,0 122.517132214167,-3.96133309335461,0 122.517775812923,-3.96088352015916,0 122.518487887863,-3.96055226918596,0 122.519246803197,-3.96034940518158,0 122.5200295,-3.96028109197041,0
</coordinates></LinearRing></outerBoundaryIs></Polygon>
</Placemark>
<Placemark>
<name>Pasar PKL Kendari</name>
<description>Kota Kendari - radius 500m</description>
<Polygon><outerBoundaryIs><LinearRing><coordinates>
122.5100711,-3.95930309197041,0 122.510853795878,-3.95937140518166,0 122.511612710315,-3.95957426918632,0 122.512324784414,-3.95990552015991,0 122.512968382409,-3.96035509335586,0 122.513523949032,-3.96090932889995,0 122.513974603674,-3.96155138681713,0 122.51430665329,-3.96226175868243,0 122.514510008473,-3.96301886035299,0 122.514578490048,-3.96379968777356,0 122.514510016857,-3.96458051593146,0 122.514306669046,-3.96533761972513,0 122.513974624902,-3.96604799484321,0 122.513523973172,-3.9666900567505,0 122.512968406548,-3.9672442965408,0 122.512324805641,-3.96769387372686,0 122.511612726071,-3.96802512795324,0 122.510853804261,-3.96822799408099,0 122.5100711,-3.96829630802959,0 122.509288395739,-3.96822799408099,0 122.508529473929,-3.96802512795324,0 122.507817394359,-3.96769387372686,0 122.507173793452,-3.9672442965408,0 122.506618226828,-3.9666900567505,0 122.506167575098,-3.96604799484321,0 122.505835530954,-3.96533761972513,0 122.505632183143,-3.96458051593146,0 122.505563709952,-3.96379968777356,0 122.505632191527,-3.963018860353,0 122.50583554671,-3.96226175868243,0 122.506167596326,-3.96155138681713,0 122.506618250967,-3.96090932889995,0 122.507173817591,-3.96035509335586,0 122.507817415586,-3.95990552015991,0 122.508529489685,-3.95957426918632,0 122.509288404122,-3.95937140518166,0 122.5100711,-3.95930309197041,0
</coordinates></LinearRing></outerBoundaryIs></Polygon>
</Placemark>
<Placemark>
<name>Mall Mandonga Kendari</name>
<description>Kota Kendari - radius 500m</description>
<Polygon><outerBoundaryIs><LinearRing><coordinates>
122.5189989,-3.95978899197041,0 122.519781596337,-3.95985730518162,0 122.52054051122,-3.96006016918614,0 122.521252585737,-3.96039142015954,0 122.52189618411,-3.96084099335523,0 122.52245175106,-3.96139522889907,0 122.522902405967,-3.962037286816,0 122.523234455778,-3.96274765868111,0 122.523437811082,-3.96350476035154,0 122.523506292697,-3.96428558777205,0 122.523437819466,-3.96506641593,0 122.523234471536,-3.9658235197238,0 122.522902427197,-3.96653389484208,0 122.522451775202,-3.96717595674962,0 122.521896208252,-3.96773019654018,0 122.521252606967,-3.96817977372649,0 122.520540526978,-3.96851102795306,0 122.519781604722,-3.96871389408094,0 122.5189989,-3.96878220802959,0 122.518216195278,-3.96871389408094,0 122.517457273022,-3.96851102795306,0 122.516745193033,-3.96817977372649,0 122.516101591748,-3.96773019654018,0 122.515546024798,-3.96717595674962,0 122.515095372803,-3.96653389484208,0 122.514763328464,-3.9658235197238,0 122.514559980534,-3.96506641593,0 122.514491507303,-3.96428558777205,0 122.514559988918,-3.96350476035154,0 122.514763344222,-3.96274765868111,0 122.515095394033,-3.962037286816,0 122.51554604894,-3.96139522889907,0 122.51610161589,-3.96084099335523,0 122.516745214263,-3.96039142015954,0 122.51745728878,-3.96006016918614,0 122.518216203663,-3.95985730518162,0 122.5189989,-3.95978899197041,0
</coordinates></LinearRing></outerBoundaryIs></Polygon>
</Placemark>
<Placemark>
<name>Pasar Mandonga (Mall Basah)</name>
<description>Kota Kendari - radius 500m</description>
<Polygon><outerBoundaryIs><LinearRing><coordinates>
122.520327,-3.96070639197041,0 122.521109697205,-3.96077470518153,0 122.521868612929,-3.96097756918581,0 122.522580688235,-3.96130882015883,0 122.523224287322,-3.96175839335406,0 122.523779854889,-3.96231262889741,0 122.524230510296,-3.96295468681387,0 122.524562560477,-3.9636650586786,0 122.524765916007,-3.96442216034878,0 122.524834397699,-3.96520298776921,0 122.524765924393,-3.96598381592725,0 122.524562576238,-3.96674091972129,0 122.524230531532,-3.96745129483995,0 122.523779879037,-3.96809335674795,0 122.52322431147,-3.96864759653901,0 122.52258070947,-3.96909717372578,0 122.52186862869,-3.96942842795273,0 122.521109705591,-3.96963129408086,0 122.520327,-3.96969960802959,0 122.519544294409,-3.96963129408086,0 122.51878537131,-3.96942842795273,0 122.51807329053,-3.96909717372578,0 122.51742968853,-3.96864759653901,0 122.516874120963,-3.96809335674795,0 122.516423468468,-3.96745129483995,0 122.516091423762,-3.96674091972129,0 122.515888075607,-3.96598381592725,0 122.515819602301,-3.96520298776921,0 122.515888083993,-3.96442216034878,0 122.516091439523,-3.9636650586786,0 122.516423489704,-3.96295468681387,0 122.516874145111,-3.96231262889741,0 122.517429712678,-3.96175839335406,0 122.518073311765,-3.96130882015883,0 122.518785387071,-3.96097756918581,0 122.519544302795,-3.96077470518153,0 122.520327,-3.96070639197041,0
</coordinates></LinearRing></outerBoundaryIs></Polygon>
</Placemark>
<Placemark>
<name>Pasar Lapulu</name>
<description>Kota Kendari - radius 500m</description>
<Polygon><outerBoundaryIs><LinearRing><coordinates>
122.5848819,-3.97743979197041,0 122.585664613066,-3.97750810517997,0 122.586423544171,-3.97771096917975,0 122.587135633911,-3.97804222014588,0 122.587779246049,-3.97849179333267,0 122.588334824887,-3.97904602886702,0 122.588785489443,-3.97968808677503,0 122.589117546371,-3.98039845863287,0 122.589320906042,-3.98115556029857,0 122.589389389141,-3.98193638771743,0 122.589320914464,-3.98271721587703,0 122.589117562199,-3.98347431967557,0 122.588785510768,-3.98418469480111,0 122.588334849137,-3.98482675671757,0 122.587779270299,-3.98538099651761,0 122.587135655237,-3.98583057371283,0 122.586423559999,-3.98616182794667,0 122.585664621488,-3.9863646940793,0 122.5848819,-3.98643300802959,0 122.584099178512,-3.9863646940793,0 122.583340240001,-3.98616182794667,0 122.582628144763,-3.98583057371283,0 122.581984529701,-3.98538099651761,0 122.581428950863,-3.98482675671757,0 122.580978289232,-3.98418469480112,0 122.580646237801,-3.98347431967557,0 122.580442885536,-3.98271721587703,0 122.580374410859,-3.98193638771743,0 122.580442893958,-3.98115556029857,0 122.580646253629,-3.98039845863287,0 122.580978310557,-3.97968808677503,0 122.581428975113,-3.97904602886702,0 122.581984553951,-3.97849179333267,0 122.582628166089,-3.97804222014588,0 122.583340255829,-3.97771096917975,0 122.584099186934,-3.97750810517997,0 122.5848819,-3.97743979197041,0
</coordinates></LinearRing></outerBoundaryIs></Polygon>
</Placemark>
<Placemark>
<name>Pasar Panjang Baru Kendari</name>
<description>Kota Kendari - radius 500m</description>
<Polygon><outerBoundaryIs><LinearRing><coordinates>
122.5045726,-3.99566329197041,0 122.505355330416,-3.99573160517827,0 122.506114278345,-3.99593446917316,0 122.506826383875,-3.99626572013179,0 122.507470010289,-3.99671529330937,0 122.508025601456,-3.99726952883393,0 122.508476276019,-3.99791158673274,0 122.508808340329,-3.99862195858308,0 122.50901170453,-3.99937906024387,0 122.509080189168,-4.00015988766104,0 122.509011712991,-4.00094071582234,0 122.50880835623,-4.00169781962577,0 122.508476297443,-4.00240819475882,0 122.508025625818,-4.00305025668447,0 122.507470034651,-4.00360449649431,0 122.506826405299,-4.00405407369874,0 122.506114294247,-4.00438532794008,0 122.505355338877,-4.0045881940776,0 122.5045726,-4.0046565080296,0 122.503789861123,-4.0045881940776,0 122.503030905753,-4.00438532794008,0 122.502318794701,-4.00405407369874,0 122.501675165349,-4.00360449649431,0 122.501119574182,-4.00305025668447,0 122.500668902557,-4.00240819475882,0 122.50033684377,-4.00169781962577,0 122.500133487009,-4.00094071582234,0 122.500065010832,-4.00015988766104,0 122.50013349547,-3.99937906024387,0 122.500336859671,-3.99862195858308,0 122.500668923981,-3.99791158673274,0 122.501119598544,-3.99726952883393,0 122.501675189711,-3.99671529330937,0 122.502318816125,-3.99626572013179,0 122.503030921655,-3.99593446917316,0 122.503789869584,-3.99573160517827,0 122.5045726,-3.99566329197041,0
</coordinates></LinearRing></outerBoundaryIs></Polygon>
</Placemark>
<Placemark>
<name>Pasar Puuwatu Kendari</name>
<description>Kota Kendari - radius 500m</description>
<Polygon><outerBoundaryIs><LinearRing><coordinates>
122.4676542,-3.96002059197041,0 122.468436896556,-3.9600889051816,0 122.469195811652,-3.96029176918606,0 122.469907886367,-3.96062302015936,0 122.470551484921,-3.96107259335494,0 122.471107052027,-3.96162682889865,0 122.47155770706,-3.96226888681546,0 122.471889756964,-3.96297925868047,0 122.472093112325,-3.96373636035084,0 122.472161593959,-3.96451718777134,0 122.47209312071,-3.96529801592931,0 122.471889772723,-3.96605511972316,0 122.471557728291,-3.96676549484154,0 122.47110707617,-3.9674075567492,0 122.470551509064,-3.96796179653988,0 122.469907907599,-3.96841137372631,0 122.46919582741,-3.96874262795298,0 122.468436904941,-3.96894549408092,0 122.4676542,-3.96901380802959,0 122.466871495059,-3.96894549408092,0 122.46611257259,-3.96874262795298,0 122.465400492401,-3.96841137372631,0 122.464756890936,-3.96796179653988,0 122.46420132383,-3.9674075567492,0 122.463750671709,-3.96676549484154,0 122.463418627277,-3.96605511972316,0 122.46321527929,-3.96529801592931,0 122.463146806041,-3.96451718777134,0 122.463215287675,-3.96373636035084,0 122.463418643036,-3.96297925868047,0 122.46375069294,-3.96226888681546,0 122.464201347973,-3.96162682889865,0 122.464756915079,-3.96107259335494,0 122.465400513633,-3.96062302015936,0 122.466112588348,-3.96029176918606,0 122.466871503444,-3.9600889051816,0 122.4676542,-3.96002059197041,0
</coordinates></LinearRing></outerBoundaryIs></Polygon>
</Placemark>
<Placemark>
<name>Pasar RB Watiala Kendari</name>
<description>Kota Kendari - radius 500m</description>
<Polygon><outerBoundaryIs><LinearRing><coordinates>
122.5105187,-3.97742139197041,0 122.511301413048,-3.97748970517998,0 122.512060344136,-3.97769256917976,0 122.512772433861,-3.9780238201459,0 122.513416045984,-3.97847339333269,0 122.513971624809,-3.97902762886705,0 122.514422289355,-3.97966968677508,0 122.514754346276,-3.98038005863292,0 122.514957705943,-3.98113716029862,0 122.51502618904,-3.98191798771749,0 122.514957714365,-3.98269881587709,0 122.514754362105,-3.98345591967562,0 122.514422310681,-3.98416629480116,0 122.51397164906,-3.9848083567176,0 122.513416070235,-3.98536259651764,0 122.512772455186,-3.98581217371285,0 122.512060359965,-3.98614342794668,0 122.51130142147,-3.9863462940793,0 122.5105187,-3.98641460802959,0 122.50973597853,-3.9863462940793,0 122.508977040035,-3.98614342794668,0 122.508264944814,-3.98581217371285,0 122.507621329765,-3.98536259651764,0 122.50706575094,-3.9848083567176,0 122.506615089319,-3.98416629480116,0 122.506283037895,-3.98345591967562,0 122.506079685635,-3.98269881587709,0 122.50601121096,-3.98191798771749,0 122.506079694057,-3.98113716029862,0 122.506283053724,-3.98038005863292,0 122.506615110645,-3.97966968677508,0 122.50706577519,-3.97902762886705,0 122.507621354016,-3.97847339333269,0 122.508264966139,-3.9780238201459,0 122.508977055864,-3.97769256917976,0 122.509735986952,-3.97748970517998,0 122.5105187,-3.97742139197041,0
</coordinates></LinearRing></outerBoundaryIs></Polygon>
</Placemark>
<Placemark>
<name>Wua Wua Central Market</name>
<description>Kota Kendari - radius 500m</description>
<Polygon><outerBoundaryIs><LinearRing><coordinates>
122.514372,-3.98920589197041,0 122.515154724259,-3.98927420517888,0 122.515913666218,-3.98947706917549,0 122.516625766145,-3.98980832013678,0 122.517269387492,-3.99025789331762,0 122.517824974283,-3.99081212884565,0 122.518275645296,-3.99145418674773,0 122.518607706986,-3.99216455860072,0 122.518811069579,-3.99292166026325,0 122.518879553671,-3.99370248768102,0 122.518811078026,-3.99448331584172,0 122.518607722861,-3.99524041964342,0 122.518275666685,-3.99595079477381,0 122.517824998606,-3.9965928566962,0 122.517269411815,-3.99714709650257,0 122.516625787534,-3.99759667370373,0 122.515913682093,-3.99792792794241,0 122.515154732706,-3.9981307940782,0 122.514372,-3.99819910802959,0 122.513589267294,-3.9981307940782,0 122.512830317907,-3.99792792794241,0 122.512118212466,-3.99759667370373,0 122.511474588185,-3.99714709650257,0 122.510919001394,-3.9965928566962,0 122.510468333315,-3.99595079477381,0 122.510136277139,-3.99524041964342,0 122.509932921974,-3.99448331584172,0 122.509864446329,-3.99370248768102,0 122.509932930421,-3.99292166026325,0 122.510136293014,-3.99216455860072,0 122.510468354704,-3.99145418674773,0 122.510919025717,-3.99081212884565,0 122.511474612508,-3.99025789331762,0 122.512118233855,-3.98980832013678,0 122.512830333782,-3.98947706917549,0 122.513589275741,-3.98927420517888,0 122.514372,-3.98920589197041,0
</coordinates></LinearRing></outerBoundaryIs></Polygon>
</Placemark>
<Placemark>
<name>Pasar Grosir Ikan Bersih Kendari</name>
<description>Kota Kendari - radius 500m</description>
<Polygon><outerBoundaryIs><LinearRing><coordinates>
122.5212061,-3.9772146919704,0 122.521988812852,-3.97728300517999,0 122.52274774375,-3.97748586917983,0 122.523459833296,-3.97781712014606,0 122.524103445257,-3.97826669333295,0 122.524659023943,-3.97882092886743,0 122.525109688376,-3.97946298677556,0 122.525441745213,-3.98017335863349,0 122.525645104828,-3.98093046029924,0 122.525713587908,-3.98171128771813,0 122.52564511325,-3.98249211587771,0 122.52544176104,-3.98324921967618,0 122.5251097097,-3.98395959480164,0 122.524659048192,-3.98460165671798,0 122.524103469506,-3.9851558965179,0 122.52345985462,-3.98560547371301,0 122.522747759577,-3.98593672794675,0 122.521988821274,-3.98613959407932,0 122.5212061,-3.98620790802959,0 122.520423378726,-3.98613959407932,0 122.519664440423,-3.98593672794675,0 122.51895234538,-3.98560547371301,0 122.518308730494,-3.9851558965179,0 122.517753151808,-3.98460165671798,0 122.5173024903,-3.98395959480164,0 122.51697043896,-3.98324921967618,0 122.51676708675,-3.98249211587771,0 122.516698612092,-3.98171128771813,0 122.516767095172,-3.98093046029924,0 122.516970454787,-3.98017335863349,0 122.517302511624,-3.97946298677556,0 122.517753176057,-3.97882092886743,0 122.518308754743,-3.97826669333295,0 122.518952366704,-3.97781712014606,0 122.51966445625,-3.97748586917983,0 122.520423387148,-3.97728300517999,0 122.5212061,-3.9772146919704,0
</coordinates></LinearRing></outerBoundaryIs></Polygon>
</Placemark>
<Placemark>
<name>Pasar Wayong Kendari</name>
<description>Kota Kendari - radius 500m</description>
<Polygon><outerBoundaryIs><LinearRing><coordinates>
122.4999753,-3.97477809197041,0 122.500758010538,-3.97484640518022,0 122.501516939192,-3.97504926918071,0 122.502229026633,-3.97538052014794,0 122.502872636691,-3.97583009333607,0 122.503428213733,-3.97638432887185,0 122.503878876831,-3.97702638678121,0 122.504210932684,-3.97773675864015,0 122.504414291695,-3.97849386030655,0 122.50448277457,-3.97927468772567,0 122.504414300111,-3.98005551588502,0 122.504210948501,-3.98081261968284,0 122.503878898142,-3.98152299480729,0 122.503428237967,-3.9821650567224,0 122.502872660925,-3.98271929652101,0 122.502229047944,-3.98316887371489,0 122.50151695501,-3.98350012794764,0 122.500758018955,-3.98370299407955,0 122.4999753,-3.98377130802959,0 122.499192581045,-3.98370299407955,0 122.49843364499,-3.98350012794764,0 122.497721552056,-3.98316887371489,0 122.497077939075,-3.98271929652101,0 122.496522362033,-3.9821650567224,0 122.496071701858,-3.98152299480729,0 122.495739651499,-3.98081261968284,0 122.495536299889,-3.98005551588502,0 122.49546782543,-3.97927468772567,0 122.495536308305,-3.97849386030655,0 122.495739667316,-3.97773675864015,0 122.496071723169,-3.97702638678121,0 122.496522386267,-3.97638432887185,0 122.497077963309,-3.97583009333607,0 122.497721573367,-3.97538052014794,0 122.498433660808,-3.97504926918071,0 122.499192589462,-3.97484640518022,0 122.4999753,-3.97477809197041,0
</coordinates></LinearRing></outerBoundaryIs></Polygon>
</Placemark>
<Placemark>
<name>Amirah Shop Pasar Grosir Pasaeno Kendari</name>
<description>Kota Kendari - radius 500m</description>
<Polygon><outerBoundaryIs><LinearRing><coordinates>
122.5212907,-3.97715489197041,0 122.522073412795,-3.97722320518,0 122.522832343638,-3.97742606917986,0 122.523544433132,-3.9777573201461,0 122.524188045047,-3.97820689333303,0 122.524743623692,-3.97876112886754,0 122.525194288092,-3.9794031867757,0 122.525526344905,-3.98011355863365,0 122.525729704506,-3.98087066029942,0 122.525798187581,-3.98165148771832,0 122.525729712927,-3.98243231587789,0 122.525526360733,-3.98318941967635,0 122.525194309416,-3.98389979480178,0 122.524743647941,-3.98454185671809,0 122.524188069296,-3.98509609651798,0 122.523544454456,-3.98554567371305,0 122.522832359465,-3.98587692794678,0 122.522073421217,-3.98607979407932,0 122.5212907,-3.98614810802959,0 122.520507978783,-3.98607979407932,0 122.519749040535,-3.98587692794678,0 122.519036945544,-3.98554567371305,0 122.518393330704,-3.98509609651798,0 122.517837752059,-3.98454185671809,0 122.517387090584,-3.98389979480178,0 122.517055039267,-3.98318941967635,0 122.516851687073,-3.98243231587789,0 122.516783212419,-3.98165148771832,0 122.516851695494,-3.98087066029942,0 122.517055055095,-3.98011355863365,0 122.517387111908,-3.9794031867757,0 122.517837776308,-3.97876112886754,0 122.518393354953,-3.97820689333303,0 122.519036966868,-3.9777573201461,0 122.519749056362,-3.97742606917986,0 122.520507987205,-3.97722320518,0 122.5212907,-3.97715489197041,0
</coordinates></LinearRing></outerBoundaryIs></Polygon>
</Placemark>
<Placemark>
<name>Pasar Tradisional Gogagoman</name>
<description>Kota Kotamobagu - radius 500m</description>
<Polygon><outerBoundaryIs><LinearRing><coordinates>
124.3067491,0.744849708029594,0 124.307529993763,0.74478139438091,0 124.308287160393,0.744578529116745,0 124.308997593703,0.744247276213459,0 124.309639707492,0.743797700650402,0 124.310193991431,0.743243462587268,0 124.310643603885,0.742601402302974,0 124.31097488363,0.741891028507969,0 124.311177764947,0.741133925577877,0 124.31124608345,0.740353097719879,0 124.311177763387,0.73957226999939,0 124.310974880699,0.738815167465236,0 124.310643599935,0.738104794276844,0 124.31019398694,0.737462734736672,0 124.309639703,0.736908497465416,0 124.308997589754,0.736458922646481,0 124.308287157461,0.736127670349808,0 124.307529992203,0.735924805481582,0 124.3067491,0.735856491970406,0 124.305968207797,0.735924805481582,0 124.305211042539,0.736127670349808,0 124.304500610246,0.736458922646481,0 124.303858497,0.736908497465416,0 124.30330421306,0.737462734736672,0 124.302854600065,0.738104794276844,0 124.302523319301,0.738815167465236,0 124.302320436613,0.73957226999939,0 124.30225211655,0.740353097719879,0 124.302320435053,0.741133925577877,0 124.30252331637,0.741891028507969,0 124.302854596115,0.742601402302974,0 124.303304208569,0.743243462587268,0 124.303858492508,0.743797700650402,0 124.304500606297,0.744247276213459,0 124.305211039607,0.744578529116745,0 124.305968206237,0.74478139438091,0 124.3067491,0.744849708029594,0
</coordinates></LinearRing></outerBoundaryIs></Polygon>
</Placemark>
<Placemark>
<name>Pasar Tradisional Poyowa Kecil</name>
<description>Kota Kotamobagu - radius 500m</description>
<Polygon><outerBoundaryIs><LinearRing><coordinates>
124.2907706,0.725029308029593,0 124.291551490298,0.724960994382749,0 124.29230865357,0.724758129123885,0 124.293019083734,0.72442687622872,0 124.293661194683,0.723977300675624,0 124.294215476178,0.723423062623092,0 124.294665086656,0.72278100234876,0 124.294996364954,0.722070628561875,0 124.295199245394,0.721313525637084,0 124.295267563617,0.720532697780927,0 124.295199243876,0.719751870058596,0 124.294996362101,0.718994767519143,0 124.294665082812,0.71828439432263,0 124.294215471807,0.717642334772496,0 124.293661190312,0.717088097490639,0 124.29301907989,0.716638522661742,0 124.292308650717,0.716307270356949,0 124.29155148878,0.716104405483422,0 124.2907706,0.716036091970405,0 124.28998971122,0.716104405483422,0 124.289232549283,0.716307270356949,0 124.28852212011,0.716638522661742,0 124.287880009688,0.717088097490639,0 124.287325728193,0.717642334772496,0 124.286876117188,0.71828439432263,0 124.286544837899,0.718994767519143,0 124.286341956124,0.719751870058596,0 124.286273636383,0.720532697780927,0 124.286341954606,0.721313525637084,0 124.286544835046,0.722070628561875,0 124.286876113344,0.72278100234876,0 124.287325723822,0.723423062623092,0 124.287880005317,0.723977300675624,0 124.288522116266,0.72442687622872,0 124.28923254643,0.724758129123885,0 124.289989709702,0.724960994382749,0 124.2907706,0.725029308029593,0
</coordinates></LinearRing></outerBoundaryIs></Polygon>
</Placemark>
<Placemark>
<name>Pasar Genggulang</name>
<description>Kota Kotamobagu - radius 500m</description>
<Polygon><outerBoundaryIs><LinearRing><coordinates>
124.3142234,0.757112708029594,0 124.315004295953,0.757044394379771,0 124.315761464706,0.756841529112326,0 124.316471900006,0.756510276204016,0 124.31711401559,0.756060700634795,0 124.317668301075,0.755506462565103,0 124.318117914778,0.754864402274645,0 124.318449195439,0.754154028474616,0 124.31865207731,0.753396925541244,0 124.318720395991,0.752616097682108,0 124.318652075724,0.751835269962757,0 124.318449192459,0.751078167431883,0 124.318117910763,0.750367794248516,0 124.317668296509,0.749725734714507,0 124.317114011024,0.74917149744981,0 124.316471895991,0.748721922637038,0 124.315761461726,0.74839067034539,0 124.315004294367,0.748187805480443,0 124.3142234,0.748119491970406,0 124.313442505633,0.748187805480443,0 124.312685338274,0.74839067034539,0 124.311974904009,0.748721922637038,0 124.311332788976,0.74917149744981,0 124.310778503491,0.749725734714507,0 124.310328889237,0.750367794248516,0 124.309997607541,0.751078167431883,0 124.309794724276,0.751835269962757,0 124.309726404009,0.752616097682108,0 124.30979472269,0.753396925541244,0 124.309997604561,0.754154028474616,0 124.310328885222,0.754864402274645,0 124.310778498925,0.755506462565103,0 124.31133278441,0.756060700634795,0 124.311974899994,0.756510276204016,0 124.312685335294,0.756841529112326,0 124.313442504047,0.757044394379771,0 124.3142234,0.757112708029594,0
</coordinates></LinearRing></outerBoundaryIs></Polygon>
</Placemark>
<Placemark>
<name>Pannampu Traditional Market</name>
<description>Kota Makassar - radius 500m</description>
<Polygon><outerBoundaryIs><LinearRing><coordinates>
119.425153,-5.11337129197041,0 119.425936947755,-5.11343960507382,0 119.426697076144,-5.11364246876794,0 119.42741028948,-5.11397371926577,0 119.428054917457,-5.1144232918781,0 119.428611373549,-5.11497752680113,0 119.429062750121,-5.11561958413468,0 119.429395332154,-5.11632995552422,0 119.429599013991,-5.11708705688424,0 119.429667606434,-5.11786788419694,0 119.429599024845,-5.11864871246269,0 119.429395352551,-5.11940581656688,0 119.429062777602,-5.12011619216073,0 119.4286114048,-5.12075825465164,0 119.428054948707,-5.12131249506302,0 119.427410316961,-5.1217620728327,0 119.426697096541,-5.12209332753485,0 119.425936958608,-5.12229619397314,0 119.425153,-5.12236450802959,0 119.424369041392,-5.12229619397314,0 119.423608903459,-5.12209332753485,0 119.422895683039,-5.1217620728327,0 119.422251051293,-5.12131249506302,0 119.4216945952,-5.12075825465164,0 119.421243222398,-5.12011619216073,0 119.420910647449,-5.11940581656688,0 119.420706975155,-5.11864871246269,0 119.420638393566,-5.11786788419694,0 119.420706986009,-5.11708705688424,0 119.420910667846,-5.11632995552422,0 119.421243249879,-5.11561958413468,0 119.421694626451,-5.11497752680113,0 119.422251082543,-5.1144232918781,0 119.42289571052,-5.11397371926577,0 119.423608923856,-5.11364246876794,0 119.424369052245,-5.11343960507382,0 119.425153,-5.11337129197041,0
</coordinates></LinearRing></outerBoundaryIs></Polygon>
</Placemark>
<Placemark>
<name>Terong Traditional Market</name>
<description>Kota Makassar - radius 500m</description>
<Polygon><outerBoundaryIs><LinearRing><coordinates>
119.4251338,-5.12788719197041,0 119.425917765553,-5.12795550507246,0 119.426677911201,-5.12815836876266,0 119.427391140733,-5.1284896192545,0 119.428035783353,-5.12893919185948,0 119.42859225209,-5.12949342677468,0 119.429043638924,-5.13013548410089,0 119.429376228524,-5.13084585548443,0 119.429579915003,-5.13160295684054,0 119.42964850902,-5.13238378415188,0 119.429579925888,-5.13316461241899,0 119.42937624898,-5.13392171652709,0 119.429043666484,-5.13463209212693,0 119.42859228343,-5.1352741546252,0 119.428035814693,-5.1358283950444,0 119.427391168294,-5.13627797282144,0 119.426677931657,-5.13660922752958,0 119.425917776438,-5.13681209397178,0 119.4251338,-5.13688040802959,0 119.424349823562,-5.13681209397178,0 119.423589668343,-5.13660922752958,0 119.422876431706,-5.13627797282144,0 119.422231785307,-5.1358283950444,0 119.42167531657,-5.1352741546252,0 119.421223933516,-5.13463209212693,0 119.42089135102,-5.13392171652709,0 119.420687674112,-5.13316461241899,0 119.42061909098,-5.13238378415188,0 119.420687684997,-5.13160295684054,0 119.420891371476,-5.13084585548443,0 119.421223961076,-5.13013548410089,0 119.42167534791,-5.12949342677469,0 119.422231816647,-5.12893919185948,0 119.422876459267,-5.1284896192545,0 119.423589688799,-5.12815836876266,0 119.424349834447,-5.12795550507246,0 119.4251338,-5.12788719197041,0
</coordinates></LinearRing></outerBoundaryIs></Polygon>
</Placemark>
<Placemark>
<name>Cidu Traditional Market</name>
<description>Kota Makassar - radius 500m</description>
<Polygon><outerBoundaryIs><LinearRing><coordinates>
119.42058,-5.11587829197041,0 119.421363950825,-5.11594660507358,0 119.422124082191,-5.11614946876703,0 119.422837298321,-5.11648071926382,0 119.423481928824,-5.11693029187488,0 119.424038387098,-5.11748452679656,0 119.42448976544,-5.11812658412885,0 119.424822348778,-5.11883695551734,0 119.425026031416,-5.11959405687669,0 119.42509462413,-5.12037488418916,0 119.425026042275,-5.12115571245514,0 119.424822369185,-5.12191281656001,0 119.424489792935,-5.12262319215489,0 119.424038418364,-5.12326525464708,0 119.42348196009,-5.1238194950598,0 119.422837325816,-5.12426907283075,0 119.422124102599,-5.12460032753394,0 119.421363961684,-5.12480319397291,0 119.42058,-5.12487150802959,0 119.419796038316,-5.12480319397291,0 119.419035897401,-5.12460032753394,0 119.418322674184,-5.12426907283075,0 119.41767803991,-5.1238194950598,0 119.417121581636,-5.12326525464708,0 119.416670207065,-5.12262319215489,0 119.416337630815,-5.12191281656001,0 119.416133957725,-5.12115571245514,0 119.41606537587,-5.12037488418916,0 119.416133968584,-5.11959405687669,0 119.416337651222,-5.11883695551734,0 119.41667023456,-5.11812658412885,0 119.417121612902,-5.11748452679656,0 119.417678071176,-5.11693029187488,0 119.418322701679,-5.11648071926382,0 119.419035917809,-5.11614946876703,0 119.419796049175,-5.11594660507358,0 119.42058,-5.11587829197041,0
</coordinates></LinearRing></outerBoundaryIs></Polygon>
</Placemark>
<Placemark>
<name>Pasar Karuwisi Makassar</name>
<description>Kota Makassar - radius 500m</description>
<Polygon><outerBoundaryIs><LinearRing><coordinates>
119.4338288,-5.13433159197041,0 119.434612773471,-5.13439990507186,0 119.435372926797,-5.13460276876033,0 119.436086163535,-5.1349340192495,0 119.436730812668,-5.13538359185122,0 119.437287287031,-5.13593782676295,0 119.43773867843,-5.13657988408588,0 119.438071271397,-5.13729025546676,0 119.438274959941,-5.13804735682113,0 119.438343554658,-5.13882818413188,0 119.438274970839,-5.13960901239958,0 119.438071291879,-5.14036611650943,0 119.437738706025,-5.14107649211193,0 119.437287318411,-5.14171855461346,0 119.436730844049,-5.14227279503613,0 119.43608619113,-5.14272237281643,0 119.435372947279,-5.14305362752724,0 119.43461278437,-5.14325649397118,0 119.4338288,-5.1433248080296,0 119.43304481563,-5.14325649397118,0 119.432284652721,-5.14305362752724,0 119.43157140887,-5.14272237281643,0 119.430926755951,-5.14227279503613,0 119.430370281589,-5.14171855461346,0 119.429918893975,-5.14107649211193,0 119.429586308121,-5.14036611650943,0 119.429382629161,-5.13960901239958,0 119.429314045342,-5.13882818413188,0 119.429382640059,-5.13804735682113,0 119.429586328603,-5.13729025546676,0 119.42991892157,-5.13657988408588,0 119.430370312969,-5.13593782676295,0 119.430926787332,-5.13538359185122,0 119.431571436465,-5.1349340192495,0 119.432284673203,-5.13460276876033,0 119.433044826529,-5.13439990507186,0 119.4338288,-5.13433159197041,0
</coordinates></LinearRing></outerBoundaryIs></Polygon>
</Placemark>
<Placemark>
<name>Pasar Niaga Daya</name>
<description>Kota Makassar - radius 500m</description>
<Polygon><outerBoundaryIs><LinearRing><coordinates>
119.5070927,-5.10853209197041,0 119.507876641833,-5.10860040507427,0 119.508636764479,-5.1088032687697,0 119.509349972426,-5.10913451926953,0 119.509994595531,-5.10958409188431,0 119.510551047416,-5.11013832680994,0 119.511002420573,-5.11078038414595,0 119.511335000088,-5.11149075553748,0 119.511538680381,-5.11224785689881,0 119.5116072723,-5.11302868421197,0 119.511538691224,-5.11380951247726,0 119.511335020466,-5.11456661658015,0 119.511002448028,-5.115276992172,0 119.510551078637,-5.11591905466046,0 119.509994626751,-5.11647329506922,0 119.509349999881,-5.11692287283646,0 119.508636784857,-5.11725412753661,0 119.507876652676,-5.11745699397359,0 119.5070927,-5.11752530802959,0 119.506308747324,-5.11745699397359,0 119.505548615143,-5.11725412753661,0 119.504835400119,-5.11692287283646,0 119.504190773249,-5.11647329506922,0 119.503634321363,-5.11591905466046,0 119.503182951972,-5.115276992172,0 119.502850379534,-5.11456661658015,0 119.502646708776,-5.11380951247726,0 119.5025781277,-5.11302868421197,0 119.502646719619,-5.11224785689881,0 119.502850399912,-5.11149075553748,0 119.503182979427,-5.11078038414595,0 119.503634352584,-5.11013832680994,0 119.504190804469,-5.10958409188431,0 119.504835427574,-5.10913451926953,0 119.505548635521,-5.1088032687697,0 119.506308758167,-5.10860040507427,0 119.5070927,-5.10853209197041,0
</coordinates></LinearRing></outerBoundaryIs></Polygon>
</Placemark>
<Placemark>
<name>Pasar Tradisional Hartaco (Parang Tambung)</name>
<description>Kota Makassar - radius 500m</description>
<Polygon><outerBoundaryIs><LinearRing><coordinates>
119.4189174,-5.17852759197041,0 119.419701428045,-5.17859590506772,0 119.420461634291,-5.17879876874428,0 119.42117492069,-5.1791300192152,0 119.421819614721,-5.17957959179452,0 119.422376127854,-5.18013382668242,0 119.422827550719,-5.18077588398297,0 119.423160166889,-5.1814862553456,0 119.423363869666,-5.18224335668805,0 119.423432469209,-5.18302418399466,0 119.423363880659,-5.1838050122665,0 119.423160187549,-5.18456211638826,0 119.422827578555,-5.18527249200902,0 119.422376159508,-5.18591455453294,0 119.421819646375,-5.18646879497944,0 119.421174948526,-5.18691837278213,0 119.420461654951,-5.18724962751119,0 119.419701439038,-5.18745249396704,0 119.4189174,-5.18752080802959,0 119.418133360962,-5.18745249396704,0 119.417373145049,-5.18724962751119,0 119.416659851474,-5.18691837278213,0 119.416015153625,-5.18646879497944,0 119.415458640492,-5.18591455453294,0 119.415007221445,-5.18527249200902,0 119.414674612451,-5.18456211638826,0 119.414470919341,-5.1838050122665,0 119.414402330791,-5.18302418399466,0 119.414470930334,-5.18224335668805,0 119.414674633111,-5.1814862553456,0 119.415007249281,-5.18077588398297,0 119.415458672146,-5.18013382668242,0 119.416015185279,-5.17957959179452,0 119.41665987931,-5.1791300192152,0 119.417373165709,-5.17879876874428,0 119.418133371955,-5.17859590506772,0 119.4189174,-5.17852759197041,0
</coordinates></LinearRing></outerBoundaryIs></Polygon>
</Placemark>
<Placemark>
<name>Pasar Kerung-kerung Makassar</name>
<description>Kota Makassar - radius 500m</description>
<Polygon><outerBoundaryIs><LinearRing><coordinates>
119.4272672,-5.13560719197041,0 119.42805117504,-5.13567550507174,0 119.428811329886,-5.13587836875986,0 119.429524568052,-5.13620961924851,0 119.430169218475,-5.13665919184958,0 119.430725693952,-5.13721342676062,0 119.431177086256,-5.13785548408291,0 119.431509679889,-5.13856585546326,0 119.431713368843,-5.13932295681729,0 119.431781963698,-5.14010378412791,0 119.431713379744,-5.14088461239574,0 119.431509700376,-5.14164171650593,0 119.431177113858,-5.14235209210896,0 119.43072572534,-5.14299415461113,0 119.430169249863,-5.14354839503449,0 119.429524595654,-5.14399797281544,0 119.428811350374,-5.14432922752677,0 119.428051185941,-5.14453209397106,0 119.4272672,-5.14460040802959,0 119.426483214059,-5.14453209397106,0 119.425723049626,-5.14432922752677,0 119.425009804346,-5.14399797281544,0 119.424365150136,-5.14354839503449,0 119.42380867466,-5.14299415461113,0 119.423357286142,-5.14235209210896,0 119.423024699624,-5.14164171650593,0 119.422821020256,-5.14088461239574,0 119.422752436302,-5.14010378412791,0 119.422821031157,-5.13932295681729,0 119.423024720111,-5.13856585546326,0 119.423357313744,-5.13785548408291,0 119.423808706048,-5.13721342676062,0 119.424365181525,-5.13665919184958,0 119.425009831948,-5.13620961924851,0 119.425723070114,-5.13587836875986,0 119.42648322496,-5.13567550507174,0 119.4272672,-5.13560719197041,0
</coordinates></LinearRing></outerBoundaryIs></Polygon>
</Placemark>
<Placemark>
<name>Pasar Sawah Makassar</name>
<description>Kota Makassar - radius 500m</description>
<Polygon><outerBoundaryIs><LinearRing><coordinates>
119.4199068,-5.13538489197041,0 119.420690774767,-5.13545320507176,0 119.421450929348,-5.13565606875994,0 119.422164167264,-5.13598731924868,0 119.422808817463,-5.13643689184986,0 119.423365292746,-5.13699112676102,0 119.423816684892,-5.13763318408343,0 119.424149278409,-5.13834355546387,0 119.424352967291,-5.13910065681796,0 119.424421562123,-5.1398814841286,0 119.424352978192,-5.14066231239641,0 119.424149298895,-5.14141941650654,0 119.423816712493,-5.14212979210948,0 119.423365324132,-5.14277185461154,0 119.42280884885,-5.14332609503478,0 119.422164194865,-5.14377567281562,0 119.421450949834,-5.14410692752685,0 119.420690785667,-5.14430979397108,0 119.4199068,-5.14437810802959,0 119.419122814333,-5.14430979397108,0 119.418362650166,-5.14410692752685,0 119.417649405135,-5.14377567281562,0 119.41700475115,-5.14332609503478,0 119.416448275868,-5.14277185461154,0 119.415996887507,-5.14212979210948,0 119.415664301105,-5.14141941650654,0 119.415460621808,-5.14066231239641,0 119.415392037877,-5.1398814841286,0 119.415460632709,-5.13910065681796,0 119.415664321591,-5.13834355546387,0 119.415996915108,-5.13763318408343,0 119.416448307254,-5.13699112676102,0 119.417004782537,-5.13643689184986,0 119.417649432736,-5.13598731924868,0 119.418362670652,-5.13565606875994,0 119.419122825233,-5.13545320507176,0 119.4199068,-5.13538489197041,0
</coordinates></LinearRing></outerBoundaryIs></Polygon>
</Placemark>
<Placemark>
<name>Pasar Pabaeng-Baeng</name>
<description>Kota Makassar - radius 500m</description>
<Polygon><outerBoundaryIs><LinearRing><coordinates>
119.421036,-5.16448809197041,0 119.421820010658,-5.16455640506904,0 119.422580200043,-5.16475926874937,0 119.42329347062,-5.1650905192261,0 119.423938150346,-5.16554009181253,0 119.424494651126,-5.166094326708,0 119.424946063966,-5.16673638401566,0 119.425278672743,-5.16744675538409,0 119.425482370986,-5.16820385673033,0 119.425550968991,-5.16898468403825,0 119.425482381949,-5.16976551230878,0 119.425278693347,-5.17052261642675,0 119.424946091726,-5.17123299204171,0 119.424494682693,-5.17187505455852,0 119.423938181913,-5.17242929499745,0 119.423293498379,-5.17287887279303,0 119.422580220646,-5.17321012751629,0 119.421820021621,-5.17341299396836,0 119.421036,-5.1734813080296,0 119.420251978379,-5.17341299396836,0 119.419491779354,-5.17321012751629,0 119.418778501621,-5.17287887279303,0 119.418133818087,-5.17242929499745,0 119.417577317307,-5.17187505455852,0 119.417125908274,-5.17123299204171,0 119.416793306653,-5.17052261642675,0 119.416589618051,-5.16976551230878,0 119.416521031009,-5.16898468403825,0 119.416589629014,-5.16820385673033,0 119.416793327257,-5.16744675538409,0 119.417125936034,-5.16673638401566,0 119.417577348874,-5.166094326708,0 119.418133849654,-5.16554009181253,0 119.41877852938,-5.1650905192261,0 119.419491799958,-5.16475926874937,0 119.420251989342,-5.16455640506904,0 119.421036,-5.16448809197041,0
</coordinates></LinearRing></outerBoundaryIs></Polygon>
</Placemark>
<Placemark>
<name>Pasar Pamos Cendrawasih Makassar</name>
<description>Kota Makassar - radius 500m</description>
<Polygon><outerBoundaryIs><LinearRing><coordinates>
119.4084997,-5.17074459197041,0 119.4092837184,-5.17081290506845,0 119.410043915293,-5.1710157687471,0 119.410757192916,-5.17134701922124,0 119.411401879012,-5.1717965918045,0 119.411958385293,-5.17235082669661,0 119.412409802597,-5.17299288400109,0 119.412742414666,-5.17370325536693,0 119.412946114928,-5.17446035671149,0 119.413014713618,-5.17524118401882,0 119.412946125904,-5.17602201228994,0 119.412742435295,-5.1767791164096,0 119.41240983039,-5.17748949202714,0 119.411958416898,-5.17813155454712,0 119.411401910618,-5.17868579498942,0 119.410757220709,-5.17913537278817,0 119.410043935922,-5.17946662751401,0 119.409283729377,-5.17966949396777,0 119.4084997,-5.17973780802959,0 119.407715670623,-5.17966949396777,0 119.406955464078,-5.17946662751401,0 119.406242179291,-5.17913537278817,0 119.405597489382,-5.17868579498942,0 119.405040983102,-5.17813155454712,0 119.40458956961,-5.17748949202714,0 119.404256964705,-5.1767791164096,0 119.404053274096,-5.17602201228994,0 119.403984686382,-5.17524118401882,0 119.404053285072,-5.17446035671149,0 119.404256985334,-5.17370325536693,0 119.404589597403,-5.17299288400109,0 119.405041014707,-5.17235082669661,0 119.405597520988,-5.1717965918045,0 119.406242207084,-5.17134701922124,0 119.406955484707,-5.1710157687471,0 119.4077156816,-5.17081290506845,0 119.4084997,-5.17074459197041,0
</coordinates></LinearRing></outerBoundaryIs></Polygon>
</Placemark>
<Placemark>
<name>Galangan Kapal Traditional Market Makassar</name>
<description>Kota Makassar - radius 500m</description>
<Polygon><outerBoundaryIs><LinearRing><coordinates>
119.4312351,-5.1129882919704,0 119.432019047286,-5.11305660507385,0 119.43277917522,-5.11325946876808,0 119.433492388129,-5.11359071926607,0 119.43413701572,-5.11404029187859,0 119.43469347148,-5.11459452680183,0 119.435144847782,-5.11523658413557,0 119.435477429615,-5.11594695552527,0 119.43568111133,-5.11670405688539,0 119.435749703731,-5.11748488419813,0 119.435681122183,-5.11826571246384,0 119.435477450011,-5.11902281656793,0 119.435144875261,-5.11973319216162,0 119.434693502728,-5.12037525465234,0 119.434137046969,-5.12092949506351,0 119.433492415609,-5.121379072833,0 119.432779195616,-5.12171032753499,0 119.432019058139,-5.12191319397318,0 119.4312351,-5.12198150802959,0 119.430451141861,-5.12191319397318,0 119.429691004384,-5.12171032753499,0 119.428977784391,-5.121379072833,0 119.428333153031,-5.12092949506351,0 119.427776697272,-5.12037525465234,0 119.427325324739,-5.11973319216162,0 119.426992749989,-5.11902281656793,0 119.426789077817,-5.11826571246384,0 119.426720496269,-5.11748488419813,0 119.42678908867,-5.11670405688539,0 119.426992770385,-5.11594695552527,0 119.427325352218,-5.11523658413557,0 119.42777672852,-5.11459452680183,0 119.42833318428,-5.11404029187859,0 119.42897781187,-5.11359071926607,0 119.42969102478,-5.11325946876808,0 119.430451152714,-5.11305660507385,0 119.4312351,-5.1129882919704,0
</coordinates></LinearRing></outerBoundaryIs></Polygon>
</Placemark>
<Placemark>
<name>Traditional Market Toddopuli</name>
<description>Kota Makassar - radius 500m</description>
<Polygon><outerBoundaryIs><LinearRing><coordinates>
119.4536864,-5.15757349197041,0 119.454470402112,-5.15764180506968,0 119.45523058321,-5.15784466875189,0 119.45594384601,-5.15817591923146,0 119.456588518706,-5.1586254918214,0 119.457145013415,-5.1591797267206,0 119.457596421327,-5.15982178403177,0 119.457929026471,-5.16053215540304,0 119.458132722485,-5.16128925675115,0 119.458201319734,-5.16207008405972,0 119.458132733433,-5.1628509123296,0 119.457929047047,-5.16360801644571,0 119.457596449049,-5.16431839205781,0 119.457145044939,-5.16496045457112,0 119.45658855023,-5.16551469500632,0 119.455943873732,-5.16596427279839,0 119.455230603785,-5.1662955275188,0 119.45447041306,-5.166498393969,0 119.4536864,-5.16656670802959,0 119.45290238694,-5.166498393969,0 119.452142196214,-5.1662955275188,0 119.451428926268,-5.16596427279839,0 119.45078424977,-5.16551469500632,0 119.450227755061,-5.16496045457112,0 119.449776350951,-5.16431839205781,0 119.449443752953,-5.16360801644571,0 119.449240066567,-5.1628509123296,0 119.449171480266,-5.16207008405972,0 119.449240077515,-5.16128925675115,0 119.449443773529,-5.16053215540304,0 119.449776378673,-5.15982178403177,0 119.450227786585,-5.1591797267206,0 119.450784281294,-5.1586254918214,0 119.45142895399,-5.15817591923146,0 119.45214221679,-5.15784466875189,0 119.452902397888,-5.15764180506968,0 119.4536864,-5.15757349197041,0
</coordinates></LinearRing></outerBoundaryIs></Polygon>
</Placemark>
<Placemark>
<name>Pasar Butung</name>
<description>Kota Makassar - radius 500m</description>
<Polygon><outerBoundaryIs><LinearRing><coordinates>
119.4120576,-5.11870799197041,0 119.412841554293,-5.11877630507332,0 119.413601689021,-5.118979168766,0 119.414314908306,-5.11931041926163,0 119.414959541661,-5.11975999187126,0 119.415516002398,-5.12031422679141,0 119.415967382739,-5.12095628412226,0 119.416299967552,-5.12166665550959,0 119.416503651094,-5.12242375686817,0 119.416572244115,-5.12320458418038,0 119.416503661959,-5.12398541244662,0 119.416299987971,-5.12474251655226,0 119.41596741025,-5.12545289214831,0 119.415516033682,-5.12609495464192,0 119.414959572945,-5.12664919505617,0 119.414314935816,-5.12709877282856,0 119.41360170944,-5.12743002753291,0 119.412841565157,-5.12763289397264,0 119.4120576,-5.12770120802959,0 119.411273634843,-5.12763289397264,0 119.41051349056,-5.12743002753291,0 119.409800264184,-5.12709877282856,0 119.409155627055,-5.12664919505617,0 119.408599166318,-5.12609495464192,0 119.40814778975,-5.12545289214831,0 119.407815212029,-5.12474251655226,0 119.407611538041,-5.12398541244662,0 119.407542955885,-5.12320458418038,0 119.407611548906,-5.12242375686817,0 119.407815232448,-5.12166665550959,0 119.408147817261,-5.12095628412226,0 119.408599197602,-5.12031422679141,0 119.409155658339,-5.11975999187126,0 119.409800291694,-5.11931041926163,0 119.410513510979,-5.118979168766,0 119.411273645707,-5.11877630507332,0 119.4120576,-5.11870799197041,0
</coordinates></LinearRing></outerBoundaryIs></Polygon>
</Placemark>
<Placemark>
<name>Pasar Maricaya Veteran</name>
<description>Kota Makassar - radius 500m</description>
<Polygon><outerBoundaryIs><LinearRing><coordinates>
119.424784,-5.14577939197041,0 119.425567987562,-5.14584770507079,0 119.426328154551,-5.14605056875617,0 119.427041404111,-5.14638181924062,0 119.427686064836,-5.14683139183653,0 119.428242549209,-5.14738562674209,0 119.428693948732,-5.14802768405923,0 119.42902654769,-5.14873805543538,0 119.429230239909,-5.14949515678666,0 119.429298835872,-5.15027598409633,0 119.429230250832,-5.15105681236511,0 119.429026568218,-5.15181391647804,0 119.42869397639,-5.15252429208527,0 119.42824258066,-5.1531663545926,0 119.427686096287,-5.15372059502145,0 119.427041431768,-5.15417017280755,0 119.426328175079,-5.15450142752308,0 119.425567998485,-5.15470429397011,0 119.424784,-5.15477260802959,0 119.424000001515,-5.15470429397011,0 119.423239824921,-5.15450142752308,0 119.422526568232,-5.15417017280755,0 119.421881903713,-5.15372059502145,0 119.42132541934,-5.1531663545926,0 119.42087402361,-5.15252429208527,0 119.420541431782,-5.15181391647804,0 119.420337749168,-5.15105681236511,0 119.420269164128,-5.15027598409633,0 119.420337760091,-5.14949515678666,0 119.42054145231,-5.14873805543538,0 119.420874051268,-5.14802768405923,0 119.421325450791,-5.14738562674209,0 119.421881935164,-5.14683139183653,0 119.422526595889,-5.14638181924062,0 119.423239845449,-5.14605056875617,0 119.424000012438,-5.14584770507079,0 119.424784,-5.14577939197041,0
</coordinates></LinearRing></outerBoundaryIs></Polygon>
</Placemark>
<Placemark>
<name>New Makassar Mall (Sentral)</name>
<description>Kota Makassar - radius 500m</description>
<Polygon><outerBoundaryIs><LinearRing><coordinates>
119.4149109,-5.12440589197041,0 119.41569486128,-5.12447420507279,0 119.416455002784,-5.12467706876393,0 119.417168228428,-5.12500831925721,0 119.417812867532,-5.12545789186395,0 119.418369333233,-5.12601212678103,0 119.418820717603,-5.12665418410899,0 119.419153305387,-5.12736455549397,0 119.419356990752,-5.12812165685102,0 119.41942558439,-5.12890248416269,0 119.419357001629,-5.12968331242947,0 119.419153325829,-5.13044041653664,0 119.418820745145,-5.13115079213504,0 119.418369364552,-5.13179285463154,0 119.417812898851,-5.13234709504886,0 119.417168255969,-5.13279667282414,0 119.416455023226,-5.13312792753084,0 119.415694872157,-5.13333079397211,0 119.4149109,-5.13339910802959,0 119.414126927843,-5.13333079397211,0 119.413366776774,-5.13312792753084,0 119.412653544031,-5.13279667282414,0 119.412008901149,-5.13234709504886,0 119.411452435448,-5.13179285463154,0 119.411001054855,-5.13115079213504,0 119.410668474171,-5.13044041653664,0 119.410464798372,-5.12968331242947,0 119.41039621561,-5.12890248416269,0 119.410464809248,-5.12812165685102,0 119.410668494613,-5.12736455549397,0 119.411001082397,-5.12665418410899,0 119.411452466767,-5.12601212678103,0 119.412008932468,-5.12545789186395,0 119.412653571572,-5.12500831925721,0 119.413366797216,-5.12467706876393,0 119.41412693872,-5.12447420507279,0 119.4149109,-5.12440589197041,0
</coordinates></LinearRing></outerBoundaryIs></Polygon>
</Placemark>
<Placemark>
<name>Pasar Kalimbu</name>
<description>Kota Makassar - radius 500m</description>
<Polygon><outerBoundaryIs><LinearRing><coordinates>
119.422002,-5.12972529197041,0 119.422785967811,-5.12979360507229,0 119.423546115647,-5.129996468762,0 119.424259347234,-5.13032771925308,0 119.42490399171,-5.13077729185712,0 119.425460462051,-5.13133152677134,0 119.425911850187,-5.13197358409661,0 119.426244440747,-5.13268395547939,0 119.426448127815,-5.133441056835,0 119.426516722031,-5.13422188414618,0 119.426448138703,-5.13500271241345,0 119.42624446121,-5.13575981652205,0 119.425911877757,-5.13647019212266,0 119.425460493403,-5.13711225462185,0 119.424904023062,-5.13766649504204,0 119.424259374804,-5.13811607282001,0 119.423546136111,-5.13844732752891,0 119.422785978699,-5.13865019397161,0 119.422002,-5.13871850802959,0 119.421218021301,-5.13865019397161,0 119.420457863889,-5.13844732752891,0 119.419744625196,-5.13811607282001,0 119.419099976938,-5.13766649504204,0 119.418543506597,-5.13711225462185,0 119.418092122243,-5.13647019212266,0 119.41775953879,-5.13575981652205,0 119.417555861297,-5.13500271241345,0 119.417487277969,-5.13422188414618,0 119.417555872185,-5.133441056835,0 119.417759559253,-5.13268395547939,0 119.418092149813,-5.13197358409661,0 119.418543537949,-5.13133152677134,0 119.41910000829,-5.13077729185712,0 119.419744652766,-5.13032771925308,0 119.420457884353,-5.129996468762,0 119.421218032189,-5.12979360507229,0 119.422002,-5.12972529197041,0
</coordinates></LinearRing></outerBoundaryIs></Polygon>
</Placemark>
<Placemark>
<name>Pasar Tamamaung Pettarani</name>
<description>Kota Makassar - radius 500m</description>
<Polygon><outerBoundaryIs><LinearRing><coordinates>
119.4390151,-5.1387526919704,0 119.439799078909,-5.13882100507144,0 119.440559237508,-5.13902386875872,0 119.441272479194,-5.13935511924607,0 119.441917132801,-5.13980469184554,0 119.442473611027,-5.14035892675489,0 119.442925005562,-5.14100098407559,0 119.44325760084,-5.14171135545464,0 119.443461290803,-5.14246845680782,0 119.443529886001,-5.14324928411815,0 119.443461301711,-5.14403011238627,0 119.44325762134,-5.1447872164973,0 119.442925033181,-5.14549759210164,0 119.442473642435,-5.1461396546054,0 119.441917164209,-5.14669389503046,0 119.441272506814,-5.147143472813,0 119.440559258008,-5.14747472752563,0 119.439799089817,-5.14767759397076,0 119.4390151,-5.14774590802959,0 119.438231110183,-5.14767759397076,0 119.437470941992,-5.14747472752563,0 119.436757693186,-5.147143472813,0 119.436113035791,-5.14669389503046,0 119.435556557565,-5.1461396546054,0 119.435105166819,-5.14549759210164,0 119.43477257866,-5.1447872164973,0 119.434568898289,-5.14403011238627,0 119.434500313999,-5.14324928411815,0 119.434568909197,-5.14246845680782,0 119.43477259916,-5.14171135545464,0 119.435105194438,-5.14100098407559,0 119.435556588973,-5.14035892675489,0 119.436113067199,-5.13980469184554,0 119.436757720806,-5.13935511924607,0 119.437470962492,-5.13902386875872,0 119.438231121091,-5.13882100507144,0 119.4390151,-5.1387526919704,0
</coordinates></LinearRing></outerBoundaryIs></Polygon>
</Placemark>
<Placemark>
<name>Pasar Ikan Paotere Makassar</name>
<description>Kota Makassar - radius 500m</description>
<Polygon><outerBoundaryIs><LinearRing><coordinates>
119.4197392,-5.10662359197041,0 119.420523139499,-5.10669190507445,0 119.421283259882,-5.10689476877039,0 119.421996465705,-5.10722601927101,0 119.422641086889,-5.10767559188675,0 119.423197537116,-5.10822982681342,0 119.423648908928,-5.10887188415039,0 119.423981487451,-5.10958225554271,0 119.424185167135,-5.11033935690455,0 119.424253758847,-5.11112018421789,0 119.424185177974,-5.11190101248301,0 119.423981507821,-5.11265811658538,0 119.423648936373,-5.11336849217644,0 119.423197568325,-5.11401055466393,0 119.422641118098,-5.11456479507167,0 119.421996493149,-5.11501437283794,0 119.421283280252,-5.1153456275373,0 119.420523150338,-5.11554849397377,0 119.4197392,-5.11561680802959,0 119.418955249662,-5.11554849397377,0 119.418195119748,-5.1153456275373,0 119.417481906851,-5.11501437283794,0 119.416837281902,-5.11456479507167,0 119.416280831675,-5.11401055466393,0 119.415829463627,-5.11336849217644,0 119.415496892179,-5.11265811658538,0 119.415293222026,-5.11190101248301,0 119.415224641153,-5.11112018421789,0 119.415293232865,-5.11033935690455,0 119.415496912549,-5.10958225554271,0 119.415829491072,-5.10887188415039,0 119.416280862884,-5.10822982681342,0 119.416837313111,-5.10767559188675,0 119.417481934295,-5.10722601927101,0 119.418195140118,-5.10689476877039,0 119.418955260501,-5.10669190507445,0 119.4197392,-5.10662359197041,0
</coordinates></LinearRing></outerBoundaryIs></Polygon>
</Placemark>
<Placemark>
<name>Pasar Kampung Baru Makassar</name>
<description>Kota Makassar - radius 500m</description>
<Polygon><outerBoundaryIs><LinearRing><coordinates>
119.4058522,-5.13153459197041,0 119.406636170034,-5.13160290507212,0 119.407396320026,-5.13180576876134,0 119.408109553635,-5.13213701925167,0 119.40875419994,-5.1325865918548,0 119.40931067186,-5.13314082676804,0 119.409762061277,-5.13378288409239,0 119.410094652782,-5.13449325547443,0 119.41029834043,-5.13525035682955,0 119.410366934843,-5.13603118414056,0 119.410298351322,-5.13681201240801,0 119.410094673253,-5.13756911651709,0 119.409762088857,-5.13827949211844,0 119.409310703223,-5.13892155461855,0 119.408754231303,-5.13947579503972,0 119.408109581215,-5.13992537281861,0 119.407396340496,-5.14025662752825,0 119.406636180926,-5.14045949397144,0 119.4058522,-5.14052780802959,0 119.405068219074,-5.14045949397144,0 119.404308059504,-5.14025662752825,0 119.403594818785,-5.13992537281861,0 119.402950168697,-5.13947579503972,0 119.402393696777,-5.13892155461855,0 119.401942311143,-5.13827949211844,0 119.401609726747,-5.13756911651709,0 119.401406048678,-5.13681201240801,0 119.401337465157,-5.13603118414056,0 119.40140605957,-5.13525035682955,0 119.401609747218,-5.13449325547443,0 119.401942338723,-5.13378288409239,0 119.40239372814,-5.13314082676804,0 119.40295020006,-5.1325865918548,0 119.403594846365,-5.13213701925167,0 119.404308079974,-5.13180576876134,0 119.405068229966,-5.13160290507212,0 119.4058522,-5.13153459197041,0
</coordinates></LinearRing></outerBoundaryIs></Polygon>
</Placemark>
<Placemark>
<name>Pasar Mandai Makassar</name>
<description>Kota Makassar - radius 500m</description>
<Polygon><outerBoundaryIs><LinearRing><coordinates>
119.5241769,-5.06758429197041,0 119.524960791949,-5.06765260507811,0 119.525720866224,-5.06785546878456,0 119.526434028777,-5.0681867193013,0 119.527078610842,-5.06863629193682,0 119.527635027289,-5.06919052688453,0 119.528086371684,-5.06983258424128,0 119.52841892999,-5.07054295564972,0 119.528622597272,-5.07130005702208,0 119.528691184779,-5.07208088433907,0 119.528622608027,-5.07286171260053,0 119.528418950202,-5.07361881669239,0 119.528086398916,-5.07432919226733,0 119.527635058256,-5.07497125473505,0 119.52707864181,-5.07552549512174,0 119.526434056009,-5.07597507286823,0 119.525720886436,-5.07630632755147,0 119.524960802704,-5.07650919397743,0 119.5241769,-5.07657750802959,0 119.523392997296,-5.07650919397743,0 119.522632913564,-5.07630632755147,0 119.521919743991,-5.07597507286823,0 119.52127515819,-5.07552549512174,0 119.520718741744,-5.07497125473505,0 119.520267401083,-5.07432919226733,0 119.519934849798,-5.07361881669239,0 119.519731191973,-5.07286171260053,0 119.519662615221,-5.07208088433907,0 119.519731202728,-5.07130005702208,0 119.51993487001,-5.07054295564972,0 119.520267428316,-5.06983258424128,0 119.520718772711,-5.06919052688453,0 119.521275189158,-5.06863629193682,0 119.521919771223,-5.0681867193013,0 119.522632933776,-5.06785546878456,0 119.52339300805,-5.06765260507811,0 119.5241769,-5.06758429197041,0
</coordinates></LinearRing></outerBoundaryIs></Polygon>
</Placemark>
<Placemark>
<name>Pasar Tradisional Tamalate</name>
<description>Kota Makassar - radius 500m</description>
<Polygon><outerBoundaryIs><LinearRing><coordinates>
119.4450656,-5.16914709197041,0 119.445849616422,-5.1692154050686,0 119.446609811397,-5.16941826874768,0 119.44732308722,-5.16974951922248,0 119.447967771689,-5.17019909180655,0 119.448524276565,-5.17075332669951,0 119.448975692729,-5.17139538400481,0 119.449308303957,-5.17210575537131,0 119.449512003703,-5.1728628567163,0 119.449580602218,-5.17364368402378,0 119.449512014676,-5.17442451229475,0 119.449308324579,-5.17518161641398,0 119.448975720513,-5.17589199203086,0 119.448524308161,-5.17653405455003,0 119.447967803285,-5.17708829499147,0 119.447323115005,-5.17753787278941,0 119.44660983202,-5.17786912751459,0 119.445849627395,-5.17807199396792,0 119.4450656,-5.17814030802959,0 119.444281572605,-5.17807199396792,0 119.44352136798,-5.17786912751459,0 119.442808084995,-5.17753787278941,0 119.442163396715,-5.17708829499147,0 119.441606891839,-5.17653405455003,0 119.441155479487,-5.17589199203086,0 119.440822875421,-5.17518161641398,0 119.440619185324,-5.17442451229475,0 119.440550597782,-5.17364368402378,0 119.440619196297,-5.1728628567163,0 119.440822896043,-5.17210575537131,0 119.441155507271,-5.17139538400481,0 119.441606923435,-5.17075332669951,0 119.442163428311,-5.17019909180655,0 119.44280811278,-5.16974951922248,0 119.443521388603,-5.16941826874768,0 119.444281583578,-5.1692154050686,0 119.4450656,-5.16914709197041,0
</coordinates></LinearRing></outerBoundaryIs></Polygon>
</Placemark>
<Placemark>
<name>Antang Traditional Market</name>
<description>Kota Makassar - radius 500m</description>
<Polygon><outerBoundaryIs><LinearRing><coordinates>
119.4789151,-5.16131359197041,0 119.479699106733,-5.16138190506933,0 119.480459292312,-5.16158476875053,0 119.481172559317,-5.16191601922856,0 119.481817235814,-5.1623655918166,0 119.482373733806,-5.16291982671379,0 119.482825144383,-5.16356188402306,0 119.483157751492,-5.16427225539279,0 119.483361448711,-5.16502935673989,0 119.483430046369,-5.16581018404811,0 119.483361459667,-5.16659101231834,0 119.483157772083,-5.16734811643546,0 119.482825172126,-5.1680584920491,0 119.482373765354,-5.1687005545643,0 119.481817267362,-5.16925479500152,0 119.481172587059,-5.16970437279549,0 119.480459312903,-5.17003562751744,0 119.479699117689,-5.17023849396865,0 119.4789151,-5.17030680802959,0 119.478131082311,-5.17023849396865,0 119.477370887097,-5.17003562751744,0 119.476657612941,-5.16970437279549,0 119.476012932638,-5.16925479500152,0 119.475456434646,-5.1687005545643,0 119.475005027874,-5.1680584920491,0 119.474672427917,-5.16734811643546,0 119.474468740333,-5.16659101231834,0 119.474400153631,-5.16581018404811,0 119.474468751289,-5.16502935673989,0 119.474672448508,-5.16427225539279,0 119.475005055617,-5.16356188402306,0 119.475456466194,-5.16291982671379,0 119.476012964186,-5.1623655918166,0 119.476657640683,-5.16191601922856,0 119.477370907688,-5.16158476875053,0 119.478131093267,-5.16138190506933,0 119.4789151,-5.16131359197041,0
</coordinates></LinearRing></outerBoundaryIs></Polygon>
</Placemark>
<Placemark>
<name>Pasar Hobi Makassar</name>
<description>Kota Makassar - radius 500m</description>
<Polygon><outerBoundaryIs><LinearRing><coordinates>
119.4545023,-5.15553999197041,0 119.455286299601,-5.15560830506987,0 119.456046478264,-5.15581116875263,0 119.456759738779,-5.15614241923304,0 119.457404409409,-5.15659199182401,0 119.457960902334,-5.15714622672431,0 119.458412308799,-5.1577882840365,0 119.458744912875,-5.15849865540862,0 119.458948608234,-5.15925575675727,0 119.459017205261,-5.16003658406603,0 119.458948619178,-5.16081741233572,0 119.458744933442,-5.16157451645129,0 119.458412336509,-5.16228489206255,0 119.457960933845,-5.16292695457482,0 119.45740444092,-5.16348119500893,0 119.45675976649,-5.16393077279997,0 119.456046498831,-5.16426202751954,0 119.455286310544,-5.16446489396919,0 119.4545023,-5.16453320802959,0 119.453718289456,-5.16446489396919,0 119.452958101169,-5.16426202751954,0 119.45224483351,-5.16393077279997,0 119.45160015908,-5.16348119500893,0 119.451043666155,-5.16292695457482,0 119.450592263491,-5.16228489206255,0 119.450259666558,-5.16157451645129,0 119.450055980822,-5.16081741233572,0 119.449987394739,-5.16003658406603,0 119.450055991766,-5.15925575675727,0 119.450259687125,-5.15849865540862,0 119.450592291201,-5.1577882840365,0 119.451043697666,-5.15714622672431,0 119.451600190591,-5.15659199182401,0 119.452244861221,-5.15614241923304,0 119.452958121736,-5.15581116875263,0 119.453718300399,-5.15560830506987,0 119.4545023,-5.15553999197041,0
</coordinates></LinearRing></outerBoundaryIs></Polygon>
</Placemark>
<Placemark>
<name>Pasar Mannuruki 2 Makassar</name>
<description>Kota Makassar - radius 500m</description>
<Polygon><outerBoundaryIs><LinearRing><coordinates>
119.4326165,-5.17390199197041,0 119.433400522311,-5.17397030506815,0 119.434160722996,-5.17417316874595,0 119.434874004178,-5.17450441921879,0 119.435518693492,-5.17495399180045,0 119.436075202551,-5.17550822669085,0 119.43652662211,-5.17615028399374,0 119.436859235842,-5.17686065535828,0 119.437062937124,-5.17761775670198,0 119.43713153616,-5.17839858400902,0 119.437062948107,-5.17917941228043,0 119.436859256484,-5.17993651640094,0 119.436526649921,-5.18064689201979,0 119.436075234176,-5.18128895454136,0 119.435518725117,-5.18184319498537,0 119.434874031989,-5.18229277278572,0 119.434160743638,-5.18262402751287,0 119.433400533295,-5.18282689396747,0 119.4326165,-5.18289520802959,0 119.431832466705,-5.18282689396747,0 119.431072256362,-5.18262402751287,0 119.430358968011,-5.18229277278572,0 119.429714274883,-5.18184319498537,0 119.429157765824,-5.18128895454136,0 119.428706350079,-5.18064689201979,0 119.428373743516,-5.17993651640094,0 119.428170051893,-5.17917941228043,0 119.42810146384,-5.17839858400902,0 119.428170062876,-5.17761775670198,0 119.428373764158,-5.17686065535828,0 119.42870637789,-5.17615028399374,0 119.429157797449,-5.17550822669085,0 119.429714306508,-5.17495399180045,0 119.430358995822,-5.17450441921879,0 119.431072277004,-5.17417316874595,0 119.431832477689,-5.17397030506815,0 119.4326165,-5.17390199197041,0
</coordinates></LinearRing></outerBoundaryIs></Polygon>
</Placemark>
<Placemark>
<name>Pasar Tradisional Sultan Alauddin Makassar</name>
<description>Kota Makassar - radius 500m</description>
<Polygon><outerBoundaryIs><LinearRing><coordinates>
119.4369538,-5.17673819197041,0 119.437737825826,-5.17680650506789,0 119.43849802992,-5.17700936874492,0 119.439211314301,-5.17734061921659,0 119.439856006506,-5.17779019179682,0 119.440412518063,-5.17834442668569,0 119.440863939649,-5.17898648398714,0 119.441196554875,-5.1796968553505,0 119.441400257074,-5.18045395669344,0 119.441468856421,-5.18123478400021,0 119.441400268063,-5.18201561227189,0 119.441196575529,-5.18277271639317,0 119.440863967475,-5.18348309201318,0 119.440412549706,-5.1841251545362,0 119.439856038149,-5.18467939498173,0 119.439211342127,-5.18512897278352,0 119.438498050574,-5.18546022751184,0 119.437737836816,-5.18566309396721,0 119.4369538,-5.18573140802959,0 119.436169763184,-5.18566309396721,0 119.435409549426,-5.18546022751184,0 119.434696257873,-5.18512897278352,0 119.434051561851,-5.18467939498173,0 119.433495050294,-5.1841251545362,0 119.433043632525,-5.18348309201318,0 119.432711024472,-5.18277271639317,0 119.432507331937,-5.18201561227189,0 119.43243874358,-5.18123478400021,0 119.432507342926,-5.18045395669344,0 119.432711045125,-5.1796968553505,0 119.433043660351,-5.17898648398714,0 119.433495081937,-5.17834442668569,0 119.434051593494,-5.17779019179682,0 119.434696285699,-5.17734061921659,0 119.43540957008,-5.17700936874492,0 119.436169774174,-5.17680650506789,0 119.4369538,-5.17673819197041,0
</coordinates></LinearRing></outerBoundaryIs></Polygon>
</Placemark>
<Placemark>
<name>Pasar Tradisional Tello</name>
<description>Kota Makassar - radius 500m</description>
<Polygon><outerBoundaryIs><LinearRing><coordinates>
119.4712614,-5.14558969197041,0 119.472045387328,-5.1456580050708,0 119.47280555409,-5.14586086875624,0 119.473518803438,-5.14619211924077,0 119.474163463971,-5.14664169183677,0 119.474719948177,-5.14719592674244,0 119.475171347566,-5.14783798405967,0 119.475503946424,-5.1485483554359,0 119.475707638583,-5.14930545678723,0 119.475776234525,-5.15008628409692,0 119.475707649505,-5.15086711236568,0 119.475503966952,-5.15162421647856,0 119.475171375223,-5.15233459208572,0 119.474719979627,-5.15297665459295,0 119.474163495421,-5.15353089502169,0 119.473518831094,-5.1539804728077,0 119.472805574618,-5.15431172752315,0 119.472045398251,-5.15451459397012,0 119.4712614,-5.15458290802959,0 119.470477401749,-5.15451459397012,0 119.469717225382,-5.15431172752315,0 119.469003968906,-5.1539804728077,0 119.468359304579,-5.15353089502169,0 119.467802820373,-5.15297665459295,0 119.467351424777,-5.15233459208572,0 119.467018833048,-5.15162421647856,0 119.466815150495,-5.15086711236568,0 119.466746565475,-5.15008628409692,0 119.466815161418,-5.14930545678723,0 119.467018853576,-5.1485483554359,0 119.467351452434,-5.14783798405967,0 119.467802851823,-5.14719592674244,0 119.468359336029,-5.14664169183677,0 119.469003996562,-5.14619211924077,0 119.46971724591,-5.14586086875624,0 119.470477412672,-5.1456580050708,0 119.4712614,-5.14558969197041,0
</coordinates></LinearRing></outerBoundaryIs></Polygon>
</Placemark>
<Placemark>
<name>Makassar Central Market</name>
<description>Kota Makassar - radius 500m</description>
<Polygon><outerBoundaryIs><LinearRing><coordinates>
119.4141816,-5.1247391919704,0 119.414965561689,-5.12480750507275,0 119.41572570359,-5.12501036876381,0 119.416438929606,-5.12534161925695,0 119.417083569046,-5.12579119186352,0 119.417640035038,-5.12634542678042,0 119.418091419644,-5.12698748410822,0 119.418424007601,-5.12769785549306,0 119.418627693073,-5.12845495685001,0 119.418696286747,-5.12923578416165,0 119.41862770395,-5.13001661242846,0 119.418424028044,-5.13077371653572,0 119.418091447187,-5.13148409213426,0 119.417640066359,-5.13212615463093,0 119.417083600367,-5.13268039504843,0 119.416438957149,-5.13312997282388,0 119.415725724033,-5.13346122753072,0 119.414965572567,-5.13366409397208,0 119.4141816,-5.13373240802959,0 119.413397627433,-5.13366409397208,0 119.412637475967,-5.13346122753072,0 119.411924242851,-5.13312997282388,0 119.411279599633,-5.13268039504843,0 119.410723133641,-5.13212615463093,0 119.410271752813,-5.13148409213426,0 119.409939171956,-5.13077371653572,0 119.40973549605,-5.13001661242846,0 119.409666913253,-5.12923578416165,0 119.409735506927,-5.12845495685001,0 119.409939192399,-5.12769785549306,0 119.410271780356,-5.12698748410822,0 119.410723164962,-5.12634542678042,0 119.411279630954,-5.12579119186352,0 119.411924270394,-5.12534161925695,0 119.41263749641,-5.12501036876381,0 119.413397638311,-5.12480750507275,0 119.4141816,-5.1247391919704,0
</coordinates></LinearRing></outerBoundaryIs></Polygon>
</Placemark>
<Placemark>
<name>Pasar Sentral Maricaya</name>
<description>Kota Makassar - radius 500m</description>
<Polygon><outerBoundaryIs><LinearRing><coordinates>
119.424024,-5.14680809197041,0 119.42480798883,-5.14687640507069,0 119.425568157048,-5.1470792687558,0 119.426281407761,-5.14741051923982,0 119.42692606953,-5.14786009183521,0 119.427482554803,-5.14841432674022,0 119.427933955057,-5.14905638405683,0 119.428266554554,-5.14976675543256,0 119.428470247104,-5.15052385678357,0 119.428538843179,-5.15130468409314,0 119.428470258029,-5.15208551236202,0 119.428266575086,-5.15284261647522,0 119.427933982721,-5.15355299208288,0 119.42748258626,-5.15419505459073,0 119.426926100987,-5.15474929502013,0 119.426281435425,-5.15519887280675,0 119.42556817758,-5.15553012752271,0 119.424807999755,-5.15573299397001,0 119.424024,-5.15580130802959,0 119.423240000245,-5.15573299397001,0 119.42247982242,-5.15553012752271,0 119.421766564575,-5.15519887280675,0 119.421121899013,-5.15474929502013,0 119.42056541374,-5.15419505459073,0 119.420114017279,-5.15355299208288,0 119.419781424914,-5.15284261647522,0 119.419577741971,-5.15208551236202,0 119.419509156821,-5.15130468409314,0 119.419577752896,-5.15052385678357,0 119.419781445446,-5.14976675543256,0 119.420114044943,-5.14905638405683,0 119.420565445197,-5.14841432674022,0 119.42112193047,-5.14786009183521,0 119.421766592239,-5.14741051923982,0 119.422479842952,-5.1470792687558,0 119.42324001117,-5.14687640507069,0 119.424024,-5.14680809197041,0
</coordinates></LinearRing></outerBoundaryIs></Polygon>
</Placemark>
<Placemark>
<name>Pasar Tradisional Aroeppala Makassar</name>
<description>Kota Makassar - radius 500m</description>
<Polygon><outerBoundaryIs><LinearRing><coordinates>
119.4559836,-5.17066059197041,0 119.456767618296,-5.17072890506846,0 119.457527815088,-5.17093176874713,0 119.458241092616,-5.17126301922131,0 119.458885778627,-5.17171259180461,0 119.459442284834,-5.17226682669676,0 119.459893702078,-5.17290888400129,0 119.460226314103,-5.17361925536716,0 119.460430014338,-5.17437635671174,0 119.460498613018,-5.17515718401908,0 119.460430025314,-5.17593801229019,0 119.460226334732,-5.17669511640983,0 119.459893729871,-5.17740549202734,0 119.459442316439,-5.17804755454727,0 119.458885810232,-5.17860179498953,0 119.458241120409,-5.17905137278824,0 119.457527835717,-5.17938262751404,0 119.456767629273,-5.17958549396778,0 119.4559836,-5.17965380802959,0 119.455199570727,-5.17958549396778,0 119.454439364283,-5.17938262751404,0 119.453726079591,-5.17905137278824,0 119.453081389768,-5.17860179498953,0 119.452524883561,-5.17804755454727,0 119.452073470129,-5.17740549202734,0 119.451740865268,-5.17669511640983,0 119.451537174686,-5.17593801229019,0 119.451468586982,-5.17515718401908,0 119.451537185662,-5.17437635671174,0 119.451740885897,-5.17361925536716,0 119.452073497922,-5.17290888400129,0 119.452524915166,-5.17226682669676,0 119.453081421373,-5.17171259180461,0 119.453726107384,-5.17126301922131,0 119.454439384912,-5.17093176874713,0 119.455199581704,-5.17072890506846,0 119.4559836,-5.17066059197041,0
</coordinates></LinearRing></outerBoundaryIs></Polygon>
</Placemark>
<Placemark>
<name>Pasar Tradisional Aeng Toa Takalar</name>
<description>Kota Makassar - radius 500m</description>
<Polygon><outerBoundaryIs><LinearRing><coordinates>
119.3887021,-5.21439399197041,0 119.389486172682,-5.21446230506436,0 119.390246422211,-5.21466516873125,0 119.39095974923,-5.21499641918736,0 119.391604479983,-5.21544599174851,0 119.392161024827,-5.21600022661707,0 119.392612473428,-5.21664228389944,0 119.392945108576,-5.21735265524726,0 119.393148822994,-5.21810975658004,0 119.393217426484,-5.21889058388329,0 119.393148834064,-5.21967141215849,0 119.392945129381,-5.22042851628992,0 119.392612501459,-5.22113889192549,0 119.392161056703,-5.22178095446758,0 119.391604511859,-5.22233519493342,0 119.390959777261,-5.22278477275429,0 119.390246443017,-5.22311602749816,0 119.389486183752,-5.22331889396368,0 119.3887021,-5.22338720802959,0 119.387918016248,-5.22331889396368,0 119.387157756983,-5.22311602749816,0 119.386444422739,-5.22278477275429,0 119.385799688141,-5.22233519493342,0 119.385243143297,-5.22178095446758,0 119.384791698541,-5.22113889192549,0 119.384459070619,-5.22042851628992,0 119.384255365936,-5.21967141215849,0 119.384186773516,-5.21889058388329,0 119.384255377006,-5.21810975658004,0 119.384459091424,-5.21735265524726,0 119.384791726572,-5.21664228389944,0 119.385243175173,-5.21600022661707,0 119.385799720017,-5.21544599174851,0 119.38644445077,-5.21499641918736,0 119.387157777789,-5.21466516873125,0 119.387918027318,-5.21446230506436,0 119.3887021,-5.21439399197041,0
</coordinates></LinearRing></outerBoundaryIs></Polygon>
</Placemark>
<Placemark>
<name>Pasar Bersehati Calaca</name>
<description>Kota Manado - radius 500m</description>
<Polygon><outerBoundaryIs><LinearRing><coordinates>
124.8414272,1.50243930802959,0 124.842208296298,1.50237099431053,0 124.842965659238,1.50216812884372,0 124.843676276604,1.50183687562996,0 124.844318556554,1.50138729968605,0 124.844872983688,1.50083306121762,0 124.845322712018,1.50019100055247,0 124.845654076826,1.49948062644699,0 124.845857009853,1.49872352331425,0 124.845925345207,1.49794269538588,0 124.845857006695,1.49716186773577,0 124.845654070892,1.49640476540426,0 124.845322704024,1.49569439252635,0 124.844872974597,1.49505233336703,0 124.844318547463,1.49449809650107,0 124.843676268609,1.49404852206298,0 124.842965653304,1.49371727007678,0 124.842208293141,1.4935144054112,0 124.8414272,1.49344609197041,0 124.840646106859,1.4935144054112,0 124.839888746696,1.49371727007678,0 124.839178131391,1.49404852206298,0 124.838535852537,1.49449809650107,0 124.837981425403,1.49505233336703,0 124.837531695977,1.49569439252635,0 124.837200329108,1.49640476540426,0 124.836997393305,1.49716186773577,0 124.836929054793,1.49794269538588,0 124.836997390147,1.49872352331425,0 124.837200323174,1.49948062644699,0 124.837531687982,1.50019100055247,0 124.837981416312,1.50083306121762,0 124.838535843446,1.50138729968605,0 124.839178123396,1.50183687562996,0 124.839888740762,1.50216812884372,0 124.840646103702,1.50237099431053,0 124.8414272,1.50243930802959,0
</coordinates></LinearRing></outerBoundaryIs></Polygon>
</Placemark>
<Placemark>
<name>Pasar 45 Manado</name>
<description>Kota Manado - radius 500m</description>
<Polygon><outerBoundaryIs><LinearRing><coordinates>
124.8408313,1.49696640802959,0 124.841612394345,1.49689809431104,0 124.842369755391,1.49669522884569,0 124.843080370982,1.49636397563417,0 124.843722649329,1.49591439969301,0 124.84427707508,1.49536016122751,0 124.844726802291,1.49471810056512,0 124.845058166276,1.49400772646188,0 124.845261098802,1.49325062333061,0 124.845329433991,1.49246979540274,0 124.845261095656,1.49168896775213,0 124.845058160364,1.49093186541916,0 124.844726794326,1.490221492539,0 124.844277066023,1.48957943337692,0 124.843722640271,1.48902519650803,0 124.843080363016,1.4885756220672,0 124.842369749479,1.48824437007876,0 124.841612391199,1.48804150541171,0 124.8408313,1.48797319197041,0 124.840050208801,1.48804150541171,0 124.839292850521,1.48824437007876,0 124.838582236983,1.4885756220672,0 124.837939959729,1.48902519650803,0 124.837385533977,1.48957943337692,0 124.836935805674,1.490221492539,0 124.836604439636,1.49093186541916,0 124.836401504344,1.49168896775213,0 124.836333166009,1.49246979540274,0 124.836401501198,1.49325062333061,0 124.836604433724,1.49400772646188,0 124.836935797709,1.49471810056512,0 124.83738552492,1.49536016122751,0 124.837939950671,1.49591439969301,0 124.838582229018,1.49636397563417,0 124.839292844609,1.49669522884569,0 124.840050205655,1.49689809431104,0 124.8408313,1.49696640802959,0
</coordinates></LinearRing></outerBoundaryIs></Polygon>
</Placemark>
<Placemark>
<name>Pasar Karombasan (Enjel)</name>
<description>Kota Manado - radius 500m</description>
<Polygon><outerBoundaryIs><LinearRing><coordinates>
124.840612,1.46094420802959,0 124.841393081667,1.46087589431439,0 124.842150430424,1.46067302885868,0 124.84286103449,1.46034177566193,0 124.84350330243,1.45989219973888,0 124.844057719209,1.45933796129266,0 124.844507439155,1.45869590064838,0 124.844838797803,1.45798552655991,0 124.845041727078,1.45722842343827,0 124.8451100612,1.45644759551375,0 124.845041724008,1.45566676785979,0 124.844838792034,1.45490966551718,0 124.844507431382,1.45419929262225,0 124.84405771037,1.45355723344207,0 124.843503293591,1.4530029965539,0 124.842861026717,1.45255342209495,0 124.842150424654,1.45222217009174,0 124.841393078597,1.45201930541506,0 124.840612,1.45195099197041,0 124.839830921403,1.45201930541506,0 124.839073575346,1.45222217009174,0 124.838362973283,1.45255342209495,0 124.837720706409,1.4530029965539,0 124.83716628963,1.45355723344207,0 124.836716568618,1.45419929262225,0 124.836385207966,1.45490966551718,0 124.836182275992,1.45566676785979,0 124.8361139388,1.45644759551375,0 124.836182272922,1.45722842343827,0 124.836385202197,1.45798552655991,0 124.836716560845,1.45869590064838,0 124.837166280791,1.45933796129266,0 124.83772069757,1.45989219973888,0 124.83836296551,1.46034177566193,0 124.839073569576,1.46067302885868,0 124.839830918333,1.46087589431439,0 124.840612,1.46094420802959,0
</coordinates></LinearRing></outerBoundaryIs></Polygon>
</Placemark>
<Placemark>
<name>Pasar Bobo Bailang Manado</name>
<description>Kota Manado - radius 500m</description>
<Polygon><outerBoundaryIs><LinearRing><coordinates>
124.8500644,1.52786990802959,0 124.850845505468,1.52780159430817,0 124.851602877296,1.52759872883455,0 124.852313502998,1.52726747561036,0 124.852955790476,1.52681789965367,0 124.853510224099,1.52626366117163,0 124.853959957684,1.52562160049369,0 124.854291326353,1.52491122637779,0 124.854494261731,1.52415412323825,0 124.854562597858,1.52337329530751,0 124.85449425852,1.52259246765976,0 124.854291320318,1.52183536533506,0 124.853959949553,1.52112499246757,0 124.853510214854,1.52048293332104,0 124.85295578123,1.51992869646868,0 124.852313494867,1.51947912204339,0 124.851602871262,1.51914787006762,0 124.850845502257,1.51894500540884,0 124.8500644,1.51887669197041,0 124.849283297743,1.51894500540884,0 124.848525928738,1.51914787006762,0 124.847815305133,1.51947912204339,0 124.84717301877,1.51992869646868,0 124.846618585146,1.52048293332104,0 124.846168850447,1.52112499246757,0 124.845837479682,1.52183536533506,0 124.84563454148,1.52259246765976,0 124.845566202141,1.52337329530751,0 124.845634538269,1.52415412323825,0 124.845837473647,1.52491122637779,0 124.846168842316,1.52562160049369,0 124.846618575901,1.52626366117163,0 124.847173009524,1.52681789965367,0 124.847815297002,1.52726747561036,0 124.848525922704,1.52759872883455,0 124.849283294532,1.52780159430817,0 124.8500644,1.52786990802959,0
</coordinates></LinearRing></outerBoundaryIs></Polygon>
</Placemark>
<Placemark>
<name>Pasar Bahu Manado</name>
<description>Kota Manado - radius 500m</description>
<Polygon><outerBoundaryIs><LinearRing><coordinates>
124.8224669,1.46356980802959,0 124.82324798258,1.46350149431414,0 124.824005332223,1.46329862885773,0 124.82471593712,1.4629673756599,0 124.82535820581,1.46251779973554,0 124.825912623236,1.46196356128791,0 124.826362343705,1.46132150064231,0 124.826693702737,1.46061112655276,0 124.826896632247,1.45985402343043,0 124.826964966445,1.45907319550566,0 124.826896629171,1.45829236785194,0 124.826693696958,1.45753526551004,0 124.826362335918,1.45682489261618,0 124.825912614381,1.45618283343732,0 124.825358196955,1.45562859655056,0 124.824715929333,1.45517902209293,0 124.824005326443,1.45484777009079,0 124.823247979505,1.45464490541482,0 124.8224669,1.45457659197041,0 124.821685820495,1.45464490541482,0 124.820928473557,1.45484777009079,0 124.820217870667,1.45517902209293,0 124.819575603045,1.45562859655056,0 124.819021185619,1.45618283343732,0 124.818571464082,1.45682489261618,0 124.818240103042,1.45753526551004,0 124.818037170829,1.45829236785194,0 124.817968833555,1.45907319550566,0 124.818037167753,1.45985402343043,0 124.818240097263,1.46061112655276,0 124.818571456295,1.46132150064231,0 124.819021176764,1.46196356128791,0 124.819575594191,1.46251779973554,0 124.82021786288,1.4629673756599,0 124.820928467777,1.46329862885773,0 124.82168581742,1.46350149431414,0 124.8224669,1.46356980802959,0
</coordinates></LinearRing></outerBoundaryIs></Polygon>
</Placemark>
<Placemark>
<name>Pasar Tuminting</name>
<description>Kota Manado - radius 500m</description>
<Polygon><outerBoundaryIs><LinearRing><coordinates>
124.8489614,1.51609600802959,0 124.849742501203,1.51602769430926,0 124.850499868898,1.51582482883879,0 124.851210490723,1.51549357561944,0 124.8518527747,1.51504399966866,0 124.852407205305,1.51448976119292,0 124.852856936446,1.51384770052091,0 124.853188303319,1.51313732640983,0 124.853391237604,1.51238022327344,0 124.853459573371,1.51159939534379,0 124.853391234418,1.51081856769495,0 124.853188297331,1.5100614653671,0 124.852856928378,1.50935109249478,0 124.852407196131,1.50870903334233,0 124.851852765526,1.50815479648368,0 124.851210482655,1.50770522205246,0 124.85049986291,1.50737397007186,0 124.849742498017,1.50717110540993,0 124.8489614,1.50710279197041,0 124.848180301983,1.50717110540993,0 124.84742293709,1.50737397007186,0 124.846712317345,1.50770522205246,0 124.846070034474,1.50815479648368,0 124.845515603869,1.50870903334233,0 124.845065871622,1.50935109249478,0 124.844734502669,1.5100614653671,0 124.844531565582,1.51081856769495,0 124.844463226629,1.51159939534379,0 124.844531562396,1.51238022327344,0 124.844734496681,1.51313732640983,0 124.845065863554,1.51384770052091,0 124.845515594695,1.51448976119292,0 124.8460700253,1.51504399966866,0 124.846712309277,1.51549357561944,0 124.847422931102,1.51582482883879,0 124.848180298797,1.51602769430926,0 124.8489614,1.51609600802959,0
</coordinates></LinearRing></outerBoundaryIs></Polygon>
</Placemark>
<Placemark>
<name>Pasar Pinasungkulan Manado</name>
<description>Kota Manado - radius 500m</description>
<Polygon><outerBoundaryIs><LinearRing><coordinates>
124.8394299,1.46082510802959,0 124.840210981625,1.4607567943144,0 124.840968330342,1.46055392885872,0 124.841678934371,1.46022267566202,0 124.842321202277,1.45977309973903,0 124.842875619027,1.45921886129287,0 124.843325338949,1.45857680064865,0 124.843656697579,1.45786642656023,0 124.843859626844,1.45710932343863,0 124.843927960962,1.45632849551412,0 124.843859623774,1.45554766786014,0 124.84365669181,1.4547905655175,0 124.843325331177,1.45408019262253,0 124.842875610188,1.45343813344228,0 124.842321193438,1.45288389655405,0 124.841678926598,1.45243432209504,0 124.840968324573,1.45210307009178,0 124.840210978556,1.45190020541507,0 124.8394299,1.45183189197041,0 124.838648821444,1.45190020541507,0 124.837891475427,1.45210307009178,0 124.837180873402,1.45243432209504,0 124.836538606562,1.45288389655405,0 124.835984189812,1.45343813344228,0 124.835534468823,1.45408019262253,0 124.83520310819,1.4547905655175,0 124.835000176226,1.45554766786014,0 124.834931839038,1.45632849551412,0 124.835000173156,1.45710932343863,0 124.835203102421,1.45786642656023,0 124.835534461051,1.45857680064865,0 124.835984180973,1.45921886129287,0 124.836538597723,1.45977309973903,0 124.837180865629,1.46022267566202,0 124.837891469658,1.46055392885872,0 124.838648818375,1.4607567943144,0 124.8394299,1.46082510802959,0
</coordinates></LinearRing></outerBoundaryIs></Polygon>
</Placemark>
<Placemark>
<name>Pasar Unyil Perkamil Manado</name>
<description>Kota Manado - radius 500m</description>
<Polygon><outerBoundaryIs><LinearRing><coordinates>
124.877427,1.47429250802959,0 124.878208086329,1.47422419431315,0 124.878965439605,1.47402132885386,0 124.879676047908,1.47369007565164,0 124.880318319675,1.47324049972189,0 124.880872739754,1.47268626126852,0 124.881322462371,1.47204420061753,0 124.881653822981,1.47133382652359,0 124.881856753451,1.47057672339838,0 124.881925087966,1.46979589547262,0 124.881856750354,1.46901506781989,0 124.881653817159,1.46825796548086,0 124.881322454527,1.4675475925914,0 124.880872730834,1.46690553341793,0 124.880318310755,1.4663512965369,0 124.879676040064,1.46590172208467,0 124.878965433782,1.46557047008693,0 124.878208083231,1.46536760541382,0 124.877427,1.46529929197041,0 124.876645916769,1.46536760541382,0 124.875888566218,1.46557047008693,0 124.875177959936,1.46590172208467,0 124.874535689245,1.4663512965369,0 124.873981269166,1.46690553341793,0 124.873531545473,1.4675475925914,0 124.873200182841,1.46825796548086,0 124.872997249646,1.46901506781989,0 124.872928912034,1.46979589547262,0 124.872997246549,1.47057672339838,0 124.873200177019,1.47133382652359,0 124.873531537629,1.47204420061753,0 124.873981260246,1.47268626126852,0 124.874535680325,1.47324049972189,0 124.875177952092,1.47369007565164,0 124.875888560395,1.47402132885386,0 124.876645913671,1.47422419431315,0 124.877427,1.47429250802959,0
</coordinates></LinearRing></outerBoundaryIs></Polygon>
</Placemark>
<Placemark>
<name>Pasar Segar Manado</name>
<description>Kota Manado - radius 500m</description>
<Polygon><outerBoundaryIs><LinearRing><coordinates>
124.8627292,1.49544510802959,0 124.863510293803,1.49537679431118,0 124.864267654325,1.49517392884624,0 124.864978269423,1.49484267563535,0 124.865620547325,1.49439309969495,0 124.866174972693,1.49383886123027,0 124.866624699593,1.49319680056864,0 124.866956063351,1.49248642646603,0 124.867158995737,1.49172932333516,0 124.867227330881,1.49094849540743,0 124.867158992595,1.49016766775667,0 124.866956057444,1.4894105654233,0 124.866624691636,1.48870019254251,0 124.866174963645,1.48805813337968,0 124.865620538276,1.48750389650997,0 124.864978261465,1.48705432206837,0 124.864267648418,1.4867230700793,0 124.863510290661,1.48652020541185,0 124.8627292,1.48645189197041,0 124.861948109339,1.48652020541185,0 124.861190751582,1.4867230700793,0 124.860480138535,1.48705432206837,0 124.859837861724,1.48750389650997,0 124.859283436355,1.48805813337968,0 124.858833708364,1.48870019254251,0 124.858502342556,1.4894105654233,0 124.858299407405,1.49016766775667,0 124.858231069119,1.49094849540743,0 124.858299404263,1.49172932333516,0 124.858502336649,1.49248642646603,0 124.858833700407,1.49319680056864,0 124.859283427307,1.49383886123027,0 124.859837852675,1.49439309969495,0 124.860480130577,1.49484267563535,0 124.861190745675,1.49517392884624,0 124.861948106197,1.49537679431118,0 124.8627292,1.49544510802959,0
</coordinates></LinearRing></outerBoundaryIs></Polygon>
</Placemark>
<Placemark>
<name>Pasar Karombasan Manado</name>
<description>Kota Manado - radius 500m</description>
<Polygon><outerBoundaryIs><LinearRing><coordinates>
124.8404152,1.45899620802959,0 124.84119628099,1.45892789431457,0 124.841953629091,1.45872502885938,0 124.842664232542,1.45839377566343,0 124.843306499926,1.45794419974136,0 124.843860916227,1.45738996129618,0 124.844310635785,1.45674790065288,0 124.844641994148,1.45603752656521,0 124.844844923249,1.45528042344409,0 124.844913257314,1.45449959551976,0 124.844844920184,1.45371876786561,0 124.844641988386,1.45296166552248,0 124.844310628022,1.45225129262675,0 124.8438609074,1.45160923344559,0 124.843306491099,1.45105499655638,0 124.842664224779,1.45060542209645,0 124.841953623329,1.45027417009244,0 124.841196277924,1.45007130541524,0 124.8404152,1.45000299197041,0 124.839634122076,1.45007130541524,0 124.838876776671,1.45027417009244,0 124.838166175221,1.45060542209645,0 124.837523908901,1.45105499655638,0 124.8369694926,1.45160923344559,0 124.836519771978,1.45225129262675,0 124.836188411614,1.45296166552248,0 124.835985479816,1.45371876786561,0 124.835917142686,1.45449959551976,0 124.835985476751,1.45528042344409,0 124.836188405852,1.45603752656521,0 124.836519764215,1.45674790065288,0 124.836969483773,1.45738996129618,0 124.837523900074,1.45794419974136,0 124.838166167458,1.45839377566343,0 124.838876770909,1.45872502885938,0 124.83963411901,1.45892789431457,0 124.8404152,1.45899620802959,0
</coordinates></LinearRing></outerBoundaryIs></Polygon>
</Placemark>
<Placemark>
<name>Oleh-oleh Tradisional Manado</name>
<description>Kota Manado - radius 500m</description>
<Polygon><outerBoundaryIs><LinearRing><coordinates>
124.8364968,1.47770380802959,0 124.837277887527,1.47763549431283,0 124.838035241964,1.47743262885263,0 124.838745851357,1.47710137564901,0 124.839388124108,1.47665179971754,0 124.839942545034,1.47609756126235,0 124.840392268338,1.47545550060964,0 124.840723629452,1.4747451265143,0 124.84092656023,1.47398802338818,0 124.840994894845,1.47320719546211,0 124.840926557125,1.4724263678097,0 124.840723623617,1.47166926547157,0 124.840392260475,1.47095889258352,0 124.839942536093,1.47031683341176,0 124.839388115167,1.46976259653256,0 124.838745843495,1.46931302208204,0 124.838035236129,1.4689817700857,0 124.837277884422,1.4687789054135,0 124.8364968,1.46871059197041,0 124.835715715578,1.4687789054135,0 124.834958363871,1.4689817700857,0 124.834247756505,1.46931302208204,0 124.833605484833,1.46976259653256,0 124.833051063907,1.47031683341176,0 124.832601339525,1.47095889258352,0 124.832269976383,1.47166926547157,0 124.832067042875,1.4724263678097,0 124.831998705155,1.47320719546211,0 124.83206703977,1.47398802338818,0 124.832269970548,1.4747451265143,0 124.832601331662,1.47545550060964,0 124.833051054966,1.47609756126235,0 124.833605475892,1.47665179971754,0 124.834247748643,1.47710137564901,0 124.834958358036,1.47743262885263,0 124.835715712473,1.47763549431283,0 124.8364968,1.47770380802959,0
</coordinates></LinearRing></outerBoundaryIs></Polygon>
</Placemark>
<Placemark>
<name>Pasar Andi Tadda Palopo</name>
<description>Kota Palopo - radius 500m</description>
<Polygon><outerBoundaryIs><LinearRing><coordinates>
120.1984525,-2.98770989197041,0 120.199234390632,-2.98777820527222,0 120.199992524198,-2.98798106953763,0 120.200703865442,-2.98831232091072,0 120.201346800809,-2.98876189459672,0 120.20190179513,-2.98931613066232,0 120.202351985184,-2.98995818906955,0 120.202683692076,-2.99066856133436,0 120.202886836874,-2.99142566326568,0 120.202955246875,-2.9922064907768,0 120.202886843191,-2.99298731884415,0 120.202683703949,-2.99374442237707,0 120.202352001181,-2.99445479709565,0 120.201901813321,-2.99509685851289,0 120.201346819,-2.99565109778168,0 120.200703881439,-2.99610067447768,0 120.199992536071,-2.99643192830455,0 120.19923439695,-2.99663479417155,0 120.1984525,-2.99670310802959,0 120.19767060305,-2.99663479417155,0 120.196912463929,-2.99643192830455,0 120.196201118561,-2.99610067447768,0 120.195558181,-2.99565109778168,0 120.195003186679,-2.99509685851289,0 120.194552998819,-2.99445479709565,0 120.194221296051,-2.99374442237707,0 120.194018156809,-2.99298731884415,0 120.193949753125,-2.9922064907768,0 120.194018163126,-2.99142566326568,0 120.194221307924,-2.99066856133436,0 120.194553014816,-2.98995818906955,0 120.19500320487,-2.98931613066232,0 120.195558199191,-2.98876189459672,0 120.196201134557,-2.98831232091072,0 120.196912475802,-2.98798106953763,0 120.197670609368,-2.98777820527222,0 120.1984525,-2.98770989197041,0
</coordinates></LinearRing></outerBoundaryIs></Polygon>
</Placemark>
<Placemark>
<name>Pusat Niaga Palopo</name>
<description>Kota Palopo - radius 500m</description>
<Polygon><outerBoundaryIs><LinearRing><coordinates>
120.1951004,-2.99624199197041,0 120.195882296718,-2.99631030527143,0 120.196640436185,-2.99651316953454,0 120.197351782969,-2.99684442090413,0 120.197994723344,-2.99729399458583,0 120.198549721991,-2.99784823064686,0 120.198999915558,-2.99849028904979,0 120.199331625041,-2.99920066131109,0 120.199534771431,-2.99995776324013,0 120.199603181974,-3.00073859075046,0 120.199534777766,-3.0015194188186,0 120.199331636949,-3.0022765223538,0 120.198999931601,-3.00298689707589,0 120.198549740234,-3.00362895849743,0 120.197994741587,-3.00418319777079,0 120.197351799012,-3.0046327744711,0 120.196640448093,-3.00496402830147,0 120.195882303054,-3.00516689417075,0 120.1951004,-3.00523520802959,0 120.194318496946,-3.00516689417075,0 120.193560351907,-3.00496402830147,0 120.192849000988,-3.0046327744711,0 120.192206058413,-3.00418319777079,0 120.191651059766,-3.00362895849743,0 120.191200868399,-3.00298689707589,0 120.190869163051,-3.0022765223538,0 120.190666022234,-3.0015194188186,0 120.190597618026,-3.00073859075046,0 120.190666028569,-2.99995776324013,0 120.190869174959,-2.99920066131109,0 120.191200884442,-2.99849028904979,0 120.191651078009,-2.99784823064686,0 120.192206076656,-2.99729399458583,0 120.192849017031,-2.99684442090413,0 120.193560363815,-2.99651316953454,0 120.194318503282,-2.99631030527143,0 120.1951004,-2.99624199197041,0
</coordinates></LinearRing></outerBoundaryIs></Polygon>
</Placemark>
<Placemark>
<name>Pasar Sentral Palopo</name>
<description>Kota Palopo - radius 500m</description>
<Polygon><outerBoundaryIs><LinearRing><coordinates>
120.1951889,-2.99601909197041,0 120.195970796559,-2.99608740527145,0 120.196728935872,-2.99629026953463,0 120.197440282511,-2.9966215209043,0 120.198083222754,-2.99707109458611,0 120.198638221288,-2.99762533064726,0 120.199088414763,-2.99826738905031,0 120.199420124179,-2.9989777613117,0 120.199623270526,-2.99973486324079,0 120.199691681056,-3.00051569075114,0 120.199623276862,-3.00129651881927,0 120.199420136085,-3.00205362235441,0 120.199088430805,-3.00276399707641,0 120.19863823953,-3.00340605849783,0 120.198083240996,-3.00396029777108,0 120.197440298552,-3.00440987447127,0 120.196728947778,-3.00474112830155,0 120.195970802894,-3.00494399417078,0 120.1951889,-3.00501230802959,0 120.194406997106,-3.00494399417078,0 120.193648852222,-3.00474112830155,0 120.192937501448,-3.00440987447127,0 120.192294559004,-3.00396029777108,0 120.19173956047,-3.00340605849783,0 120.191289369195,-3.00276399707641,0 120.190957663915,-3.00205362235441,0 120.190754523138,-3.00129651881927,0 120.190686118944,-3.00051569075114,0 120.190754529474,-2.99973486324079,0 120.190957675821,-2.9989777613117,0 120.191289385237,-2.99826738905031,0 120.191739578712,-2.99762533064726,0 120.192294577246,-2.99707109458611,0 120.192937517489,-2.9966215209043,0 120.193648864128,-2.99629026953463,0 120.194407003441,-2.99608740527145,0 120.1951889,-2.99601909197041,0
</coordinates></LinearRing></outerBoundaryIs></Polygon>
</Placemark>
<Placemark>
<name>Pasar Sentral Inpres Manonda Palu</name>
<description>Kota Palu - radius 500m</description>
<Polygon><outerBoundaryIs><LinearRing><coordinates>
119.8508355,-0.898877591970405,0 119.851616423904,-0.89894590546644,0 119.852373619917,-0.899148770291068,0 119.853084081094,-0.899480022520944,0 119.853726220491,-0.899929597257942,0 119.854280527054,-0.900483834442002,0 119.854730158461,-0.901125893900236,0 119.855061452858,-0.901836267021831,0 119.855264343978,-0.902593369512386,0 119.855332667002,-0.903374197217734,0 119.855264345882,-0.904155025090873,0 119.855061456436,-0.904912128064563,0 119.85473016328,-0.905622501926365,0 119.854280532535,-0.906264562292596,0 119.853726225971,-0.906818800442927,0 119.853084085914,-0.907268376087922,0 119.852373623494,-0.907599629058004,0 119.851616425808,-0.907802494365767,0 119.8508355,-0.907870808029593,0 119.850054574192,-0.907802494365767,0 119.849297376506,-0.907599629058004,0 119.848586914086,-0.907268376087922,0 119.847944774029,-0.906818800442927,0 119.847390467465,-0.906264562292596,0 119.84694083672,-0.905622501926365,0 119.846609543564,-0.904912128064563,0 119.846406654118,-0.904155025090873,0 119.846338332998,-0.903374197217734,0 119.846406656022,-0.902593369512386,0 119.846609547142,-0.901836267021831,0 119.846940841539,-0.901125893900236,0 119.847390472946,-0.900483834442002,0 119.847944779509,-0.899929597257942,0 119.848586918905,-0.899480022520944,0 119.849297380083,-0.899148770291068,0 119.850054576096,-0.89894590546644,0 119.8508355,-0.898877591970405,0
</coordinates></LinearRing></outerBoundaryIs></Polygon>
</Placemark>
<Placemark>
<name>Pasar Ikan Inpres Palu</name>
<description>Kota Palu - radius 500m</description>
<Polygon><outerBoundaryIs><LinearRing><coordinates>
119.8503353,-0.898991191970405,0 119.851116223929,-0.899059505466429,0 119.851873419965,-0.899262370291027,0 119.852583881165,-0.899593622520856,0 119.853226020581,-0.900043197257797,0 119.853780327161,-0.900597434441796,0 119.854229958582,-0.901239493899973,0 119.85456125299,-0.901949867021522,0 119.854764144117,-0.902706969512047,0 119.854832467142,-0.903487797217384,0 119.85476414602,-0.904268625090534,0 119.854561256568,-0.905025728064254,0 119.854229963402,-0.905736101926102,0 119.853780332643,-0.906378162292391,0 119.853226026062,-0.906932400442782,0 119.852583885985,-0.907381976087834,0 119.851873423542,-0.907713229057963,0 119.851116225832,-0.907916094365756,0 119.8503353,-0.907984408029593,0 119.849554374168,-0.907916094365756,0 119.848797176458,-0.907713229057963,0 119.848086714015,-0.907381976087834,0 119.847444573938,-0.906932400442782,0 119.846890267357,-0.906378162292391,0 119.846440636598,-0.905736101926102,0 119.846109343432,-0.905025728064254,0 119.84590645398,-0.904268625090534,0 119.845838132858,-0.903487797217384,0 119.845906455883,-0.902706969512047,0 119.84610934701,-0.901949867021522,0 119.846440641418,-0.901239493899973,0 119.846890272839,-0.900597434441796,0 119.847444579419,-0.900043197257797,0 119.848086718836,-0.899593622520856,0 119.848797180036,-0.899262370291027,0 119.849554376071,-0.899059505466429,0 119.8503353,-0.898991191970405,0
</coordinates></LinearRing></outerBoundaryIs></Polygon>
</Placemark>
<Placemark>
<name>Masomba Traditional Market</name>
<description>Kota Palu - radius 500m</description>
<Polygon><outerBoundaryIs><LinearRing><coordinates>
119.8791671,-0.903926191970406,0 119.879948024987,-0.903994505465972,0 119.88070522205,-0.90419737028925,0 119.881415684214,-0.904528622517057,0 119.882057824503,-0.904978197251517,0 119.882612131839,-0.905532434432876,0 119.883061763874,-0.906174493888573,0 119.883393058736,-0.9068848670081,0 119.883595950144,-0.907641969497305,0 119.883664273267,-0.908422797202184,0 119.883595952058,-0.909203625075791,0 119.883393062334,-0.909960728050832,0 119.88306176872,-0.910671101914702,0 119.88261213735,-0.911313162283471,0 119.882057830014,-0.911867400436502,0 119.88141568906,-0.912316976084035,0 119.880705225647,-0.912648229056186,0 119.879948026901,-0.912851094365299,0 119.8791671,-0.912919408029594,0 119.878386173099,-0.912851094365299,0 119.877628974353,-0.912648229056186,0 119.876918510939,-0.912316976084035,0 119.876276369986,-0.911867400436502,0 119.87572206265,-0.911313162283471,0 119.87527243128,-0.910671101914702,0 119.874941137666,-0.909960728050832,0 119.874738247942,-0.909203625075791,0 119.874669926732,-0.908422797202184,0 119.874738249856,-0.907641969497305,0 119.874941141264,-0.9068848670081,0 119.875272436126,-0.906174493888573,0 119.875722068161,-0.905532434432876,0 119.876276375497,-0.904978197251517,0 119.876918515786,-0.904528622517057,0 119.87762897795,-0.90419737028925,0 119.878386175013,-0.903994505465972,0 119.8791671,-0.903926191970406,0
</coordinates></LinearRing></outerBoundaryIs></Polygon>
</Placemark>
<Placemark>
<name>Pasar Bambaru Palu</name>
<description>Kota Palu - radius 500m</description>
<Polygon><outerBoundaryIs><LinearRing><coordinates>
119.8606299,-0.891110691970406,0 119.861410822251,-0.891179005467162,0 119.862168016658,-0.891381870293868,0 119.86287847633,-0.891713122526926,0 119.863520614362,-0.892162697267828,0 119.864074919746,-0.892716934456042,0 119.864524550192,-0.893358993918181,0 119.86485584388,-0.894069367042959,0 119.865058734561,-0.894826469535591,0 119.86512705743,-0.89560729724166,0 119.865058736448,-0.896388125114078,0 119.864855847426,-0.897145228085691,0 119.864524554971,-0.89785560194431,0 119.864074925179,-0.898497662306637,0 119.863520619795,-0.899051900452813,0 119.862878481108,-0.899501476093904,0 119.862168020205,-0.899832729060804,0 119.861410824138,-0.900035594366489,0 119.8606299,-0.900103908029594,0 119.859848975862,-0.900035594366489,0 119.859091779795,-0.899832729060804,0 119.858381318892,-0.899501476093904,0 119.857739180205,-0.899051900452813,0 119.857184874821,-0.898497662306637,0 119.856735245029,-0.89785560194431,0 119.856403952574,-0.897145228085691,0 119.856201063552,-0.896388125114078,0 119.85613274257,-0.89560729724166,0 119.856201065439,-0.894826469535591,0 119.85640395612,-0.894069367042959,0 119.856735249808,-0.893358993918181,0 119.857184880255,-0.892716934456042,0 119.857739185638,-0.892162697267828,0 119.85838132367,-0.891713122526926,0 119.859091783342,-0.891381870293868,0 119.85984897775,-0.891179005467162,0 119.8606299,-0.891110691970406,0
</coordinates></LinearRing></outerBoundaryIs></Polygon>
</Placemark>
<Placemark>
<name>Pasar Daging Babi Palu</name>
<description>Kota Palu - radius 500m</description>
<Polygon><outerBoundaryIs><LinearRing><coordinates>
119.8707654,-0.896901291970406,0 119.871546323482,-0.896969605466624,0 119.872303519085,-0.897172470291781,0 119.873013979878,-0.897503722522466,0 119.873656118926,-0.897953297260458,0 119.874210425188,-0.898507534445575,0 119.87466005635,-0.899149593904802,0 119.874991350566,-0.899859967027208,0 119.875194241574,-0.900617069518291,0 119.875262564558,-0.901397897223823,0 119.875194243474,-0.902178725096778,0 119.874991354136,-0.90293582806994,0 119.874660061159,-0.903646201930932,0 119.874210430657,-0.90428826229617,0 119.873656124395,-0.904842500445443,0 119.873013984687,-0.905292076089445,0 119.872303522654,-0.905623329058717,0 119.871546325381,-0.905826194365952,0 119.8707654,-0.905894508029594,0 119.869984474619,-0.905826194365952,0 119.869227277346,-0.905623329058717,0 119.868516815313,-0.905292076089445,0 119.867874675605,-0.904842500445443,0 119.867320369343,-0.90428826229617,0 119.866870738841,-0.903646201930932,0 119.866539445864,-0.90293582806994,0 119.866336556526,-0.902178725096778,0 119.866268235442,-0.901397897223823,0 119.866336558426,-0.900617069518291,0 119.866539449434,-0.899859967027208,0 119.86687074365,-0.899149593904803,0 119.867320374812,-0.898507534445575,0 119.867874681074,-0.897953297260458,0 119.868516820122,-0.897503722522466,0 119.869227280915,-0.897172470291781,0 119.869984476518,-0.896969605466624,0 119.8707654,-0.896901291970406,0
</coordinates></LinearRing></outerBoundaryIs></Polygon>
</Placemark>
<Placemark>
<name>Pasar Lasoani</name>
<description>Kota Palu - radius 500m</description>
<Polygon><outerBoundaryIs><LinearRing><coordinates>
119.9083075,-0.895250991970407,0 119.90908842313,-0.895319305466778,0 119.909845618392,-0.895522170292376,0 119.910556078864,-0.895853422523738,0 119.911198217622,-0.896302997262559,0 119.911752523634,-0.896857234448558,0 119.912202154591,-0.897499293908615,0 119.912533448656,-0.898209667031697,0 119.912736339571,-0.898966769523222,0 119.912804662522,-0.899747597228907,0 119.912736341467,-0.900528425101709,0 119.912533452219,-0.901285528074429,0 119.912202159391,-0.901995901934745,0 119.911752529092,-0.902637962299153,0 119.911198223081,-0.903192200447543,0 119.910556083665,-0.903641776090716,0 119.909845621955,-0.903973029059312,0 119.909088425026,-0.904175894366105,0 119.9083075,-0.904244208029594,0 119.907526574974,-0.904175894366105,0 119.906769378045,-0.903973029059312,0 119.906058916335,-0.903641776090716,0 119.905416776919,-0.903192200447543,0 119.904862470908,-0.902637962299153,0 119.904412840609,-0.901995901934745,0 119.904081547781,-0.901285528074429,0 119.903878658533,-0.900528425101709,0 119.903810337478,-0.899747597228907,0 119.903878660429,-0.898966769523222,0 119.904081551344,-0.898209667031697,0 119.904412845409,-0.897499293908615,0 119.904862476366,-0.896857234448558,0 119.905416782378,-0.896302997262559,0 119.906058921136,-0.895853422523738,0 119.906769381608,-0.895522170292376,0 119.90752657687,-0.895319305466778,0 119.9083075,-0.895250991970407,0
</coordinates></LinearRing></outerBoundaryIs></Polygon>
</Placemark>
<Placemark>
<name>Pasar Tavanjuka</name>
<description>Kota Palu - radius 500m</description>
<Polygon><outerBoundaryIs><LinearRing><coordinates>
119.864957,-0.918160191970405,0 119.865737928072,-0.918228505464649,0 119.866495128128,-0.91843137028412,0 119.867205593103,-0.918762622506094,0 119.867847735936,-0.9192121972334,0 119.868402045472,-0.919766434407145,0 119.868851679298,-0.920408493855688,0 119.869182975485,-0.921118866969382,0 119.869385867712,-0.92187596945478,0 119.869454191122,-0.922656797158336,0 119.869385869656,-0.923437625033266,0 119.869182979139,-0.924194728012114,0 119.86885168422,-0.924905101881816,0 119.86840205107,-0.92554716225774,0 119.867847741534,-0.926101400418385,0 119.867205598026,-0.926550976073072,0 119.866495131782,-0.926882229051056,0 119.865737930016,-0.927085094363976,0 119.864957,-0.927153408029593,0 119.864176069984,-0.927085094363976,0 119.863418868218,-0.926882229051056,0 119.862708401974,-0.926550976073072,0 119.862066258466,-0.926101400418385,0 119.86151194893,-0.92554716225774,0 119.86106231578,-0.924905101881816,0 119.860731020861,-0.924194728012114,0 119.860528130344,-0.923437625033266,0 119.860459808878,-0.922656797158336,0 119.860528132288,-0.92187596945478,0 119.860731024515,-0.921118866969382,0 119.861062320702,-0.920408493855688,0 119.861511954528,-0.919766434407146,0 119.862066264064,-0.9192121972334,0 119.862708406897,-0.918762622506094,0 119.863418871872,-0.91843137028412,0 119.864176071928,-0.918228505464649,0 119.864957,-0.918160191970405,0
</coordinates></LinearRing></outerBoundaryIs></Polygon>
</Placemark>
<Placemark>
<name>Pasar Mamboro Palu</name>
<description>Kota Palu - radius 500m</description>
<Polygon><outerBoundaryIs><LinearRing><coordinates>
119.8764392,-0.786890791970406,0 119.877220101447,-0.786959105476842,0 119.877977275674,-0.78716197033142,0 119.87868771639,-0.787493222607182,0 119.879329837264,-0.787942797400468,0 119.879884127803,-0.788497034644427,0 119.880333746171,-0.789139094158949,0 119.880665030914,-0.789849467326431,0 119.880867916065,-0.790606569846936,0 119.880936236995,-0.791387397562686,0 119.880867917732,-0.792168225425423,0 119.880665034048,-0.792925328369163,0 119.880333750393,-0.793635702185079,0 119.879884132604,-0.794277762495023,0 119.879329842065,-0.794832000585453,0 119.878687720612,-0.795281576174161,0 119.877977278807,-0.795612829098356,0 119.877220103114,-0.79581569437617,0 119.8764392,-0.795884008029594,0 119.875658296886,-0.79581569437617,0 119.874901121193,-0.795612829098357,0 119.874190679388,-0.795281576174161,0 119.873548557935,-0.794832000585453,0 119.872994267396,-0.794277762495023,0 119.872544649607,-0.793635702185079,0 119.872213365952,-0.792925328369163,0 119.872010482267,-0.792168225425423,0 119.871942163005,-0.791387397562686,0 119.872010483935,-0.790606569846936,0 119.872213369086,-0.789849467326431,0 119.872544653829,-0.789139094158949,0 119.872994272197,-0.788497034644428,0 119.873548562736,-0.787942797400468,0 119.87419068361,-0.787493222607182,0 119.874901124326,-0.78716197033142,0 119.875658298553,-0.786959105476842,0 119.8764392,-0.786890791970406,0
</coordinates></LinearRing></outerBoundaryIs></Polygon>
</Placemark>
<Placemark>
<name>Pasar Vinase Tavaili Palu</name>
<description>Kota Palu - radius 500m</description>
<Polygon><outerBoundaryIs><LinearRing><coordinates>
119.8666773,-0.711470991970405,0 119.867458188004,-0.711539305483846,0 119.86821534919,-0.711742170358594,0 119.868925777656,-0.712073422665257,0 119.869567887438,-0.712522997496449,0 119.87012216838,-0.713077234780748,0 119.870571778934,-0.713719294333176,0 119.870903057889,-0.714429667531559,0 119.871105939457,-0.715186770072234,0 119.871174259125,-0.715967597794988,0 119.871105940965,-0.716748425650721,0 119.870903060724,-0.717505528574292,0 119.870571782753,-0.718215902359306,0 119.870122172723,-0.718857962631343,0 119.869567891782,-0.719412200681434,0 119.868925781476,-0.719861776232236,0 119.868215352025,-0.72019302912553,0 119.867458189513,-0.720395894383174,0 119.8666773,-0.720464208029593,0 119.865896410487,-0.720395894383174,0 119.865139247975,-0.72019302912553,0 119.864428818524,-0.719861776232236,0 119.863786708218,-0.719412200681434,0 119.863232427277,-0.718857962631343,0 119.862782817246,-0.718215902359306,0 119.862451539276,-0.717505528574292,0 119.862248659035,-0.716748425650721,0 119.862180340875,-0.715967597794988,0 119.862248660543,-0.715186770072234,0 119.862451542111,-0.714429667531559,0 119.862782821066,-0.713719294333176,0 119.86323243162,-0.713077234780748,0 119.863786712562,-0.712522997496449,0 119.864428822344,-0.712073422665257,0 119.86513925081,-0.711742170358594,0 119.865896411996,-0.711539305483846,0 119.8666773,-0.711470991970405,0
</coordinates></LinearRing></outerBoundaryIs></Polygon>
</Placemark>
<Placemark>
<name>Pasar Virgo Palu</name>
<description>Kota Palu - radius 500m</description>
<Polygon><outerBoundaryIs><LinearRing><coordinates>
119.8631482,-0.752527391970406,0 119.863929095154,-0.752595705480034,0 119.864686263276,-0.752798570343802,0 119.865396698258,-0.753129822633643,0 119.866038813941,-0.7535793974442,0 119.866593099988,-0.75413363470654,0 119.867042714699,-0.754775694238333,0 119.867373996733,-0.755486067419895,0 119.867576880208,-0.756243169949589,0 119.867645200549,-0.757023997668531,0 119.867576881803,-0.757804825528077,0 119.867373999731,-0.758561928462627,0 119.867042718737,-0.759272302264463,0 119.86659310458,-0.759914362557135,0 119.866038818533,-0.760468600629186,0 119.865396702297,-0.760918176200622,0 119.864686266274,-0.761249429110738,0 119.863929096749,-0.761452294379361,0 119.8631482,-0.761520608029594,0 119.862367303251,-0.761452294379361,0 119.861610133726,-0.761249429110738,0 119.860899697703,-0.760918176200622,0 119.860257581467,-0.760468600629186,0 119.85970329542,-0.759914362557135,0 119.859253681263,-0.759272302264463,0 119.858922400269,-0.758561928462627,0 119.858719518197,-0.757804825528077,0 119.858651199451,-0.757023997668531,0 119.858719519792,-0.756243169949589,0 119.858922403267,-0.755486067419895,0 119.859253685301,-0.754775694238333,0 119.859703300012,-0.75413363470654,0 119.860257586059,-0.7535793974442,0 119.860899701742,-0.753129822633643,0 119.861610136724,-0.752798570343802,0 119.862367304846,-0.752595705480034,0 119.8631482,-0.752527391970406,0
</coordinates></LinearRing></outerBoundaryIs></Polygon>
</Placemark>
<Placemark>
<name>Talise Traditional Market Palu</name>
<description>Kota Palu - radius 500m</description>
<Polygon><outerBoundaryIs><LinearRing><coordinates>
119.8914996,-0.876283791970405,0 119.892280519133,-0.876352105468538,0 119.893037710517,-0.876554970299209,0 119.893748167348,-0.876886222538343,0 119.89439030281,-0.877335797286698,0 119.894944605969,-0.877890034482843,0 119.895394234607,-0.878532093952433,0 119.895725526955,-0.879242467083287,0 119.895928416808,-0.879999569579884,0 119.895996739388,-0.880780397287331,0 119.895928418664,-0.881561225158371,0 119.895725530443,-0.882318328126019,0 119.895394239306,-0.883028701978563,0 119.894944611313,-0.883670762333438,0 119.894390308153,-0.884225000471682,0 119.893748172047,-0.884674576105321,0 119.893037714005,-0.885005829066145,0 119.892280520989,-0.885208694367866,0 119.8914996,-0.885277008029593,0 119.890718679011,-0.885208694367866,0 119.889961485995,-0.885005829066145,0 119.889251027953,-0.884674576105321,0 119.888608891847,-0.884225000471682,0 119.888054588687,-0.883670762333438,0 119.887604960694,-0.883028701978563,0 119.887273669557,-0.882318328126019,0 119.887070781336,-0.881561225158371,0 119.887002460612,-0.880780397287331,0 119.887070783192,-0.879999569579885,0 119.887273673045,-0.879242467083287,0 119.887604965393,-0.878532093952433,0 119.88805459403,-0.877890034482843,0 119.88860889719,-0.877335797286698,0 119.889251032652,-0.876886222538343,0 119.889961489483,-0.876554970299209,0 119.890718680867,-0.876352105468538,0 119.8914996,-0.876283791970405,0
</coordinates></LinearRing></outerBoundaryIs></Polygon>
</Placemark>
<Placemark>
<name>Lakessi Traditional Market</name>
<description>Kota Parepare - radius 500m</description>
<Polygon><outerBoundaryIs><LinearRing><coordinates>
119.6270778,-3.99911039197041,0 119.627860533707,-3.99917870517795,0 119.628619484827,-3.99938156917191,0 119.629331593352,-3.99971282012912,0 119.629975222474,-4.00016239330496,0 119.630530815979,-4.00071662882767,0 119.630981492441,-4.00135868672474,0 119.63131355815,-4.00206905857366,0 119.63151692321,-4.00282616023353,0 119.63158540814,-4.00360698765037,0 119.631516931679,-4.00438781581199,0 119.631313574065,-4.00514491961635,0 119.630981513883,-4.00585529475082,0 119.630530840362,-4.00649735667821,0 119.629975246857,-4.0070515964899,0 119.629331614795,-4.00750117369607,0 119.628619500743,-4.00783242793883,0 119.627860542175,-4.00803529407727,0 119.6270778,-4.00810360802959,0 119.626295057825,-4.00803529407727,0 119.625536099257,-4.00783242793883,0 119.624823985205,-4.00750117369607,0 119.624180353143,-4.0070515964899,0 119.623624759638,-4.00649735667821,0 119.623174086117,-4.00585529475082,0 119.622842025935,-4.00514491961635,0 119.622638668321,-4.00438781581199,0 119.62257019186,-4.00360698765037,0 119.62263867679,-4.00282616023353,0 119.62284204185,-4.00206905857366,0 119.623174107559,-4.00135868672474,0 119.623624784021,-4.00071662882767,0 119.624180377526,-4.00016239330496,0 119.624824006648,-3.99971282012912,0 119.625536115173,-3.99938156917191,0 119.626295066293,-3.99917870517795,0 119.6270778,-3.99911039197041,0
</coordinates></LinearRing></outerBoundaryIs></Polygon>
</Placemark>
<Placemark>
<name>Pasar Tradisional Modern Kota Pare Pare</name>
<description>Kota Parepare - radius 500m</description>
<Polygon><outerBoundaryIs><LinearRing><coordinates>
119.6406136,-3.99440349197041,0 119.641396329214,-3.99447180517839,0 119.642155275978,-3.99467466917361,0 119.642867380414,-3.99500592013276,0 119.643511005839,-3.99545549331098,0 119.644066596151,-3.99600972883622,0 119.644517270021,-3.99665178673566,0 119.64484933382,-3.99736215858652,0 119.645052697706,-3.99811926024765,0 119.645121182238,-3.99890008766494,0 119.645052706165,-3.99968091582612,0 119.644849349716,-4.00043801962921,0 119.644517291438,-4.00114839476174,0 119.644066620506,-4.00179045668676,0 119.643511030193,-4.00234469649592,0 119.642867401831,-4.00279427369971,0 119.642155291874,-4.00312552794053,0 119.641396337672,-4.00332839407771,0 119.6406136,-4.00339670802959,0 119.639830862328,-4.00332839407771,0 119.639071908126,-4.00312552794053,0 119.638359798169,-4.00279427369971,0 119.637716169807,-4.00234469649592,0 119.637160579494,-4.00179045668676,0 119.636709908562,-4.00114839476174,0 119.636377850284,-4.00043801962921,0 119.636174493835,-3.99968091582612,0 119.636106017762,-3.99890008766494,0 119.636174502294,-3.99811926024765,0 119.63637786618,-3.99736215858652,0 119.636709929979,-3.99665178673566,0 119.637160603849,-3.99600972883622,0 119.637716194161,-3.99545549331098,0 119.638359819586,-3.99500592013276,0 119.639071924022,-3.99467466917361,0 119.639830870786,-3.99447180517839,0 119.6406136,-3.99440349197041,0
</coordinates></LinearRing></outerBoundaryIs></Polygon>
</Placemark>
<Placemark>
<name>Traditional Market Tomohon</name>
<description>Kota Tomohon - radius 500m</description>
<Polygon><outerBoundaryIs><LinearRing><coordinates>
124.8444321,1.33127590802959,0 124.845213138589,1.33120759432643,0 124.845970445588,1.33100472890542,0 124.846681010499,1.33067347576182,0 124.847323243081,1.33022389990397,0 124.84787762938,1.32966966152713,0 124.84832732465,1.32902760094805,0 124.848658665169,1.32831722691273,0 124.848861583408,1.32756012382579,0 124.84892991391,1.32677929591331,0 124.848861580612,1.3259984682473,0 124.848658659914,1.32524136587,0 124.848327317569,1.32453099292192,0 124.847877621329,1.32388893367654,0 124.84732323503,1.32333469671899,0 124.846681003418,1.32288512219484,0 124.845970440333,1.32255387013848,0 124.845213135792,1.32235100542711,0 124.8444321,1.32228269197041,0 124.843651064208,1.32235100542711,0 124.842893759667,1.32255387013848,0 124.842183196582,1.32288512219484,0 124.84154096497,1.32333469671899,0 124.840986578671,1.32388893367654,0 124.840536882431,1.32453099292192,0 124.840205540086,1.32524136587,0 124.840002619388,1.3259984682473,0 124.83993428609,1.32677929591331,0 124.840002616592,1.32756012382579,0 124.840205534831,1.32831722691273,0 124.84053687535,1.32902760094805,0 124.84098657062,1.32966966152713,0 124.841540956919,1.33022389990397,0 124.842183189501,1.33067347576182,0 124.842893754412,1.33100472890542,0 124.843651061411,1.33120759432643,0 124.8444321,1.33127590802959,0
</coordinates></LinearRing></outerBoundaryIs></Polygon>
</Placemark>
<Placemark>
<name>PD Pasar Kota Tomohon</name>
<description>Kota Tomohon - radius 500m</description>
<Polygon><outerBoundaryIs><LinearRing><coordinates>
124.8466671,1.33138140802959,0 124.847448138622,1.33131309432643,0 124.848205445654,1.33111022890538,0 124.848916010595,1.33077897576174,0 124.849558243205,1.33032939990384,0 124.850112629528,1.32977516152694,0 124.850562324816,1.32913310094781,0 124.85089366535,1.32842272691244,0 124.851096583597,1.32766562382547,0 124.851164914102,1.32688479591299,0 124.851096580801,1.32610396824699,0 124.850893660094,1.32534686586971,0 124.850562317735,1.32463649292168,0 124.850112621476,1.32399443367635,0 124.849558235153,1.32344019671885,0 124.848916003514,1.32299062219476,0 124.848205440399,1.32265937013844,0 124.847448135826,1.3224565054271,0 124.8466671,1.32238819197041,0 124.845886064174,1.3224565054271,0 124.845128759601,1.32265937013844,0 124.844418196486,1.32299062219476,0 124.843775964847,1.32344019671885,0 124.843221578524,1.32399443367635,0 124.842771882265,1.32463649292168,0 124.842440539906,1.32534686586971,0 124.842237619199,1.32610396824699,0 124.842169285898,1.32688479591299,0 124.842237616403,1.32766562382547,0 124.84244053465,1.32842272691244,0 124.842771875184,1.32913310094781,0 124.843221570472,1.32977516152694,0 124.843775956795,1.33032939990384,0 124.844418189405,1.33077897576174,0 124.845128754346,1.33111022890538,0 124.845886061378,1.33131309432643,0 124.8466671,1.33138140802959,0
</coordinates></LinearRing></outerBoundaryIs></Polygon>
</Placemark>
<Placemark>
<name>New Traditional Market Belopa</name>
<description>Luwu - radius 500m</description>
<Polygon><outerBoundaryIs><LinearRing><coordinates>
120.3584305,-3.37180969197041,0 120.35921268189,-3.37187800523645,0 120.3599710979,-3.37208086939883,0 120.360682704227,-3.37241212061409,0 120.361325879282,-3.37286169410647,0 120.36188108063,-3.37341592996604,0 120.362331438757,-3.37405798817965,0 120.362663269649,-3.37476836028662,0 120.362866490582,-3.37552546211492,0 120.362934926508,-3.37630628959026,0 120.362866497715,-3.37708711769339,0 120.362663283054,-3.37784422132932,0 120.362331456818,-3.37855459620575,0 120.361881101168,-3.3791966578166,0 120.361325899821,-3.37975089729143,0 120.360682722288,-3.38020047418104,0 120.359971111306,-3.38053172816575,0 120.359212689023,-3.38073459413577,0 120.3584305,-3.38080290802959,0 120.357648310977,-3.38073459413577,0 120.356889888694,-3.38053172816575,0 120.356178277712,-3.38020047418104,0 120.355535100179,-3.37975089729143,0 120.354979898832,-3.3791966578166,0 120.354529543182,-3.37855459620575,0 120.354197716946,-3.37784422132932,0 120.353994502285,-3.37708711769339,0 120.353926073492,-3.37630628959026,0 120.353994509418,-3.37552546211492,0 120.354197730351,-3.37476836028662,0 120.354529561243,-3.37405798817965,0 120.354979919371,-3.37341592996604,0 120.355535120718,-3.37286169410647,0 120.356178295773,-3.37241212061409,0 120.3568899021,-3.37208086939883,0 120.35764831811,-3.37187800523645,0 120.3584305,-3.37180969197041,0
</coordinates></LinearRing></outerBoundaryIs></Polygon>
</Placemark>
<Placemark>
<name>Pasar Tradisional Cilallang Luwu</name>
<description>Luwu - radius 500m</description>
<Polygon><outerBoundaryIs><LinearRing><coordinates>
120.3446971,-3.3148397919704,0 120.345479236456,-3.31490810524175,0 120.346237608408,-3.31511096941942,0 120.346949173385,-3.3154422206581,0 120.347592311053,-3.31589179417921,0 120.348147480108,-3.31644603006934,0 120.34859781202,-3.31708808831168,0 120.348929623573,-3.31779846044207,0 120.349132832633,-3.31855556228565,0 120.349201264518,-3.31933638976631,0 120.349132839645,-3.32011721786413,0 120.348929636751,-3.32087432148477,0 120.348597829775,-3.32158469633778,0 120.348147500298,-3.3222267579199,0 120.347592331243,-3.32278099736416,0 120.34694919114,-3.32323057422506,0 120.346237621586,-3.32356182818635,0 120.345479243468,-3.32376469414108,0 120.3446971,-3.32383300802959,0 120.343914956532,-3.32376469414108,0 120.343156578414,-3.32356182818635,0 120.34244500886,-3.32323057422506,0 120.341801868757,-3.32278099736416,0 120.341246699702,-3.3222267579199,0 120.340796370225,-3.32158469633778,0 120.340464563249,-3.32087432148477,0 120.340261360355,-3.32011721786413,0 120.340192935481,-3.31933638976631,0 120.340261367367,-3.31855556228565,0 120.340464576427,-3.31779846044207,0 120.34079638798,-3.31708808831168,0 120.341246719892,-3.31644603006934,0 120.341801888947,-3.31589179417921,0 120.342445026615,-3.3154422206581,0 120.343156591592,-3.31511096941942,0 120.343914963544,-3.31490810524175,0 120.3446971,-3.3148397919704,0
</coordinates></LinearRing></outerBoundaryIs></Polygon>
</Placemark>
<Placemark>
<name>Pasar Tradisional Lindajang</name>
<description>Luwu - radius 500m</description>
<Polygon><outerBoundaryIs><LinearRing><coordinates>
120.3171621,-3.47770209197041,0 120.317944368408,-3.47777040522658,0 120.318702868318,-3.47797326936054,0 120.319414553385,-3.47830452053227,0 120.320057799636,-3.47875409397125,0 120.320613062475,-3.47930832977398,0 120.32106347052,-3.47995038793419,0 120.321395338237,-3.48066075999763,0 120.321598581776,-3.48141786179751,0 120.321667025394,-3.48219868926299,0 120.321598589135,-3.48297951737598,0 120.321395352066,-3.48373662104033,0 120.321063489152,-3.48444699596029,0 120.320613083662,-3.48508905762454,0 120.320057820823,-3.4856432971562,0 120.319414572016,-3.48609287409922,0 120.318702882146,-3.48642412812747,0 120.317944375766,-3.4866269941259,0 120.3171621,-3.48669530802959,0 120.316379824234,-3.4866269941259,0 120.315621317854,-3.48642412812747,0 120.314909627983,-3.48609287409922,0 120.314266379177,-3.4856432971562,0 120.313711116338,-3.48508905762454,0 120.313260710848,-3.48444699596029,0 120.312928847934,-3.48373662104033,0 120.312725610865,-3.48297951737598,0 120.312657174605,-3.48219868926299,0 120.312725618224,-3.48141786179751,0 120.312928861763,-3.48066075999763,0 120.31326072948,-3.47995038793419,0 120.313711137525,-3.47930832977398,0 120.314266400364,-3.47875409397125,0 120.314909646615,-3.47830452053227,0 120.315621331682,-3.47797326936054,0 120.316379831592,-3.47777040522658,0 120.3171621,-3.47770209197041,0
</coordinates></LinearRing></outerBoundaryIs></Polygon>
</Placemark>
<Placemark>
<name>Malili Traditional Market</name>
<description>Luwu Timur - radius 500m</description>
<Polygon><outerBoundaryIs><LinearRing><coordinates>
121.0904624,-2.62912839197041,0 121.091244050614,-2.6291967053056,0 121.09200195142,-2.62939956966712,0 121.092713074206,-2.62973082118746,0 121.09335581203,-2.63018039505408,0 121.093910635714,-2.63073463131191,0 121.094360687223,-2.63137668989977,0 121.094692291882,-2.63208706231182,0 121.094895373889,-2.63284416433926,0 121.094963762478,-2.63362499188376,0 121.094895379446,-2.63440581991774,0 121.094692302328,-2.63516292335454,0 121.094360701296,-2.63587329792588,0 121.093910651717,-2.63651535916248,0 121.093355828032,-2.63706959823905,0 121.092713088279,-2.63751917475442,0 121.092001961865,-2.63785042843405,0 121.091244056172,-2.63805329420493,0 121.0904624,-2.63812160802959,0 121.089680743828,-2.63805329420493,0 121.088922838135,-2.63785042843405,0 121.088211711721,-2.63751917475442,0 121.087568971968,-2.63706959823905,0 121.087014148283,-2.63651535916248,0 121.086564098704,-2.63587329792588,0 121.086232497672,-2.63516292335454,0 121.086029420554,-2.63440581991774,0 121.085961037522,-2.63362499188376,0 121.086029426111,-2.63284416433926,0 121.086232508118,-2.63208706231182,0 121.086564112777,-2.63137668989977,0 121.087014164286,-2.63073463131191,0 121.08756898797,-2.63018039505408,0 121.088211725794,-2.62973082118746,0 121.08892284858,-2.62939956966712,0 121.089680749386,-2.6291967053056,0 121.0904624,-2.62912839197041,0
</coordinates></LinearRing></outerBoundaryIs></Polygon>
</Placemark>
<Placemark>
<name>Pasar Tradisional Cendana Hitam</name>
<description>Luwu Timur - radius 500m</description>
<Polygon><outerBoundaryIs><LinearRing><coordinates>
120.8823162,-2.51938369197041,0 120.883097783303,-2.51945200531581,0 120.883855618832,-2.51965486970673,0 120.884566680351,-2.51998612127212,0 120.88520936277,-2.52043569519401,0 120.885764138594,-2.52098993151064,0 120.88621415124,-2.52163199015376,0 120.886545727219,-2.52234236261086,0 120.886748791605,-2.5230994646677,0 120.886817174178,-2.52388029222242,0 120.88674879693,-2.52466112024618,0 120.886545737227,-2.52541822365358,0 120.886214164724,-2.52612859817987,0 120.885764153928,-2.52677065936122,0 120.885209378104,-2.52732489837898,0 120.884566693835,-2.52777447483909,0 120.883855628841,-2.52810572847366,0 120.883097788628,-2.52830859421514,0 120.8823162,-2.52837690802959,0 120.881534611372,-2.52830859421514,0 120.880776771159,-2.52810572847366,0 120.880065706165,-2.52777447483909,0 120.879423021896,-2.52732489837898,0 120.878868246072,-2.52677065936122,0 120.878418235276,-2.52612859817987,0 120.878086662773,-2.52541822365358,0 120.87788360307,-2.52466112024618,0 120.877815225822,-2.52388029222242,0 120.877883608395,-2.5230994646677,0 120.878086672781,-2.52234236261086,0 120.87841824876,-2.52163199015376,0 120.878868261406,-2.52098993151064,0 120.87942303723,-2.52043569519401,0 120.880065719649,-2.51998612127212,0 120.880776781168,-2.51965486970673,0 120.881534616697,-2.51945200531581,0 120.8823162,-2.51938369197041,0
</coordinates></LinearRing></outerBoundaryIs></Polygon>
</Placemark>
<Placemark>
<name>Pasar Desa Kertaraharja</name>
<description>Luwu Timur - radius 500m</description>
<Polygon><outerBoundaryIs><LinearRing><coordinates>
120.8624306,-2.52710009197041,0 120.863212187941,-2.5271684053151,0 120.863970027969,-2.52737126970394,0 120.86468109371,-2.52770252126617,0 120.865323779948,-2.52815209518417,0 120.86587855907,-2.52870633149667,0 120.866328574395,-2.5293483901359,0 120.86666015235,-2.53005876258984,0 120.86686321795,-2.53081586464461,0 120.866931600939,-2.53159669219861,0 120.866863223292,-2.53237752022309,0 120.866660162389,-2.53313462363256,0 120.86632858792,-2.53384499816201,0 120.865878574451,-2.53448705934724,0 120.865323795329,-2.53504129836914,0 120.864681107236,-2.53549087483313,0 120.863970038009,-2.53582212847087,0 120.863212193283,-2.53602499421442,0 120.8624306,-2.53609330802959,0 120.861649006717,-2.53602499421442,0 120.860891161991,-2.53582212847087,0 120.860180092764,-2.53549087483313,0 120.859537404671,-2.53504129836914,0 120.858982625549,-2.53448705934724,0 120.85853261208,-2.53384499816201,0 120.858201037611,-2.53313462363256,0 120.857997976708,-2.53237752022309,0 120.857929599061,-2.53159669219861,0 120.85799798205,-2.53081586464461,0 120.85820104765,-2.53005876258984,0 120.858532625605,-2.5293483901359,0 120.85898264093,-2.52870633149667,0 120.859537420052,-2.52815209518417,0 120.86018010629,-2.52770252126617,0 120.860891172031,-2.52737126970394,0 120.861649012059,-2.5271684053151,0 120.8624306,-2.52710009197041,0
</coordinates></LinearRing></outerBoundaryIs></Polygon>
</Placemark>
<Placemark>
<name>Pasar Wonorejo Timur</name>
<description>Luwu Timur - radius 500m</description>
<Polygon><outerBoundaryIs><LinearRing><coordinates>
120.8118543,-2.48971579197041,0 120.8126358656,-2.48978410531857,0 120.813393683963,-2.48998696971744,0 120.814104729368,-2.49031822129501,0 120.814747397216,-2.49076779523183,0 120.815302160453,-2.49132203156436,0 120.815752162877,-2.49196409022241,0 120.816083731312,-2.4926744626917,0 120.816286791063,-2.49343156475648,0 120.816355172054,-2.49421239231396,0 120.816286796326,-2.49499322033496,0 120.816083741203,-2.49575032373441,0 120.815752176203,-2.49646069824852,0 120.815302175606,-2.49710275941493,0 120.814747412369,-2.4976569984168,0 120.814104742693,-2.49810657486197,0 120.813393693853,-2.49843782848437,0 120.812635870863,-2.4986406942179,0 120.8118543,-2.49870900802959,0 120.811072729137,-2.4986406942179,0 120.810314906147,-2.49843782848437,0 120.809603857307,-2.49810657486197,0 120.808961187631,-2.4976569984168,0 120.808406424394,-2.49710275941493,0 120.807956423797,-2.49646069824852,0 120.807624858798,-2.49575032373441,0 120.807421803674,-2.49499322033496,0 120.807353427946,-2.49421239231396,0 120.807421808937,-2.49343156475648,0 120.807624868688,-2.4926744626917,0 120.807956437123,-2.49196409022241,0 120.808406439547,-2.49132203156436,0 120.808961202784,-2.49076779523183,0 120.809603870632,-2.49031822129501,0 120.810314916037,-2.48998696971744,0 120.8110727344,-2.48978410531857,0 120.8118543,-2.48971579197041,0
</coordinates></LinearRing></outerBoundaryIs></Polygon>
</Placemark>
<Placemark>
<name>Pasar Desa Solo Luwu Timur</name>
<description>Luwu Timur - radius 500m</description>
<Polygon><outerBoundaryIs><LinearRing><coordinates>
120.9592005,-2.55616939197041,0 120.959982105544,-2.55623770531239,0 120.960739962643,-2.55644056969345,0 120.961451044406,-2.55677182124374,0 120.962093745133,-2.55722139514711,0 120.962648536772,-2.55777563144403,0 120.96309856226,-2.55841769006863,0 120.963430147716,-2.55912806251063,0 120.963633217924,-2.55988516455762,0 120.963701602486,-2.56066599210891,0 120.963633223328,-2.56144682013609,0 120.96343015787,-2.56220392355335,0 120.963098575941,-2.56291429809474,0 120.96264855233,-2.56355635929461,0 120.962093760691,-2.56411059833208,0 120.961451058087,-2.56456017481071,0 120.960739972798,-2.56489142846038,0 120.959982110947,-2.56509429421172,0 120.9592005,-2.56516260802959,0 120.958418889053,-2.56509429421172,0 120.957661027202,-2.56489142846038,0 120.956949941913,-2.56456017481071,0 120.956307239309,-2.56411059833208,0 120.95575244767,-2.56355635929461,0 120.955302424059,-2.56291429809474,0 120.95497084213,-2.56220392355335,0 120.954767776672,-2.56144682013609,0 120.954699397514,-2.56066599210891,0 120.954767782076,-2.55988516455762,0 120.954970852284,-2.55912806251063,0 120.95530243774,-2.55841769006863,0 120.955752463228,-2.55777563144403,0 120.956307254867,-2.55722139514711,0 120.956949955594,-2.55677182124374,0 120.957661037357,-2.55644056969345,0 120.958418894456,-2.55623770531239,0 120.9592005,-2.55616939197041,0
</coordinates></LinearRing></outerBoundaryIs></Polygon>
</Placemark>
<Placemark>
<name>Pasar Tradisional Kalotok</name>
<description>Luwu Utara - radius 500m</description>
<Polygon><outerBoundaryIs><LinearRing><coordinates>
120.1779474,-2.71207439197041,0 120.178729103399,-2.71214270529788,0 120.179487055395,-2.71234556963717,0 120.180198226226,-2.71267682112346,0 120.180841007495,-2.71312639494831,0 120.181395868709,-2.71368063116168,0 120.181845950692,-2.71432268970777,0 120.182177577839,-2.71503306208577,0 120.182380673659,-2.71579016409098,0 120.182449066962,-2.71657099162776,0 120.182380679392,-2.71735181966946,0 120.182177588614,-2.71810892312849,0 120.181845965209,-2.71881929773388,0 120.181395885218,-2.71946135901226,0 120.180841024004,-2.72001559813328,0 120.180198240743,-2.72046517469042,0 120.17948706617,-2.7207964284041,0 120.178729109133,-2.72099929419721,0 120.1779474,-2.72106760802959,0 120.177165690867,-2.72099929419721,0 120.17640773383,-2.7207964284041,0 120.175696559257,-2.72046517469042,0 120.175053775996,-2.72001559813328,0 120.174498914782,-2.71946135901226,0 120.174048834791,-2.71881929773388,0 120.173717211386,-2.71810892312849,0 120.173514120608,-2.71735181966946,0 120.173445733038,-2.71657099162776,0 120.173514126341,-2.71579016409098,0 120.173717222161,-2.71503306208577,0 120.174048849308,-2.71432268970777,0 120.17449893129,-2.71368063116168,0 120.175053792505,-2.71312639494831,0 120.175696573774,-2.71267682112346,0 120.176407744605,-2.71234556963717,0 120.177165696601,-2.71214270529788,0 120.1779474,-2.71207439197041,0
</coordinates></LinearRing></outerBoundaryIs></Polygon>
</Placemark>
<Placemark>
<name>Pasar Tradisional Ketulungan</name>
<description>Luwu Utara - radius 500m</description>
<Polygon><outerBoundaryIs><LinearRing><coordinates>
120.4445777,-2.58280579197041,0 120.445359321851,-2.58287410530991,0 120.446117194764,-2.58307696968384,0 120.44682829137,-2.5834082212232,0 120.447471005519,-2.58385779511315,0 120.448025808752,-2.5844120313958,0 120.448475843655,-2.58505409000698,0 120.44880743606,-2.58576446243805,0 120.449010510537,-2.5865215644779,0 120.449078896557,-2.58730239202671,0 120.449010515997,-2.58808322005638,0 120.44880744632,-2.58884032348077,0 120.44847585748,-2.58955069803309,0 120.448025824473,-2.59019275924637,0 120.447471021239,-2.59074699829812,0 120.446828305194,-2.59119657479016,0 120.446117205025,-2.59152782845077,0 120.445359327311,-2.59173069420924,0 120.4445777,-2.59179900802959,0 120.443796072689,-2.59173069420924,0 120.443038194975,-2.59152782845077,0 120.442327094806,-2.59119657479016,0 120.441684378761,-2.59074699829812,0 120.441129575527,-2.59019275924637,0 120.44067954252,-2.58955069803309,0 120.44034795368,-2.58884032348077,0 120.440144884003,-2.58808322005638,0 120.440076503443,-2.58730239202671,0 120.440144889463,-2.5865215644779,0 120.44034796394,-2.58576446243805,0 120.440679556345,-2.58505409000698,0 120.441129591248,-2.5844120313958,0 120.441684394481,-2.58385779511315,0 120.44232710863,-2.5834082212232,0 120.443038205236,-2.58307696968384,0 120.443796078149,-2.58287410530991,0 120.4445777,-2.58280579197041,0
</coordinates></LinearRing></outerBoundaryIs></Polygon>
</Placemark>
<Placemark>
<name>Pasar Tradisional Beringin Jaya</name>
<description>Luwu Utara - radius 500m</description>
<Polygon><outerBoundaryIs><LinearRing><coordinates>
120.2723283,-2.70589819197041,0 120.273109999412,-2.70596650529846,0 120.273867947541,-2.7061693696394,0 120.274579114743,-2.70650062112822,0 120.275221892731,-2.70695019495619,0 120.27577675111,-2.70750443117287,0 120.276226830791,-2.70814648972207,0 120.276558456239,-2.70885686210261,0 120.276761551016,-2.70961396410947,0 120.276829943963,-2.71039479164683,0 120.276761556737,-2.71117561968795,0 120.27655846699,-2.71193272314532,0 120.276226845275,-2.71264309774817,0 120.275776767581,-2.71328515902344,0 120.275221909202,-2.71383939814115,0 120.274579129227,-2.71428897469519,0 120.273867958292,-2.71462022840633,0 120.273110005132,-2.71482309419778,0 120.2723283,-2.71489140802959,0 120.271546594868,-2.71482309419778,0 120.270788641708,-2.71462022840633,0 120.270077470773,-2.71428897469519,0 120.269434690798,-2.71383939814115,0 120.268879832419,-2.71328515902344,0 120.268429754725,-2.71264309774817,0 120.26809813301,-2.71193272314532,0 120.267895043263,-2.71117561968795,0 120.267826656037,-2.71039479164683,0 120.267895048984,-2.70961396410947,0 120.268098143761,-2.70885686210261,0 120.268429769209,-2.70814648972207,0 120.26887984889,-2.70750443117287,0 120.269434707269,-2.70695019495619,0 120.270077485257,-2.70650062112822,0 120.270788652459,-2.7061693696394,0 120.271546600588,-2.70596650529846,0 120.2723283,-2.70589819197041,0
</coordinates></LinearRing></outerBoundaryIs></Polygon>
</Placemark>
<Placemark>
<name>Pasar Sentral Majene</name>
<description>Majene - radius 500m</description>
<Polygon><outerBoundaryIs><LinearRing><coordinates>
118.9691675,-3.53420659197041,0 118.969949815675,-3.53427490522131,0 118.970708361422,-3.53447776934011,0 118.971420089508,-3.5348090204886,0 118.972063374655,-3.53525859389908,0 118.972618671087,-3.53581282967148,0 118.973069106403,-3.53645488780319,0 118.973400994237,-3.53716525984339,0 118.973604250125,-3.53792236162811,0 118.973672697944,-3.53870318908832,0 118.973604257604,-3.53948401720658,0 118.973401008291,-3.54024112088609,0 118.973069125338,-3.54095149582929,0 118.97261869262,-3.54159355752204,0 118.972063396188,-3.54214779708403,0 118.971420108443,-3.54259737405556,0 118.970708375477,-3.54292862810704,0 118.969949823154,-3.54313149412063,0 118.9691675,-3.54319980802959,0 118.968385176846,-3.54313149412063,0 118.967626624523,-3.54292862810704,0 118.966914891557,-3.54259737405556,0 118.966271603812,-3.54214779708403,0 118.96571630738,-3.54159355752204,0 118.965265874662,-3.54095149582929,0 118.964933991709,-3.54024112088609,0 118.964730742396,-3.53948401720658,0 118.964662302056,-3.53870318908832,0 118.964730749875,-3.53792236162811,0 118.964934005763,-3.53716525984339,0 118.965265893597,-3.53645488780319,0 118.965716328913,-3.53581282967148,0 118.966271625345,-3.53525859389908,0 118.966914910492,-3.5348090204886,0 118.967626638578,-3.53447776934011,0 118.968385184325,-3.53427490522131,0 118.9691675,-3.53420659197041,0
</coordinates></LinearRing></outerBoundaryIs></Polygon>
</Placemark>
<Placemark>
<name>Pasar Lembang Majene</name>
<description>Majene - radius 500m</description>
<Polygon><outerBoundaryIs><LinearRing><coordinates>
118.989545,-3.53407969197041,0 118.990327315568,-3.53414800522132,0 118.991085861211,-3.53435086934016,0 118.991797589199,-3.5346821204887,0 118.992440874258,-3.53513169389924,0 118.992996170614,-3.53568592967171,0 118.993446605869,-3.53632798780349,0 118.993778493657,-3.53703835984374,0 118.993981749518,-3.53779546162849,0 118.994050197327,-3.53857628908871,0 118.993981756996,-3.53935711720696,0 118.993778507711,-3.54011422088644,0 118.993446624804,-3.54082459582958,0 118.992996192146,-3.54146665752227,0 118.99244089579,-3.5420208970842,0 118.991797608134,-3.54247047405566,0 118.991085875265,-3.54280172810708,0 118.990327323046,-3.54300459412065,0 118.989545,-3.54307290802959,0 118.988762676954,-3.54300459412065,0 118.988004124735,-3.54280172810708,0 118.987292391865,-3.54247047405566,0 118.986649104209,-3.5420208970842,0 118.986093807854,-3.54146665752227,0 118.985643375196,-3.54082459582958,0 118.985311492289,-3.54011422088644,0 118.985108243004,-3.53935711720696,0 118.985039802673,-3.53857628908871,0 118.985108250482,-3.53779546162849,0 118.985311506343,-3.53703835984374,0 118.985643394131,-3.53632798780349,0 118.986093829386,-3.53568592967171,0 118.986649125742,-3.53513169389924,0 118.9872924108,-3.5346821204887,0 118.988004138789,-3.53435086934016,0 118.988762684432,-3.53414800522132,0 118.989545,-3.53407969197041,0
</coordinates></LinearRing></outerBoundaryIs></Polygon>
</Placemark>
<Placemark>
<name>Pasar Mamasa</name>
<description>Mamasa - radius 500m</description>
<Polygon><outerBoundaryIs><LinearRing><coordinates>
119.3724532,-2.93585019197041,0 119.373235054016,-2.93591850527705,0 119.373993152073,-2.93612136955636,0 119.374704459992,-2.93645262095075,0 119.375347365224,-2.93690219466288,0 119.375902333515,-2.93745643075629,0 119.376352502436,-2.93809848918965,0 119.376684193735,-2.93880886147576,0 119.376887328957,-2.93956596342099,0 119.376955735695,-2.94034679093694,0 119.376887335165,-2.94112761899946,0 119.376684205402,-2.94188472251847,0 119.376352518155,-2.94259509721576,0 119.375902351389,-2.94323715860686,0 119.375347383098,-2.94379139784784,0 119.37470447571,-2.94424097451772,0 119.37399316374,-2.94457222832329,0 119.373235060224,-2.94477509417638,0 119.3724532,-2.94484340802959,0 119.371671339776,-2.94477509417638,0 119.37091323626,-2.94457222832329,0 119.37020192429,-2.94424097451772,0 119.369559016902,-2.94379139784784,0 119.369004048611,-2.94323715860686,0 119.368553881845,-2.94259509721576,0 119.368222194598,-2.94188472251847,0 119.368019064835,-2.94112761899946,0 119.367950664305,-2.94034679093694,0 119.368019071043,-2.93956596342099,0 119.368222206265,-2.93880886147576,0 119.368553897564,-2.93809848918965,0 119.369004066485,-2.93745643075629,0 119.369559034777,-2.93690219466288,0 119.370201940008,-2.93645262095075,0 119.370913247927,-2.93612136955636,0 119.371671345984,-2.93591850527705,0 119.3724532,-2.93585019197041,0
</coordinates></LinearRing></outerBoundaryIs></Polygon>
</Placemark>
<Placemark>
<name>Pasar Baru Mambi Mamasa</name>
<description>Mamasa - radius 500m</description>
<Polygon><outerBoundaryIs><LinearRing><coordinates>
119.1743103,-2.94872589197041,0 119.175092163047,-2.94879420527585,0 119.175850269862,-2.94899706955171,0 119.176561586,-2.94932832094081,0 119.177204498664,-2.94977789464645,0 119.177759473376,-2.95033213073296,0 119.178209647509,-2.95097418915984,0 119.178541342654,-2.95168456144065,0 119.178744480238,-2.95244166338243,0 119.178812887781,-2.95322249089718,0 119.178744486473,-2.9540033189609,0 119.178541354372,-2.95476042248337,0 119.178209663297,-2.95547079718594,0 119.177759491328,-2.95611285858353,0 119.177204516617,-2.95666709783142,0 119.176561601788,-2.95711667450778,0 119.17585028158,-2.95744792831864,0 119.175092169282,-2.95765079417518,0 119.1743103,-2.95771910802959,0 119.173528430718,-2.95765079417518,0 119.17277031842,-2.95744792831864,0 119.172058998212,-2.95711667450778,0 119.171416083383,-2.95666709783142,0 119.170861108671,-2.95611285858353,0 119.170410936703,-2.95547079718594,0 119.170079245628,-2.95476042248337,0 119.169876113527,-2.9540033189609,0 119.169807712219,-2.95322249089718,0 119.169876119762,-2.95244166338243,0 119.170079257346,-2.95168456144065,0 119.170410952491,-2.95097418915984,0 119.170861126624,-2.95033213073296,0 119.171416101336,-2.94977789464645,0 119.172059014,-2.94932832094081,0 119.172770330138,-2.94899706955171,0 119.173528436953,-2.94879420527585,0 119.1743103,-2.94872589197041,0
</coordinates></LinearRing></outerBoundaryIs></Polygon>
</Placemark>
<Placemark>
<name>Pasar Baru Sumarorong Mamasa</name>
<description>Mamasa - radius 500m</description>
<Polygon><outerBoundaryIs><LinearRing><coordinates>
119.309385,-3.13943519197041,0 119.310167001458,-3.13950350525809,0 119.310925242497,-3.13970636948281,0 119.311636684609,-3.14003762079357,0 119.312279711182,-3.1404871944031,0 119.312834784283,-3.14104143038734,0 119.313285038295,-3.14168348871811,0 119.313616792377,-3.14239386092058,0 119.313819966151,-3.14315096281121,0 119.313888386023,-3.14393179030821,0 119.313819972791,-3.14471261838969,0 119.313616804855,-3.14546972196329,0 119.313285055107,-3.14618009674421,0 119.3128348034,-3.14682215823791,0 119.3122797303,-3.14737639758807,0 119.311636701421,-3.14782597436053,0 119.310925254975,-3.14815722824974,0 119.310167008098,-3.14836009415742,0 119.309385,-3.14842840802959,0 119.308602991902,-3.14836009415742,0 119.307844745025,-3.14815722824974,0 119.307133298579,-3.14782597436053,0 119.3064902697,-3.14737639758807,0 119.3059351966,-3.14682215823791,0 119.305484944893,-3.14618009674421,0 119.305153195145,-3.14546972196329,0 119.304950027209,-3.14471261838969,0 119.304881613976,-3.14393179030821,0 119.304950033849,-3.14315096281121,0 119.305153207623,-3.14239386092058,0 119.305484961705,-3.14168348871811,0 119.305935215717,-3.14104143038734,0 119.306490288818,-3.1404871944031,0 119.307133315391,-3.14003762079357,0 119.307844757503,-3.13970636948281,0 119.308602998542,-3.13950350525809,0 119.309385,-3.13943519197041,0
</coordinates></LinearRing></outerBoundaryIs></Polygon>
</Placemark>
<Placemark>
<name>Pasar Mala'bo Tanduk Kalua Mamasa</name>
<description>Mamasa - radius 500m</description>
<Polygon><outerBoundaryIs><LinearRing><coordinates>
119.3033896,-3.0197605919704,0 119.304171513584,-3.01982890526924,0 119.304929669407,-3.02003176952605,0 119.305641031541,-3.02036302088597,0 119.306283985796,-3.02081259455582,0 119.306838996433,-3.02136683060424,0 119.307289199733,-3.02200888899532,0 119.307620916398,-3.02271926124696,0 119.307824067198,-3.02347636316969,0 119.307892479244,-3.02425719067783,0 119.307824073584,-3.02503801874816,0 119.307620928399,-3.02579512228967,0 119.307289215902,-3.02650549702142,0 119.306839014819,-3.02714755845481,0 119.306284004183,-3.02770179774078,0 119.30564104771,-3.02815137445294,0 119.304929681408,-3.02848262829298,0 119.304171519969,-3.02868549416856,0 119.3033896,-3.02875380802959,0 119.302607680031,-3.02868549416856,0 119.301849518592,-3.02848262829298,0 119.30113815229,-3.02815137445294,0 119.300495195817,-3.02770179774078,0 119.299940185181,-3.02714755845481,0 119.299489984098,-3.02650549702142,0 119.299158271601,-3.02579512228967,0 119.298955126417,-3.02503801874816,0 119.298886720756,-3.02425719067783,0 119.298955132802,-3.02347636316969,0 119.299158283602,-3.02271926124696,0 119.299490000267,-3.02200888899532,0 119.299940203567,-3.02136683060424,0 119.300495214204,-3.02081259455582,0 119.301138168459,-3.02036302088597,0 119.301849530593,-3.02003176952605,0 119.302607686416,-3.01982890526924,0 119.3033896,-3.0197605919704,0
</coordinates></LinearRing></outerBoundaryIs></Polygon>
</Placemark>
<Placemark>
<name>Pasar Sentral Tasiu Kalukku</name>
<description>Mamuju - radius 500m</description>
<Polygon><outerBoundaryIs><LinearRing><coordinates>
119.0674548,-2.54086759197041,0 119.068236396253,-2.54093590531382,0 119.068994244342,-2.54113876969898,0 119.069705317648,-2.54147002125555,0 119.070348010727,-2.54191959516662,0 119.070902795759,-2.54247383147174,0 119.071352815883,-2.54311589010404,0 119.07168439738,-2.54382626255233,0 119.071887465156,-2.54458336460341,0 119.071955848888,-2.54536419215613,0 119.071887470527,-2.54614502018189,0 119.071684407474,-2.54690212359504,0 119.071352829482,-2.54761249813015,0 119.070902811224,-2.54825455932231,0 119.070348026191,-2.54880879835159,0 119.069705331247,-2.54925837482252,0 119.068994254435,-2.54958962846591,0 119.068236401624,-2.54979249421314,0 119.0674548,-2.54986080802959,0 119.066673198376,-2.54979249421314,0 119.065915345565,-2.54958962846591,0 119.065204268753,-2.54925837482252,0 119.064561573808,-2.54880879835159,0 119.064006788776,-2.54825455932231,0 119.063556770518,-2.54761249813015,0 119.063225192526,-2.54690212359504,0 119.063022129473,-2.54614502018189,0 119.062953751112,-2.54536419215613,0 119.063022134844,-2.54458336460341,0 119.06322520262,-2.54382626255233,0 119.063556784117,-2.54311589010404,0 119.064006804241,-2.54247383147174,0 119.064561589273,-2.54191959516662,0 119.065204282352,-2.54147002125555,0 119.065915355658,-2.54113876969898,0 119.066673203747,-2.54093590531382,0 119.0674548,-2.54086759197041,0
</coordinates></LinearRing></outerBoundaryIs></Polygon>
</Placemark>
<Placemark>
<name>Pasar Baru Mamuju</name>
<description>Mamuju - radius 500m</description>
<Polygon><outerBoundaryIs><LinearRing><coordinates>
118.8778964,-2.68234129197041,0 118.878678084288,-2.68240960530065,0 118.879436017751,-2.6826124696479,0 118.880147171187,-2.6829437211464,0 118.880789936728,-2.68339329498623,0 118.881344784355,-2.68394753121554,0 118.881794855304,-2.6845895897766,0 118.88212647431,-2.68529996216681,0 118.882329565129,-2.68605706417998,0 118.882397956726,-2.68683789171953,0 118.8823295708,-2.68761871975846,0 118.882126484967,-2.68837582320952,0 118.881794869662,-2.68908619780271,0 118.881344800682,-2.68972825906611,0 118.880789953055,-2.69028249817119,0 118.880147185545,-2.69073207471337,0 118.879436028408,-2.69106332841483,0 118.878678089959,-2.69126619419998,0 118.8778964,-2.69133450802959,0 118.877114710041,-2.69126619419998,0 118.876356771592,-2.69106332841483,0 118.875645614455,-2.69073207471337,0 118.875002846945,-2.69028249817119,0 118.874447999318,-2.68972825906611,0 118.873997930338,-2.68908619780271,0 118.873666315033,-2.68837582320952,0 118.8734632292,-2.68761871975846,0 118.873394843274,-2.68683789171953,0 118.873463234871,-2.68605706417998,0 118.87366632569,-2.68529996216681,0 118.873997944696,-2.6845895897766,0 118.874448015645,-2.68394753121554,0 118.875002863272,-2.68339329498623,0 118.875645628813,-2.6829437211464,0 118.876356782249,-2.6826124696479,0 118.877114715711,-2.68240960530065,0 118.8778964,-2.68234129197041,0
</coordinates></LinearRing></outerBoundaryIs></Polygon>
</Placemark>
<Placemark>
<name>Pasar Sentral Mamuju</name>
<description>Mamuju - radius 500m</description>
<Polygon><outerBoundaryIs><LinearRing><coordinates>
118.8919881,-2.66814579197041,0 118.892769775239,-2.66821410530197,0 118.893527699926,-2.66841696965303,0 118.894238845125,-2.66874822115735,0 118.894881603217,-2.66919779500433,0 118.89543644441,-2.66975203124125,0 118.895886510135,-2.67039408980945,0 118.896218125286,-2.67110446220549,0 118.896421213737,-2.67186156422247,0 118.896489604525,-2.67264239176335,0 118.896421219377,-2.67342321980095,0 118.896218135886,-2.67418032324821,0 118.895886524417,-2.67489069783556,0 118.895436460651,-2.67553275909182,0 118.894881619458,-2.6760869981893,0 118.894238859407,-2.67653657472432,0 118.893527710526,-2.67686782841996,0 118.892769780879,-2.6770706942013,0 118.8919881,-2.67713900802959,0 118.891206419121,-2.6770706942013,0 118.890448489474,-2.67686782841996,0 118.889737340593,-2.67653657472432,0 118.889094580542,-2.6760869981893,0 118.888539739349,-2.67553275909182,0 118.888089675583,-2.67489069783556,0 118.887758064114,-2.67418032324821,0 118.887554980623,-2.67342321980095,0 118.887486595475,-2.67264239176335,0 118.887554986263,-2.67186156422247,0 118.887758074714,-2.67110446220549,0 118.888089689865,-2.67039408980945,0 118.88853975559,-2.66975203124125,0 118.889094596783,-2.66919779500433,0 118.889737354875,-2.66874822115735,0 118.890448500074,-2.66841696965303,0 118.891206424761,-2.66821410530197,0 118.8919881,-2.66814579197041,0
</coordinates></LinearRing></outerBoundaryIs></Polygon>
</Placemark>
<Placemark>
<name>Pasar Lama Mamuju</name>
<description>Mamuju - radius 500m</description>
<Polygon><outerBoundaryIs><LinearRing><coordinates>
118.8917312,-2.66780799197041,0 118.892512875024,-2.667876305302,0 118.893270799503,-2.66807916965315,0 118.893981944507,-2.66841042115761,0 118.894624702422,-2.66885999500476,0 118.895179543462,-2.66941423124186,0 118.895629609063,-2.67005628981024,0 118.895961224122,-2.67076666220641,0 118.896164312517,-2.67152376422348,0 118.896232703287,-2.67230459176439,0 118.896164318157,-2.67308541980196,0 118.895961234721,-2.67384252324913,0 118.895629623343,-2.67455289783635,0 118.895179559701,-2.67519495909243,0 118.89462471866,-2.67574919818973,0 118.893981958787,-2.67619877472458,0 118.893270810102,-2.67653002842008,0 118.892512880664,-2.67673289420133,0 118.8917312,-2.67680120802959,0 118.890949519336,-2.67673289420133,0 118.890191589898,-2.67653002842008,0 118.889480441213,-2.67619877472458,0 118.88883768134,-2.67574919818973,0 118.888282840299,-2.67519495909243,0 118.887832776657,-2.67455289783635,0 118.887501165279,-2.67384252324913,0 118.887298081843,-2.67308541980196,0 118.887229696713,-2.67230459176439,0 118.887298087483,-2.67152376422348,0 118.887501175878,-2.67076666220641,0 118.887832790937,-2.67005628981024,0 118.888282856538,-2.66941423124186,0 118.888837697578,-2.66885999500476,0 118.889480455493,-2.66841042115761,0 118.890191600497,-2.66807916965315,0 118.890949524976,-2.667876305302,0 118.8917312,-2.66780799197041,0
</coordinates></LinearRing></outerBoundaryIs></Polygon>
</Placemark>
<Placemark>
<name>Pasar Tarailu Mamuju</name>
<description>Mamuju - radius 500m</description>
<Polygon><outerBoundaryIs><LinearRing><coordinates>
119.1757778,-2.30861569197041,0 119.176559262101,-2.30868400533542,0 119.177316980092,-2.30888686978279,0 119.178027931287,-2.30921812143468,0 119.178670513939,-2.30966769546267,0 119.179225203575,-2.31022193189221,0 119.179675146231,-2.31086399064144,0 119.180006670552,-2.31157436318504,0 119.180209703195,-2.31233146529833,0 119.180278074923,-2.31311229287266,0 119.180209708074,-2.31389312087681,0 119.180006679722,-2.31465022422776,0 119.179675158586,-2.31536059866755,0 119.179225217625,-2.31600265974279,0 119.178670527989,-2.31655689864764,0 119.178027943642,-2.31700647500165,0 119.177316989262,-2.31733772854973,0 119.176559266981,-2.31754059423475,0 119.1757778,-2.31760890802959,0 119.174996333019,-2.31754059423475,0 119.174238610738,-2.31733772854973,0 119.173527656358,-2.31700647500165,0 119.172885072011,-2.31655689864764,0 119.172330382375,-2.31600265974279,0 119.171880441414,-2.31536059866755,0 119.171548920278,-2.31465022422776,0 119.171345891926,-2.31389312087681,0 119.171277525077,-2.31311229287266,0 119.171345896805,-2.31233146529833,0 119.171548929448,-2.31157436318504,0 119.171880453769,-2.31086399064144,0 119.172330396425,-2.31022193189221,0 119.172885086061,-2.30966769546267,0 119.173527668713,-2.30921812143468,0 119.174238619908,-2.30888686978279,0 119.174996337899,-2.30868400533542,0 119.1757778,-2.30861569197041,0
</coordinates></LinearRing></outerBoundaryIs></Polygon>
</Placemark>
<Placemark>
<name>Pasar Rakyat Sampaga Mamuju</name>
<description>Mamuju - radius 500m</description>
<Polygon><outerBoundaryIs><LinearRing><coordinates>
119.1753097,-2.30912089197041,0 119.176091162379,-2.30918920533537,0 119.176848880639,-2.30939206978261,0 119.177559832087,-2.30972332143429,0 119.178202414968,-2.31017289546202,0 119.178757104802,-2.3107271318913,0 119.179207047618,-2.31136919064027,0 119.179538572057,-2.31207956318366,0 119.179741604773,-2.31283666529682,0 119.179809976526,-2.3136174928711,0 119.179741609654,-2.3143983208753,0 119.17953858123,-2.31515542422638,0 119.179207059976,-2.31586579866638,0 119.178757118854,-2.31650785974188,0 119.178202429021,-2.317062098647,0 119.177559844445,-2.31751167500126,0 119.176848889811,-2.31784292854954,0 119.176091167259,-2.3180457942347,0 119.1753097,-2.31811410802959,0 119.174528232741,-2.3180457942347,0 119.173770510189,-2.31784292854954,0 119.173059555555,-2.31751167500126,0 119.172416970979,-2.317062098647,0 119.171862281146,-2.31650785974188,0 119.171412340024,-2.31586579866638,0 119.17108081877,-2.31515542422638,0 119.170877790346,-2.3143983208753,0 119.170809423474,-2.3136174928711,0 119.170877795227,-2.31283666529682,0 119.171080827943,-2.31207956318366,0 119.171412352382,-2.31136919064027,0 119.171862295198,-2.3107271318913,0 119.172416985032,-2.31017289546202,0 119.173059567913,-2.30972332143429,0 119.173770519361,-2.30939206978261,0 119.174528237621,-2.30918920533537,0 119.1753097,-2.30912089197041,0
</coordinates></LinearRing></outerBoundaryIs></Polygon>
</Placemark>
<Placemark>
<name>Pasar Ikan TPI Mamuju</name>
<description>Mamuju - radius 500m</description>
<Polygon><outerBoundaryIs><LinearRing><coordinates>
118.8945539,-2.66299519197041,0 118.895335571967,-2.66306350530245,0 118.896093493481,-2.66326636965489,0 118.896804635703,-2.66359762116133,0 118.897447391102,-2.6640471950109,0 118.898002229969,-2.66460143125057,0 118.898452293806,-2.66524348982138,0 118.898783907563,-2.66595386221953,0 118.898986995158,-2.66671096423789,0 118.899055385654,-2.66749179177924,0 118.898987000787,-2.66827261981637,0 118.898783918143,-2.66902972326225,0 118.89845230806,-2.66974009784749,0 118.898002246179,-2.67038215910115,0 118.897447407312,-2.67093639819586,0 118.896804649958,-2.67138597472829,0 118.896093504061,-2.67171722842182,0 118.895335577597,-2.67192009420178,0 118.8945539,-2.67198840802959,0 118.893772222403,-2.67192009420178,0 118.893014295939,-2.67171722842182,0 118.892303150042,-2.67138597472829,0 118.891660392688,-2.67093639819586,0 118.891105553821,-2.67038215910115,0 118.89065549194,-2.66974009784749,0 118.890323881857,-2.66902972326225,0 118.890120799213,-2.66827261981637,0 118.890052414346,-2.66749179177924,0 118.890120804842,-2.66671096423789,0 118.890323892437,-2.66595386221953,0 118.890655506194,-2.66524348982138,0 118.891105570031,-2.66460143125057,0 118.891660408898,-2.6640471950109,0 118.892303164297,-2.66359762116133,0 118.893014306519,-2.66326636965489,0 118.893772228033,-2.66306350530245,0 118.8945539,-2.66299519197041,0
</coordinates></LinearRing></outerBoundaryIs></Polygon>
</Placemark>
<Placemark>
<name>Pasar Topore Papalang Mamuju</name>
<description>Mamuju - radius 500m</description>
<Polygon><outerBoundaryIs><LinearRing><coordinates>
119.1621103,-2.41413059197041,0 119.162891821451,-2.41419890532561,0 119.163649596997,-2.41440176974472,0 119.164360602216,-2.41473302135331,0 119.165003233723,-2.41518259532818,0 119.165557965564,-2.4157368317012,0 119.166007942495,-2.41637889039731,0 119.166339492114,-2.41708926289762,0 119.166542540303,-2.41784636498265,0 119.166610917345,-2.41862719254716,0 119.166542545406,-2.41940802056113,0 119.166339501704,-2.42016512394034,0 119.166007955415,-2.42087549842343,0 119.165557980257,-2.42151755955178,0 119.165003248415,-2.42207179851315,0 119.164360615136,-2.42252137492027,0 119.163649606587,-2.42285262851165,0 119.162891826553,-2.42305549422493,0 119.1621103,-2.42312380802959,0 119.161328773447,-2.42305549422493,0 119.160570993413,-2.42285262851165,0 119.159859984864,-2.42252137492027,0 119.159217351585,-2.42207179851315,0 119.158662619743,-2.42151755955178,0 119.158212644585,-2.42087549842343,0 119.157881098296,-2.42016512394034,0 119.157678054594,-2.41940802056113,0 119.157609682655,-2.41862719254716,0 119.157678059697,-2.41784636498265,0 119.157881107886,-2.41708926289762,0 119.158212657505,-2.41637889039731,0 119.158662634436,-2.4157368317012,0 119.159217366277,-2.41518259532818,0 119.159859997784,-2.41473302135331,0 119.160571003003,-2.41440176974472,0 119.161328778549,-2.41419890532561,0 119.1621103,-2.41413059197041,0
</coordinates></LinearRing></outerBoundaryIs></Polygon>
</Placemark>
<Placemark>
<name>Pasar Desa Botteng</name>
<description>Mamuju - radius 500m</description>
<Polygon><outerBoundaryIs><LinearRing><coordinates>
118.8627999,-2.77819239197041,0 118.863581646654,-2.77826070529173,0 118.864339640596,-2.7784635696133,0 118.865050850797,-2.77879482107244,0 118.865693667668,-2.77924439486399,0 118.866248559635,-2.77979863104192,0 118.866698666586,-2.7804406895547,0 118.867030312159,-2.78115106190556,0 118.867233419297,-2.78190816389305,0 118.86730181646,-2.78268899142368,0 118.86723342517,-2.78346981947152,0 118.867030323197,-2.78422692294827,0 118.866698681458,-2.78493729758081,0 118.866248576547,-2.78557935889249,0 118.86569368458,-2.78613359804895,0 118.86505086567,-2.7865831746394,0 118.864339651635,-2.78691442838023,0 118.863581652528,-2.78711729419105,0 118.8627999,-2.78718560802959,0 118.862018147472,-2.78711729419105,0 118.861260148365,-2.78691442838023,0 118.86054893433,-2.7865831746394,0 118.85990611542,-2.78613359804895,0 118.859351223453,-2.78557935889249,0 118.858901118542,-2.78493729758081,0 118.858569476803,-2.78422692294827,0 118.85836637483,-2.78346981947152,0 118.85829798354,-2.78268899142368,0 118.858366380703,-2.78190816389305,0 118.858569487841,-2.78115106190556,0 118.858901133414,-2.7804406895547,0 118.859351240365,-2.77979863104192,0 118.859906132332,-2.77924439486399,0 118.860548949202,-2.77879482107244,0 118.861260159403,-2.7784635696133,0 118.862018153346,-2.77826070529173,0 118.8627999,-2.77819239197041,0
</coordinates></LinearRing></outerBoundaryIs></Polygon>
</Placemark>
<Placemark>
<name>Pasar Salletto Mamuju A</name>
<description>Mamuju - radius 500m</description>
<Polygon><outerBoundaryIs><LinearRing><coordinates>
118.8481352,-2.73090419197041,0 118.848916915611,-2.73097250529613,0 118.84967487945,-2.73117536963037,0 118.850386061396,-2.73150662110893,0 118.851028852717,-2.7319561949243,0 118.851583722613,-2.73251043112758,0 118.852033811645,-2.73315248966418,0 118.852365443995,-2.73386286203445,0 118.85256854301,-2.73461996403461,0 118.852636937403,-2.73540079156964,0 118.852568548784,-2.73618161961309,0 118.852365454845,-2.73693872307717,0 118.852033826264,-2.73764909769029,0 118.851583739237,-2.73829115897815,0 118.85102886934,-2.73884539810926,0 118.850386076014,-2.73929497467589,0 118.8496748903,-2.7396262283973,0 118.848916921385,-2.73982909419546,0 118.8481352,-2.73989740802959,0 118.847353478615,-2.73982909419546,0 118.8465955097,-2.7396262283973,0 118.845884323986,-2.73929497467589,0 118.84524153066,-2.73884539810926,0 118.844686660763,-2.73829115897815,0 118.844236573736,-2.73764909769029,0 118.843904945155,-2.73693872307717,0 118.843701851216,-2.73618161961309,0 118.843633462597,-2.73540079156964,0 118.84370185699,-2.73461996403461,0 118.843904956005,-2.73386286203445,0 118.844236588355,-2.73315248966418,0 118.844686677387,-2.73251043112758,0 118.845241547283,-2.7319561949243,0 118.845884338604,-2.73150662110893,0 118.84659552055,-2.73117536963037,0 118.847353484389,-2.73097250529613,0 118.8481352,-2.73090419197041,0
</coordinates></LinearRing></outerBoundaryIs></Polygon>
</Placemark>
<Placemark>
<name>Pasar Karossa Mamuju Tengah</name>
<description>Mamuju Tengah - radius 500m</description>
<Polygon><outerBoundaryIs><LinearRing><coordinates>
119.4006772,-1.79241939197041,0 119.401458410059,-1.79248770538342,0 119.402215883616,-1.79269056996899,0 119.40292660537,-1.79302182183261,0 119.403568980513,-1.79347139612033,0 119.40412349086,-1.79402563282628,0 119.404573287895,-1.79466769183524,0 119.404904704704,-1.79537806459058,0 119.405107671243,-1.79613516684207,0 119.405176020326,-1.7969159944644,0 119.405107675031,-1.79769682242056,0 119.404904711824,-1.7984539256333,0 119.404573297488,-1.79916429986136,0 119.404123501769,-1.79980636067687,0 119.403568991422,-1.80036059930531,0 119.402926614963,-1.80081017539959,0 119.402215890736,-1.80114142873592,0 119.401458413847,-1.80134429428274,0 119.4006772,-1.80141260802959,0 119.399895986153,-1.80134429428274,0 119.399138509265,-1.80114142873592,0 119.398427785037,-1.80081017539959,0 119.397785408578,-1.80036059930531,0 119.397230898231,-1.79980636067687,0 119.396781102512,-1.79916429986136,0 119.396449688176,-1.7984539256333,0 119.396246724969,-1.79769682242056,0 119.396178379674,-1.7969159944644,0 119.396246728757,-1.79613516684207,0 119.396449695296,-1.79537806459058,0 119.396781112105,-1.79466769183524,0 119.39723090914,-1.79402563282628,0 119.397785419487,-1.79347139612033,0 119.39842779463,-1.79302182183261,0 119.399138516384,-1.79269056996899,0 119.399895989941,-1.79248770538342,0 119.4006772,-1.79241939197041,0
</coordinates></LinearRing></outerBoundaryIs></Polygon>
</Placemark>
<Placemark>
<name>Pasar Baru Topoyo</name>
<description>Mamuju Tengah - radius 500m</description>
<Polygon><outerBoundaryIs><LinearRing><coordinates>
119.2794623,-2.05574109197041,0 119.280243630686,-2.05580940535894,0 119.28100122123,-2.05601226987402,0 119.281712052799,-2.05634352162965,0 119.282354527264,-2.0567930957849,0 119.28290912343,-2.05734733234987,0 119.283358990175,-2.05798939122635,0 119.283690458457,-2.0586997638737,0 119.283893456653,-2.05945686605471,0 119.283961816592,-2.06023769365255,0 119.283893460998,-2.06101852163319,0 119.283690466623,-2.06177562491642,0 119.283359001176,-2.06248599925247,0 119.28290913594,-2.06312806020046,0 119.282354539774,-2.06368229896987,0 119.2817120638,-2.06413187519662,0 119.281001229395,-2.06446312864096,0 119.280243635031,-2.06466599425826,0 119.2794623,-2.06473430802959,0 119.278680964969,-2.06466599425826,0 119.277923370605,-2.06446312864096,0 119.2772125362,-2.06413187519662,0 119.276570060226,-2.06368229896987,0 119.27601546406,-2.06312806020046,0 119.275565598824,-2.06248599925247,0 119.275234133377,-2.06177562491642,0 119.275031139002,-2.06101852163319,0 119.274962783408,-2.06023769365255,0 119.275031143347,-2.05945686605471,0 119.275234141543,-2.0586997638737,0 119.275565609825,-2.05798939122635,0 119.27601547657,-2.05734733234987,0 119.276570072736,-2.0567930957849,0 119.277212547201,-2.05634352162965,0 119.27792337877,-2.05601226987402,0 119.278680969314,-2.05580940535894,0 119.2794623,-2.05574109197041,0
</coordinates></LinearRing></outerBoundaryIs></Polygon>
</Placemark>
<Placemark>
<name>Pasar Salugatta</name>
<description>Mamuju Tengah - radius 500m</description>
<Polygon><outerBoundaryIs><LinearRing><coordinates>
119.223951,-2.16789559197041,0 119.224732387087,-2.16796390534851,0 119.22549003233,-2.16816676983357,0 119.226200915241,-2.16849802154319,0 119.22684343614,-2.168947595642,0 119.227398072425,-2.16950183214691,0 119.227847971753,-2.17014389096696,0 119.22817946409,-2.17085426356829,0 119.228382477075,-2.17161136571927,0 119.228450842078,-2.17239219330669,0 119.228382481656,-2.17317302129775,0 119.228179472701,-2.17393012461102,0 119.227847983355,-2.17464049899307,0 119.227398085618,-2.17528255999749,0 119.226843449333,-2.17583679882697,0 119.226200926843,-2.17628637511016,0 119.225490040941,-2.1766176286005,0 119.224732391669,-2.17682049424784,0 119.223951,-2.17688880802959,0 119.223169608331,-2.17682049424784,0 119.222411959059,-2.1766176286005,0 119.221701073157,-2.17628637511016,0 119.221058550667,-2.17583679882697,0 119.220503914382,-2.17528255999749,0 119.220054016645,-2.17464049899307,0 119.219722527299,-2.17393012461102,0 119.219519518344,-2.17317302129775,0 119.219451157922,-2.17239219330669,0 119.219519522925,-2.17161136571927,0 119.21972253591,-2.17085426356829,0 119.220054028247,-2.17014389096696,0 119.220503927575,-2.16950183214691,0 119.22105856386,-2.168947595642,0 119.221701084759,-2.16849802154319,0 119.22241196767,-2.16816676983357,0 119.223169612913,-2.16796390534851,0 119.223951,-2.16789559197041,0
</coordinates></LinearRing></outerBoundaryIs></Polygon>
</Placemark>
<Placemark>
<name>Pasar Baru Maros</name>
<description>Maros - radius 500m</description>
<Polygon><outerBoundaryIs><LinearRing><coordinates>
119.5780606,-5.01116439197041,0 119.578844423884,-5.01123270508338,0 119.579604432155,-5.01143556880505,0 119.580317532768,-5.01176681934508,0 119.580962058836,-5.01221639200917,0 119.581518426926,-5.01277062698729,0 119.581969732075,-5.01341268437261,0 119.582302261439,-5.01412305580434,0 119.582505910969,-5.0148801571919,0 119.582574492455,-5.01566098451418,0 119.582505921603,-5.01644181277036,0 119.582302281424,-5.01719891684701,0 119.581969759,-5.01790929239866,0 119.581518457544,-5.0185513548378,0 119.580962089454,-5.01910559519409,0 119.580317559694,-5.01955517291201,0 119.57960445214,-5.01988642757196,0 119.578844434517,-5.02008929398271,0 119.5780606,-5.02015760802959,0 119.577276765483,-5.02008929398271,0 119.57651674786,-5.01988642757196,0 119.575803640306,-5.01955517291201,0 119.575159110546,-5.01910559519409,0 119.574602742456,-5.0185513548378,0 119.574151441,-5.01790929239866,0 119.573818918576,-5.01719891684701,0 119.573615278397,-5.01644181277036,0 119.573546707545,-5.01566098451418,0 119.573615289031,-5.0148801571919,0 119.573818938561,-5.01412305580434,0 119.574151467925,-5.01341268437261,0 119.574602773074,-5.01277062698729,0 119.575159141164,-5.01221639200917,0 119.575803667232,-5.01176681934508,0 119.576516767845,-5.01143556880505,0 119.577276776116,-5.01123270508338,0 119.5780606,-5.01116439197041,0
</coordinates></LinearRing></outerBoundaryIs></Polygon>
</Placemark>
<Placemark>
<name>Pasar Sentral Maros</name>
<description>Maros - radius 500m</description>
<Polygon><outerBoundaryIs><LinearRing><coordinates>
119.5704803,-5.00341609197041,0 119.571264114596,-5.00348440508411,0 119.572024113861,-5.00368726880786,0 119.572737206023,-5.00401851935109,0 119.57338172445,-5.00446809201911,0 119.573938085942,-5.0050223270014,0 119.574389385736,-5.00566438439064,0 119.574721911152,-5.00637475582557,0 119.574925558259,-5.00713185721522,0 119.574994138923,-5.00791268453822,0 119.574925568876,-5.00869351279368,0 119.574721931105,-5.00945061686824,0 119.574389412619,-5.01016099241669,0 119.573938116512,-5.01080305485191,0 119.573381755021,-5.01135729520403,0 119.572737232907,-5.01180687291802,0 119.572024133815,-5.01213812757477,0 119.571264125213,-5.01234099398343,0 119.5704803,-5.01240930802959,0 119.569696474787,-5.01234099398343,0 119.568936466185,-5.01213812757477,0 119.568223367093,-5.01180687291802,0 119.567578844979,-5.01135729520403,0 119.567022483488,-5.01080305485191,0 119.566571187381,-5.01016099241669,0 119.566238668895,-5.00945061686824,0 119.566035031124,-5.00869351279368,0 119.565966461077,-5.00791268453822,0 119.566035041741,-5.00713185721522,0 119.566238688848,-5.00637475582557,0 119.566571214264,-5.00566438439064,0 119.567022514058,-5.0050223270014,0 119.56757887555,-5.00446809201911,0 119.568223393977,-5.00401851935109,0 119.568936486138,-5.00368726880786,0 119.569696485404,-5.00348440508411,0 119.5704803,-5.00341609197041,0
</coordinates></LinearRing></outerBoundaryIs></Polygon>
</Placemark>
<Placemark>
<name>Batang Ase Traditional Market Maros</name>
<description>Maros - radius 500m</description>
<Polygon><outerBoundaryIs><LinearRing><coordinates>
119.556378,-5.04414969197041,0 119.557161863584,-5.0442180050803,0 119.557921910352,-5.04442086879307,0 119.558635047093,-5.04475211931948,0 119.559279605822,-5.04520169196687,0 119.559836002116,-5.04575592692721,0 119.560287330157,-5.04639798429583,0 119.560619876401,-5.04710835571395,0 119.560823536286,-5.04786545709262,0 119.560892121283,-5.04864628441181,0 119.56082354699,-5.04942711267107,0 119.560619896519,-5.05018421675661,0 119.560287357261,-5.05089459232188,0 119.559836032939,-5.05153665477773,0 119.559279636644,-5.05209089515179,0 119.558635074197,-5.05254047288642,0 119.55792193047,-5.05287172755998,0 119.557161874288,-5.05307459397962,0 119.556378,-5.05314290802959,0 119.555594125712,-5.05307459397962,0 119.55483406953,-5.05287172755998,0 119.554120925803,-5.05254047288642,0 119.553476363356,-5.05209089515179,0 119.552919967061,-5.05153665477773,0 119.552468642739,-5.05089459232188,0 119.552136103481,-5.05018421675661,0 119.55193245301,-5.04942711267107,0 119.551863878717,-5.04864628441181,0 119.551932463714,-5.04786545709262,0 119.552136123599,-5.04710835571395,0 119.552468669843,-5.04639798429583,0 119.552919997884,-5.04575592692721,0 119.553476394178,-5.04520169196687,0 119.554120952907,-5.04475211931948,0 119.554834089648,-5.04442086879307,0 119.555594136416,-5.0442180050803,0 119.556378,-5.04414969197041,0
</coordinates></LinearRing></outerBoundaryIs></Polygon>
</Placemark>
<Placemark>
<name>Pasar Ammarang Maros</name>
<description>Maros - radius 500m</description>
<Polygon><outerBoundaryIs><LinearRing><coordinates>
119.6164976,-5.05601599197041,0 119.61728147793,-5.05608430507919,0 119.61804153861,-5.05628716878876,0 119.618754688406,-5.05661841931028,0 119.619399258938,-5.05706799195166,0 119.619955665425,-5.0576222269056,0 119.620407001737,-5.05826428426821,0 119.620739554082,-5.05897465568142,0 119.620943217708,-5.0597317570569,0 119.621011803975,-5.06051258437498,0 119.620943228438,-5.06129341263535,0 119.620739574248,-5.06205051672409,0 119.620407028907,-5.06276089229426,0 119.619955696321,-5.06340295475612,0 119.619399289834,-5.06395719513658,0 119.618754715575,-5.06440677287721,0 119.618041558776,-5.06473802755568,0 119.61728148866,-5.06494089397851,0 119.6164976,-5.06500920802959,0 119.61571371134,-5.06494089397851,0 119.614953641224,-5.06473802755568,0 119.614240484424,-5.06440677287721,0 119.613595910166,-5.06395719513658,0 119.613039503679,-5.06340295475612,0 119.612588171093,-5.06276089229426,0 119.612255625752,-5.06205051672409,0 119.612051971562,-5.06129341263535,0 119.611983396025,-5.06051258437498,0 119.612051982292,-5.0597317570569,0 119.612255645918,-5.05897465568142,0 119.612588198263,-5.05826428426821,0 119.613039534575,-5.0576222269056,0 119.613595941062,-5.05706799195166,0 119.614240511594,-5.05661841931028,0 119.61495366139,-5.05628716878876,0 119.61571372207,-5.05608430507919,0 119.6164976,-5.05601599197041,0
</coordinates></LinearRing></outerBoundaryIs></Polygon>
</Placemark>
<Placemark>
<name>Pasar Rakyat Maros Baru</name>
<description>Maros - radius 500m</description>
<Polygon><outerBoundaryIs><LinearRing><coordinates>
119.5441522,-5.00554419197041,0 119.544936017146,-5.00561250508391,0 119.545696018883,-5.00581536880709,0 119.546409113365,-5.00614661934944,0 119.547053633889,-5.00659619201638,0 119.547609997192,-5.00715042699752,0 119.548061298456,-5.00779248438569,0 119.548393824955,-5.00850285581974,0 119.548597472728,-5.00925995720882,0 119.548666053617,-5.01004078453162,0 119.548597483349,-5.01082161278727,0 119.548393844917,-5.01157871686241,0 119.548061325351,-5.01228909241174,0 119.547610027775,-5.01293115484804,0 119.547053664473,-5.0134853952013,0 119.54640914026,-5.01393497291637,0 119.545696038845,-5.014266227574,0 119.544936027767,-5.01446909398323,0 119.5441522,-5.01453740802959,0 119.543368372233,-5.01446909398323,0 119.542608361155,-5.014266227574,0 119.54189525974,-5.01393497291637,0 119.541250735528,-5.0134853952013,0 119.540694372225,-5.01293115484804,0 119.540243074649,-5.01228909241174,0 119.539910555083,-5.01157871686241,0 119.539706916651,-5.01082161278727,0 119.539638346383,-5.01004078453162,0 119.539706927272,-5.00925995720882,0 119.539910575045,-5.00850285581974,0 119.540243101544,-5.00779248438569,0 119.540694402808,-5.00715042699752,0 119.541250766111,-5.00659619201638,0 119.541895286635,-5.00614661934944,0 119.542608381117,-5.00581536880709,0 119.543368382854,-5.00561250508391,0 119.5441522,-5.00554419197041,0
</coordinates></LinearRing></outerBoundaryIs></Polygon>
</Placemark>
<Placemark>
<name>Pasar Tramo Maros</name>
<description>Maros - radius 500m</description>
<Polygon><outerBoundaryIs><LinearRing><coordinates>
119.5782705,-5.01125759197041,0 119.579054323995,-5.01132590508338,0 119.579814332375,-5.01152876880501,0 119.58052743309,-5.01186001934501,0 119.58117195925,-5.01230959200905,0 119.581728327419,-5.01286382698712,0 119.582179632633,-5.01350588437239,0 119.582512162045,-5.01421625580408,0 119.582715811604,-5.01497335719163,0 119.582784393099,-5.01575418451389,0 119.582715822237,-5.01653501277008,0 119.58251218203,-5.01729211684675,0 119.582179659559,-5.01800249239844,0 119.581728358038,-5.01864455483763,0 119.581171989869,-5.01919879519397,0 119.580527460016,-5.01964837291194,0 119.57981435236,-5.01997962757193,0 119.579054334629,-5.0201824939827,0 119.5782705,-5.02025080802959,0 119.577486665371,-5.0201824939827,0 119.57672664764,-5.01997962757193,0 119.576013539984,-5.01964837291194,0 119.575369010131,-5.01919879519397,0 119.574812641962,-5.01864455483763,0 119.574361340441,-5.01800249239844,0 119.57402881797,-5.01729211684675,0 119.573825177763,-5.01653501277008,0 119.573756606901,-5.01575418451389,0 119.573825188396,-5.01497335719163,0 119.574028837955,-5.01421625580408,0 119.574361367367,-5.01350588437239,0 119.574812672581,-5.01286382698712,0 119.57536904075,-5.01230959200905,0 119.57601356691,-5.01186001934501,0 119.576726667625,-5.01152876880501,0 119.577486676004,-5.01132590508338,0 119.5782705,-5.01125759197041,0
</coordinates></LinearRing></outerBoundaryIs></Polygon>
</Placemark>
<Placemark>
<name>Pasar Mandai Makassar</name>
<description>Maros - radius 500m</description>
<Polygon><outerBoundaryIs><LinearRing><coordinates>
119.5241769,-5.06758429197041,0 119.524960791949,-5.06765260507811,0 119.525720866224,-5.06785546878456,0 119.526434028777,-5.0681867193013,0 119.527078610842,-5.06863629193682,0 119.527635027289,-5.06919052688453,0 119.528086371684,-5.06983258424128,0 119.52841892999,-5.07054295564972,0 119.528622597272,-5.07130005702208,0 119.528691184779,-5.07208088433907,0 119.528622608027,-5.07286171260053,0 119.528418950202,-5.07361881669239,0 119.528086398916,-5.07432919226733,0 119.527635058256,-5.07497125473505,0 119.52707864181,-5.07552549512174,0 119.526434056009,-5.07597507286823,0 119.525720886436,-5.07630632755147,0 119.524960802704,-5.07650919397743,0 119.5241769,-5.07657750802959,0 119.523392997296,-5.07650919397743,0 119.522632913564,-5.07630632755147,0 119.521919743991,-5.07597507286823,0 119.52127515819,-5.07552549512174,0 119.520718741744,-5.07497125473505,0 119.520267401083,-5.07432919226733,0 119.519934849798,-5.07361881669239,0 119.519731191973,-5.07286171260053,0 119.519662615221,-5.07208088433907,0 119.519731202728,-5.07130005702208,0 119.51993487001,-5.07054295564972,0 119.520267428316,-5.06983258424128,0 119.520718772711,-5.06919052688453,0 119.521275189158,-5.06863629193682,0 119.521919771223,-5.0681867193013,0 119.522632933776,-5.06785546878456,0 119.52339300805,-5.06765260507811,0 119.5241769,-5.06758429197041,0
</coordinates></LinearRing></outerBoundaryIs></Polygon>
</Placemark>
<Placemark>
<name>Pasar Tondano</name>
<description>Minahasa - radius 500m</description>
<Polygon><outerBoundaryIs><LinearRing><coordinates>
124.9067972,1.30640760802959,0 124.907578230785,1.30633929432875,0 124.90833553022,1.30613642891438,0 124.909046088037,1.30580517578097,0 124.909688314215,1.30535559993563,0 124.910242694993,1.3048013615721,0 124.910692385793,1.30415930100552,0 124.911023723031,1.30344892698039,0 124.911226639272,1.3026918239001,0 124.911294969119,1.30191099598994,0 124.911226636528,1.30113016832162,0 124.911023717874,1.30037306593766,0 124.910692378846,1.29966269297939,0 124.910242687093,1.2990206337215,0 124.909688306314,1.29846639675065,0 124.909046081089,1.298016822214,0 124.908335525063,1.29768557014744,0 124.907578228041,1.29748270542942,0 124.9067972,1.29741439197041,0 124.906016171959,1.29748270542942,0 124.905258874937,1.29768557014744,0 124.904548318911,1.298016822214,0 124.903906093685,1.29846639675065,0 124.903351712907,1.2990206337215,0 124.902902021154,1.29966269297939,0 124.902570682126,1.30037306593766,0 124.902367763472,1.30113016832162,0 124.902299430881,1.30191099598994,0 124.902367760728,1.3026918239001,0 124.902570676969,1.30344892698039,0 124.902902014207,1.30415930100552,0 124.903351705007,1.3048013615721,0 124.903906085785,1.30535559993563,0 124.904548311963,1.30580517578097,0 124.90525886978,1.30613642891438,0 124.906016169215,1.30633929432875,0 124.9067972,1.30640760802959,0
</coordinates></LinearRing></outerBoundaryIs></Polygon>
</Placemark>
<Placemark>
<name>Pasar Tradisional Langowan</name>
<description>Minahasa - radius 500m</description>
<Polygon><outerBoundaryIs><LinearRing><coordinates>
124.8386923,1.16507260802959,0 124.839473289229,1.16500429434188,0 124.840230548384,1.16480142896532,0 124.840941068433,1.16447017588984,0 124.841583260512,1.16402060011555,0 124.842137611899,1.16346636182763,0 124.84258727891,1.16282430133211,0 124.842918598679,1.16211392736491,0 124.843121504294,1.16135682432243,0 124.843189830667,1.1605759964254,0 124.843121501848,1.15979516874394,0 124.842918594083,1.15903806632218,0 124.842587272718,1.15832769330598,0 124.842137604857,1.15768563397704,0 124.84158325347,1.15713139693057,0 124.840941062241,1.15668182232286,0 124.840230543788,1.15635057019838,0 124.839473286783,1.15614770544255,0 124.8386923,1.15607939197041,0 124.837911313217,1.15614770544255,0 124.837154056212,1.15635057019838,0 124.836443537759,1.15668182232286,0 124.83580134653,1.15713139693057,0 124.835246995143,1.15768563397704,0 124.834797327282,1.15832769330598,0 124.834466005917,1.15903806632218,0 124.834263098152,1.15979516874394,0 124.834194769333,1.1605759964254,0 124.834263095706,1.16135682432243,0 124.834466001321,1.16211392736491,0 124.834797321089,1.16282430133211,0 124.835246988101,1.16346636182763,0 124.835801339488,1.16402060011555,0 124.836443531567,1.16447017588984,0 124.837154051616,1.16480142896532,0 124.837911310771,1.16500429434188,0 124.8386923,1.16507260802959,0
</coordinates></LinearRing></outerBoundaryIs></Polygon>
</Placemark>
<Placemark>
<name>Pasar Tanawangko Minahasa</name>
<description>Minahasa - radius 500m</description>
<Polygon><outerBoundaryIs><LinearRing><coordinates>
124.6803281,1.40075910802959,0 124.681109161174,1.40069079431998,0 124.681866490067,1.40048792888037,0 124.682577075505,1.40015667570829,0 124.683219326625,1.39970709981551,0 124.683773728904,1.39915286140149,0 124.684223437109,1.39851080078747,0 124.684554787131,1.39780042672367,0 124.684757711155,1.39704332361814,0 124.684826043553,1.39626249569921,0 124.684757708212,1.39548166803966,0 124.684554781601,1.39472456568095,0 124.684223429658,1.39401419276135,0 124.68377372043,1.3933721335509,0 124.683219318152,1.39281789663053,0 124.682577068054,1.39236832214132,0 124.681866484536,1.39203707011344,0 124.681109158231,1.39183420542065,0 124.6803281,1.39176589197041,0 124.679547041769,1.39183420542065,0 124.678789715464,1.39203707011344,0 124.678079131946,1.39236832214132,0 124.677436881848,1.39281789663053,0 124.67688247957,1.3933721335509,0 124.676432770342,1.39401419276135,0 124.676101418399,1.39472456568095,0 124.675898491788,1.39548166803966,0 124.675830156447,1.39626249569921,0 124.675898488845,1.39704332361814,0 124.676101412869,1.39780042672367,0 124.676432762891,1.39851080078747,0 124.676882471096,1.39915286140149,0 124.677436873375,1.39970709981551,0 124.678079124495,1.40015667570829,0 124.678789709933,1.40048792888037,0 124.679547038826,1.40069079431998,0 124.6803281,1.40075910802959,0
</coordinates></LinearRing></outerBoundaryIs></Polygon>
</Placemark>
<Placemark>
<name>Pasar Kawangkoan</name>
<description>Minahasa - radius 500m</description>
<Polygon><outerBoundaryIs><LinearRing><coordinates>
124.7923718,1.20706290802959,0 124.793152801078,1.20699459433797,0 124.793910071719,1.20679172895019,0 124.794620602537,1.2064604758575,0 124.795262804338,1.2060109000621,0 124.795817164105,1.20545666175172,0 124.796266837898,1.20481460123509,0 124.796598162646,1.20410422725068,0 124.796801071288,1.20334712419696,0 124.796869398651,1.20256629629603,0 124.796801068754,1.20178546861847,0 124.796598157883,1.20102836620795,0 124.796266831481,1.20031799320896,0 124.795817156808,1.19967593390112,0 124.795262797041,1.19912169687712,0 124.79462059612,1.19867212229052,0 124.793910066957,1.19834087018325,0 124.793152798544,1.19813800543865,0 124.7923718,1.19806969197041,0 124.791590801456,1.19813800543865,0 124.790833533043,1.19834087018325,0 124.79012300388,1.19867212229052,0 124.789480802959,1.19912169687712,0 124.788926443192,1.19967593390112,0 124.788476768519,1.20031799320896,0 124.788145442117,1.20102836620795,0 124.787942531246,1.20178546861847,0 124.787874201349,1.20256629629603,0 124.787942528712,1.20334712419696,0 124.788145437354,1.20410422725068,0 124.788476762102,1.20481460123509,0 124.788926435895,1.20545666175172,0 124.789480795662,1.2060109000621,0 124.790122997463,1.2064604758575,0 124.790833528281,1.20679172895019,0 124.791590798922,1.20699459433797,0 124.7923718,1.20706290802959,0
</coordinates></LinearRing></outerBoundaryIs></Polygon>
</Placemark>
<Placemark>
<name>Pasar Sonder</name>
<description>Minahasa - radius 500m</description>
<Polygon><outerBoundaryIs><LinearRing><coordinates>
124.7739021,1.26321440802959,0 124.77468311758,1.26314609433276,0 124.775440404216,1.26294322892995,0 124.776150950032,1.26261197581424,0 124.776793165373,1.26216239999062,0 124.777347536812,1.26160816165019,0 124.777797220051,1.26096610110533,0 124.778128551736,1.26025572709791,0 124.778331464598,1.25949862402917,0 124.77839979334,1.25871779612302,0 124.778331461946,1.25793696845069,0 124.77812854675,1.25717986605518,0 124.777797213334,1.2564694930792,0 124.777347529174,1.2558274337996,0 124.776793157735,1.25527319680564,0 124.776150943315,1.25482362224727,0 124.775440399231,1.25449237016301,0 124.774683114927,1.25428950543343,0 124.7739021,1.25422119197041,0 124.773121085073,1.25428950543343,0 124.772363800769,1.25449237016301,0 124.771653256685,1.25482362224727,0 124.771011042265,1.25527319680564,0 124.770456670826,1.2558274337996,0 124.770006986666,1.2564694930792,0 124.76967565325,1.25717986605518,0 124.769472738054,1.25793696845069,0 124.76940440666,1.25871779612302,0 124.769472735402,1.25949862402917,0 124.769675648264,1.26025572709791,0 124.770006979949,1.26096610110533,0 124.770456663188,1.26160816165019,0 124.771011034627,1.26216239999062,0 124.771653249968,1.26261197581424,0 124.772363795784,1.26294322892995,0 124.77312108242,1.26314609433276,0 124.7739021,1.26321440802959,0
</coordinates></LinearRing></outerBoundaryIs></Polygon>
</Placemark>
<Placemark>
<name>Pasar Bahu Manado</name>
<description>Minahasa - radius 500m</description>
<Polygon><outerBoundaryIs><LinearRing><coordinates>
124.8224669,1.46356980802959,0 124.82324798258,1.46350149431414,0 124.824005332223,1.46329862885773,0 124.82471593712,1.4629673756599,0 124.82535820581,1.46251779973554,0 124.825912623236,1.46196356128791,0 124.826362343705,1.46132150064231,0 124.826693702737,1.46061112655276,0 124.826896632247,1.45985402343043,0 124.826964966445,1.45907319550566,0 124.826896629171,1.45829236785194,0 124.826693696958,1.45753526551004,0 124.826362335918,1.45682489261618,0 124.825912614381,1.45618283343732,0 124.825358196955,1.45562859655056,0 124.824715929333,1.45517902209293,0 124.824005326443,1.45484777009079,0 124.823247979505,1.45464490541482,0 124.8224669,1.45457659197041,0 124.821685820495,1.45464490541482,0 124.820928473557,1.45484777009079,0 124.820217870667,1.45517902209293,0 124.819575603045,1.45562859655056,0 124.819021185619,1.45618283343732,0 124.818571464082,1.45682489261618,0 124.818240103042,1.45753526551004,0 124.818037170829,1.45829236785194,0 124.817968833555,1.45907319550566,0 124.818037167753,1.45985402343043,0 124.818240097263,1.46061112655276,0 124.818571456295,1.46132150064231,0 124.819021176764,1.46196356128791,0 124.819575594191,1.46251779973554,0 124.82021786288,1.4629673756599,0 124.820928467777,1.46329862885773,0 124.82168581742,1.46350149431414,0 124.8224669,1.46356980802959,0
</coordinates></LinearRing></outerBoundaryIs></Polygon>
</Placemark>
<Placemark>
<name>Pasar Rempah Amurang</name>
<description>Minahasa Selatan - radius 500m</description>
<Polygon><outerBoundaryIs><LinearRing><coordinates>
124.5717828,1.18960170802959,0 124.5725637961,1.1895333943396,0 124.573321061915,1.18933052895648,0 124.574031588209,1.18899927587095,0 124.574673785925,1.18854970008433,0 124.575228142171,1.18799546178329,0 124.575677813114,1.18735340127543,0 124.57600913577,1.18664302729818,0 124.57621204314,1.18588592424913,0 124.576280370087,1.18510509634983,0 124.576212040643,1.18432426867065,0 124.576009131076,1.18356716625545,0 124.575677806791,1.18285679324931,0 124.57522813498,1.18221473393269,0 124.574673778734,1.18166049689934,0 124.574031581885,1.18121092230397,0 124.573321057222,1.18087967018954,0 124.572563793602,1.18067680544027,0 124.5717828,1.18060849197041,0 124.571001806398,1.18067680544027,0 124.570244542778,1.18087967018954,0 124.569534018115,1.18121092230397,0 124.568891821266,1.18166049689934,0 124.56833746502,1.18221473393269,0 124.567887793209,1.18285679324931,0 124.567556468924,1.18356716625545,0 124.567353559357,1.18432426867065,0 124.567285229913,1.18510509634983,0 124.56735355686,1.18588592424913,0 124.56755646423,1.18664302729818,0 124.567887786886,1.18735340127543,0 124.568337457829,1.18799546178329,0 124.568891814075,1.18854970008433,0 124.569534011791,1.18899927587095,0 124.570244538085,1.18933052895648,0 124.5710018039,1.1895333943396,0 124.5717828,1.18960170802959,0
</coordinates></LinearRing></outerBoundaryIs></Polygon>
</Placemark>
<Placemark>
<name>Pasar 45 Lansot Tareran</name>
<description>Minahasa Selatan - radius 500m</description>
<Polygon><outerBoundaryIs><LinearRing><coordinates>
124.7372809,1.23421120802959,0 124.738061908963,1.23414289433545,0 124.738819187246,1.2339400289404,0 124.73952972523,1.23360877583658,0 124.740171933501,1.23315920002754,0 124.740726298844,1.23260496170263,0 124.74117597715,1.23196290117235,0 124.741507305212,1.23125252717682,0 124.74171021587,1.23049542411584,0 124.741778543891,1.22971459621238,0 124.741710213279,1.22893376853735,0 124.741507300341,1.22817666613409,0 124.741175970588,1.22746629314622,0 124.740726291382,1.22682423385204,0 124.740171926039,1.22626999684256,0 124.739529718668,1.22582042226961,0 124.738819182376,1.22548917017346,0 124.738061906371,1.22528630543613,0 124.7372809,1.22521799197041,0 124.736499893629,1.22528630543613,0 124.735742617624,1.22548917017346,0 124.735032081332,1.22582042226961,0 124.734389873961,1.22626999684256,0 124.733835508618,1.22682423385204,0 124.733385829412,1.22746629314622,0 124.733054499659,1.22817666613409,0 124.732851586721,1.22893376853735,0 124.732783256109,1.22971459621238,0 124.73285158413,1.23049542411584,0 124.733054494788,1.23125252717682,0 124.73338582285,1.23196290117235,0 124.733835501156,1.23260496170263,0 124.734389866499,1.23315920002754,0 124.73503207477,1.23360877583658,0 124.735742612754,1.2339400289404,0 124.736499891037,1.23414289433545,0 124.7372809,1.23421120802959,0
</coordinates></LinearRing></outerBoundaryIs></Polygon>
</Placemark>
<Placemark>
<name>Pasar Tenga Minsel</name>
<description>Minahasa Selatan - radius 500m</description>
<Polygon><outerBoundaryIs><LinearRing><coordinates>
124.4352722,1.16466080802959,0 124.436053189115,1.16459249434191,0 124.43681044816,1.16438962896547,0 124.437520968105,1.16405837589015,0 124.43816316009,1.16360880011607,0 124.438717511397,1.16305456182838,0 124.439167178342,1.16241250133306,0 124.439498498063,1.16170212736603,0 124.439701403648,1.16094502432366,0 124.439769730013,1.16016419642666,0 124.439701401204,1.15938336874517,0 124.439498493468,1.1586262663233,0 124.439167172152,1.15791589330693,0 124.438717504357,1.15727383397778,0 124.43816315305,1.15671959693109,0 124.437520961914,1.15627002232318,0 124.436810443565,1.15593877019853,0 124.43605318667,1.15573590544259,0 124.4352722,1.15566759197041,0 124.43449121333,1.15573590544259,0 124.433733956435,1.15593877019853,0 124.433023438085,1.15627002232318,0 124.43238124695,1.15671959693109,0 124.431826895643,1.15727383397778,0 124.431377227848,1.15791589330693,0 124.431045906532,1.1586262663233,0 124.430842998796,1.15938336874517,0 124.430774669987,1.16016419642666,0 124.430842996352,1.16094502432366,0 124.431045901937,1.16170212736603,0 124.431377221658,1.16241250133306,0 124.431826888603,1.16305456182838,0 124.43238123991,1.16360880011607,0 124.433023431895,1.16405837589015,0 124.43373395184,1.16438962896547,0 124.434491210885,1.16459249434191,0 124.4352722,1.16466080802959,0
</coordinates></LinearRing></outerBoundaryIs></Polygon>
</Placemark>
<Placemark>
<name>Pasar Amurang</name>
<description>Minahasa Selatan - radius 500m</description>
<Polygon><outerBoundaryIs><LinearRing><coordinates>
124.5724531,1.19014720802959,0 124.573234096254,1.19007889433955,0 124.573991362219,1.18987602895628,0 124.574701888653,1.18954477587052,0 124.575344086496,1.18909520008363,0 124.575898442851,1.1885409617823,0 124.576348113883,1.18789890127417,0 124.576679436604,1.1871885272967,0 124.576882344013,1.18643142424751,0 124.576950670973,1.18565059634814,0 124.576882341515,1.18486976866902,0 124.576679431908,1.18411266625397,0 124.576348107557,1.18340229324805,0 124.575898435657,1.18276023393171,0 124.575344079301,1.18220599689865,0 124.574701882327,1.18175642230355,0 124.573991357524,1.18142517018935,0 124.573234093756,1.18122230544022,0 124.5724531,1.18115399197041,0 124.571672106244,1.18122230544022,0 124.570914842476,1.18142517018935,0 124.570204317673,1.18175642230355,0 124.569562120699,1.18220599689865,0 124.569007764343,1.18276023393171,0 124.568558092443,1.18340229324805,0 124.568226768092,1.18411266625397,0 124.568023858485,1.18486976866902,0 124.567955529027,1.18565059634814,0 124.568023855987,1.18643142424751,0 124.568226763396,1.1871885272967,0 124.568558086117,1.18789890127417,0 124.569007757149,1.1885409617823,0 124.569562113504,1.18909520008363,0 124.570204311347,1.18954477587052,0 124.570914837781,1.18987602895628,0 124.571672103746,1.19007889433955,0 124.5724531,1.19014720802959,0
</coordinates></LinearRing></outerBoundaryIs></Polygon>
</Placemark>
<Placemark>
<name>Pasar Rakyat Poigar Minsel</name>
<description>Minahasa Selatan - radius 500m</description>
<Polygon><outerBoundaryIs><LinearRing><coordinates>
124.309369,1.02381900802959,0 124.310149952449,1.023750694355,0 124.310907175956,1.02354782901622,0 124.311617662582,1.02321657599863,0 124.312259824488,1.02276700029535,0 124.312814149874,1.022212762083,0 124.313263795846,1.02157070165848,0 124.313595100172,1.02086032774917,0 124.313797996401,1.02010322474447,0 124.313866319718,1.01932239686056,0 124.313797994253,1.01854156916598,0 124.313595096135,1.01778446670644,0 124.313263790408,1.01707409363235,0 124.31281414369,1.0164320342324,0 124.312259818303,1.01587779711037,0 124.311617657143,1.01542822243165,0 124.310907171919,1.01509697024929,0 124.310149950301,1.01489410545567,0 124.309369,1.01482579197041,0 124.308588049699,1.01489410545567,0 124.307830828081,1.01509697024929,0 124.307120342857,1.01542822243165,0 124.306478181697,1.01587779711037,0 124.30592385631,1.0164320342324,0 124.305474209592,1.01707409363235,0 124.305142903865,1.01778446670644,0 124.304940005747,1.01854156916598,0 124.304871680282,1.01932239686056,0 124.304940003599,1.02010322474447,0 124.305142899828,1.02086032774917,0 124.305474204154,1.02157070165848,0 124.305923850126,1.022212762083,0 124.306478175512,1.02276700029535,0 124.307120337418,1.02321657599863,0 124.307830824044,1.02354782901622,0 124.308588047551,1.023750694355,0 124.309369,1.02381900802959,0
</coordinates></LinearRing></outerBoundaryIs></Polygon>
</Placemark>
<Placemark>
<name>Pasar Minggu Desa Tanamon Minsel</name>
<description>Minahasa Selatan - radius 500m</description>
<Polygon><outerBoundaryIs><LinearRing><coordinates>
124.3083534,1.02704390802959,0 124.309134353236,1.0269755943547,0 124.309891577505,1.02677272901506,0 124.310602064846,1.02644147599615,0 124.311244227397,1.02599190029125,0 124.31179855334,1.02543766207717,0 124.312248199762,1.02479560165103,0 124.312579504417,1.0240852277404,0 124.312782400847,1.02332812473483,0 124.312850724229,1.02254729685063,0 124.312782398692,1.02176646915635,0 124.312579500368,1.02100936669767,0 124.312248194306,1.0202989936249,0 124.311798547136,1.01965693422657,0 124.311244221193,1.01910269710626,0 124.31060205939,1.01865312242917,0 124.309891573456,1.01832187024813,0 124.309134351081,1.01811900545537,0 124.3083534,1.01805069197041,0 124.307572448919,1.01811900545537,0 124.306815226544,1.01832187024813,0 124.30610474061,1.01865312242917,0 124.305462578807,1.01910269710626,0 124.304908252864,1.01965693422657,0 124.304458605694,1.0202989936249,0 124.304127299632,1.02100936669767,0 124.303924401308,1.02176646915635,0 124.303856075771,1.02254729685063,0 124.303924399153,1.02332812473483,0 124.304127295583,1.0240852277404,0 124.304458600238,1.02479560165103,0 124.30490824666,1.02543766207717,0 124.305462572603,1.02599190029125,0 124.306104735154,1.02644147599615,0 124.306815222495,1.02677272901506,0 124.307572446764,1.0269755943547,0 124.3083534,1.02704390802959,0
</coordinates></LinearRing></outerBoundaryIs></Polygon>
</Placemark>
<Placemark>
<name>Wil Belang Market Ratahan</name>
<description>Minahasa Tenggara - radius 500m</description>
<Polygon><outerBoundaryIs><LinearRing><coordinates>
124.7855775,0.946150708029593,0 124.786358434249,0.946082394362212,0 124.787115640117,0.94587952904421,0 124.787826110207,0.945548276058443,0 124.788468257186,0.945098700394206,0 124.789022569713,0.9445444622234,0 124.789472205282,0.943902401837927,0 124.789803501975,0.94319202796044,0 124.790006393568,0.942434924976511,0 124.790074715383,0.941654097099817,0 124.790006391584,0.940873269398025,0 124.789803498246,0.940116166917708,0 124.789472200258,0.939405793811798,0 124.789022564,0.938763734372805,0 124.788468251473,0.938209497209221,0 124.787826105183,0.937759922491465,0 124.787115636388,0.937428670277274,0 124.786358432265,0.937225805462885,0 124.7855775,0.937157491970406,0 124.784796567735,0.937225805462885,0 124.784039363612,0.937428670277274,0 124.783328894817,0.937759922491465,0 124.782686748527,0.938209497209221,0 124.782132436,0.938763734372805,0 124.781682799742,0.939405793811798,0 124.781351501754,0.940116166917708,0 124.781148608416,0.940873269398025,0 124.781080284617,0.941654097099817,0 124.781148606432,0.942434924976511,0 124.781351498025,0.94319202796044,0 124.781682794718,0.943902401837927,0 124.782132430287,0.9445444622234,0 124.782686742814,0.945098700394206,0 124.783328889793,0.945548276058443,0 124.784039359883,0.94587952904421,0 124.784796565751,0.946082394362212,0 124.7855775,0.946150708029593,0
</coordinates></LinearRing></outerBoundaryIs></Polygon>
</Placemark>
<Placemark>
<name>Pasar Desa Minanga Mitra</name>
<description>Minahasa Tenggara - radius 500m</description>
<Polygon><outerBoundaryIs><LinearRing><coordinates>
124.8503648,0.981973208029594,0 124.851145742465,0.981904894358885,0 124.851902956295,0.981702029031303,0 124.85261343385,0.981370776030856,0 124.853255587567,0.980921200348613,0 124.853809905898,0.980366962158644,0 124.854259546163,0.979724901755165,0 124.8545908463,0.979014527862999,0 124.854793739985,0.97825742486949,0 124.854862062478,0.977476596989468,0 124.854793737926,0.976695769291003,0 124.85459084243,0.975938666820268,0 124.854259540948,0.975228293729036,0 124.853809899968,0.97458623430805,0 124.853255581636,0.974031997163628,0 124.852613428635,0.973582422463878,0 124.851902952425,0.973251170264367,0 124.851145740405,0.973048305459558,0 124.8503648,0.972979991970406,0 124.849583859595,0.973048305459558,0 124.848826647575,0.973251170264367,0 124.848116171365,0.973582422463878,0 124.847474018364,0.974031997163628,0 124.846919700032,0.97458623430805,0 124.846470059052,0.975228293729036,0 124.84613875757,0.975938666820268,0 124.845935862074,0.976695769291003,0 124.845867537522,0.977476596989468,0 124.845935860015,0.97825742486949,0 124.8461387537,0.979014527862999,0 124.846470053837,0.979724901755165,0 124.846919694102,0.980366962158644,0 124.847474012433,0.980921200348613,0 124.84811616615,0.981370776030856,0 124.848826643705,0.981702029031303,0 124.849583857535,0.981904894358885,0 124.8503648,0.981973208029594,0
</coordinates></LinearRing></outerBoundaryIs></Polygon>
</Placemark>
<Placemark>
<name>Airmadidi Traditional Market</name>
<description>Minahasa Utara - radius 500m</description>
<Polygon><outerBoundaryIs><LinearRing><coordinates>
124.9788162,1.42974490802959,0 124.979597270936,1.42967659431729,0 124.980354609291,1.42947372886992,0 124.981065203603,1.42914247568596,0 124.981707462735,1.42869289977861,0 124.982261871921,1.42813866134908,0 124.982711585718,1.42749660072048,0 124.983042939849,1.4267862266448,0 124.983245866374,1.42602912353152,0 124.983314199592,1.42524829560989,0 124.98324586337,1.42446746795303,0 124.983042934204,1.42371036560208,0 124.982711578112,1.42299999269436,0 124.982261863271,1.42235793349849,0 124.981707454085,1.42180369659362,0 124.981065195997,1.42135412211899,0 124.980354603645,1.42102287010299,0 124.979597267932,1.42082000541796,0 124.9788162,1.42075169197041,0 124.978035132068,1.42082000541796,0 124.977277796355,1.42102287010299,0 124.976567204003,1.42135412211899,0 124.975924945915,1.42180369659362,0 124.975370536729,1.42235793349848,0 124.974920821888,1.42299999269436,0 124.974589465796,1.42371036560208,0 124.97438653663,1.42446746795303,0 124.974318200408,1.42524829560989,0 124.974386533626,1.42602912353152,0 124.974589460151,1.4267862266448,0 124.974920814282,1.42749660072048,0 124.975370528079,1.42813866134908,0 124.975924937265,1.42869289977861,0 124.976567196397,1.42914247568596,0 124.977277790709,1.42947372886992,0 124.978035129064,1.42967659431729,0 124.9788162,1.42974490802959,0
</coordinates></LinearRing></outerBoundaryIs></Polygon>
</Placemark>
<Placemark>
<name>Pasar Desa Tetempangan Minut</name>
<description>Minahasa Utara - radius 500m</description>
<Polygon><outerBoundaryIs><LinearRing><coordinates>
124.9276423,1.47325750802959,0 124.928423385966,1.47318919431324,0 124.92918073889,1.47298632885424,0 124.929891346864,1.47265507565244,0 124.930533618332,1.4722054997232,0 124.931088038154,1.47165126127039,0 124.931537760563,1.47100920061992,0 124.931869121021,1.4702988265264,0 124.932072051398,1.46954172340147,0 124.932140385881,1.46876089547581,0 124.932072048302,1.46798006782299,0 124.931869115202,1.46722296548367,0 124.931537752724,1.46651259259379,0 124.93108802924,1.4658705334198,0 124.930533609418,1.46531629653822,0 124.929891339025,1.46486672208546,0 124.929180733072,1.4645354700873,0 124.92842338287,1.46433260541392,0 124.9276423,1.46426429197041,0 124.92686121713,1.46433260541392,0 124.926103866928,1.4645354700873,0 124.925393260975,1.46486672208546,0 124.924750990582,1.46531629653822,0 124.92419657076,1.4658705334198,0 124.923746847276,1.46651259259379,0 124.923415484798,1.46722296548367,0 124.923212551698,1.46798006782299,0 124.923144214119,1.46876089547581,0 124.923212548602,1.46954172340147,0 124.923415478979,1.4702988265264,0 124.923746839437,1.47100920061992,0 124.924196561846,1.47165126127039,0 124.924750981668,1.4722054997232,0 124.925393253136,1.47265507565244,0 124.92610386111,1.47298632885424,0 124.926861214034,1.47318919431324,0 124.9276423,1.47325750802959,0
</coordinates></LinearRing></outerBoundaryIs></Polygon>
</Placemark>
<Placemark>
<name>Pasar Rakyat Kauditan</name>
<description>Minahasa Utara - radius 500m</description>
<Polygon><outerBoundaryIs><LinearRing><coordinates>
125.0470633,1.40076200802959,0 125.047844361175,1.40069369431998,0 125.048601690069,1.40049082888037,0 125.049312275508,1.40015957570829,0 125.049954526628,1.3997099998155,0 125.050508928908,1.39915576140148,0 125.050958637114,1.39851370078747,0 125.051289987137,1.39780332672367,0 125.05149291116,1.39704622361813,0 125.051561243558,1.3962653956992,0 125.051492908218,1.39548456803965,0 125.051289981606,1.39472746568094,0 125.050958629662,1.39401709276134,0 125.050508920434,1.39337503355089,0 125.049954518155,1.39282079663052,0 125.049312268057,1.39237122214131,0 125.048601684538,1.39203997011343,0 125.047844358232,1.39183710542065,0 125.0470633,1.39176879197041,0 125.046282241768,1.39183710542065,0 125.045524915462,1.39203997011343,0 125.044814331943,1.39237122214131,0 125.044172081845,1.39282079663052,0 125.043617679566,1.39337503355089,0 125.043167970337,1.39401709276134,0 125.042836618394,1.39472746568094,0 125.042633691782,1.39548456803965,0 125.042565356442,1.3962653956992,0 125.04263368884,1.39704622361813,0 125.042836612863,1.39780332672367,0 125.043167962886,1.39851370078747,0 125.043617671092,1.39915576140148,0 125.044172073371,1.3997099998155,0 125.044814324492,1.40015957570829,0 125.045524909931,1.40049082888037,0 125.046282238825,1.40069369431998,0 125.0470633,1.40076200802959,0
</coordinates></LinearRing></outerBoundaryIs></Polygon>
</Placemark>
<Placemark>
<name>Pasar Tradisional Tatelu</name>
<description>Minahasa Utara - radius 500m</description>
<Polygon><outerBoundaryIs><LinearRing><coordinates>
124.9921627,1.53735960802959,0 124.992943808929,1.53729129430728,0 124.993701184113,1.53708842883113,0 124.994411812961,1.53675717560305,0 124.99505410328,1.53630759964158,0 124.995608539353,1.53575336115446,0 124.996058274922,1.53511130047176,0 124.996389645048,1.53440092635196,0 124.996592581314,1.53364382320988,0 124.996660917733,1.53286299527826,0 124.996592578083,1.5320821676314,0 124.996389638976,1.53132506530924,0 124.99605826674,1.53061469244563,0 124.99560853005,1.52997263330388,0 124.995054093977,1.5294183964566,0 124.99441180478,1.52896882203608,0 124.993701178041,1.52863757006419,0 124.992943805698,1.52843470540796,0 124.9921627,1.52836639197041,0 124.991381594302,1.52843470540796,0 124.990624221959,1.52863757006419,0 124.98991359522,1.52896882203608,0 124.989271306023,1.5294183964566,0 124.98871686995,1.52997263330388,0 124.98826713326,1.53061469244563,0 124.987935761024,1.53132506530924,0 124.987732821917,1.5320821676314,0 124.987664482267,1.53286299527826,0 124.987732818686,1.53364382320988,0 124.987935754952,1.53440092635196,0 124.988267125078,1.53511130047176,0 124.988716860647,1.53575336115446,0 124.98927129672,1.53630759964158,0 124.989913587039,1.53675717560305,0 124.990624215887,1.53708842883113,0 124.991381591071,1.53729129430728,0 124.9921627,1.53735960802959,0
</coordinates></LinearRing></outerBoundaryIs></Polygon>
</Placemark>
<Placemark>
<name>Pasar Kema 1</name>
<description>Minahasa Utara - radius 500m</description>
<Polygon><outerBoundaryIs><LinearRing><coordinates>
125.0724256,1.37894520802959,0 125.07320665396,1.37887689432201,0 125.073963975859,1.37867402888823,0 125.07467455474,1.3783427757251,0 125.075316799938,1.37789319984328,0 125.075871197112,1.37733896144094,0 125.076320901185,1.37669690083789,0 125.076652248172,1.37598652678303,0 125.076855170347,1.37522942368333,0 125.076923502139,1.37444859576643,0 125.07685516745,1.37366776810485,0 125.076652242728,1.3729106657403,0 125.07632089385,1.37220029281176,0 125.075871188772,1.37155823359034,0 125.075316791597,1.3710039966583,0 125.074674547405,1.37055442215812,0 125.073963970415,1.3702231701213,0 125.073206651063,1.37002030542268,0 125.0724256,1.36995199197041,0 125.071644548937,1.37002030542268,0 125.070887229585,1.3702231701213,0 125.070176652595,1.37055442215812,0 125.069534408403,1.3710039966583,0 125.068980011228,1.37155823359034,0 125.068530306149,1.37220029281176,0 125.068198957272,1.3729106657403,0 125.06799603255,1.37366776810485,0 125.067927697861,1.37444859576643,0 125.067996029653,1.37522942368333,0 125.068198951828,1.37598652678303,0 125.068530298815,1.37669690083789,0 125.068980002888,1.37733896144094,0 125.069534400062,1.37789319984328,0 125.07017664526,1.3783427757251,0 125.070887224141,1.37867402888823,0 125.07164454604,1.37887689432201,0 125.0724256,1.37894520802959,0
</coordinates></LinearRing></outerBoundaryIs></Polygon>
</Placemark>
<Placemark>
<name>Pasar Bungku</name>
<description>Morowali - radius 500m</description>
<Polygon><outerBoundaryIs><LinearRing><coordinates>
121.9614861,-2.53092469197041,0 121.962267690246,-2.53099300531474,0 121.963025532509,-2.53119586970256,0 121.963736600347,-2.53152712126322,0 121.964379288481,-2.53197669517929,0 121.964934069242,-2.53253093148974,0 121.965384085897,-2.53317299012705,0 121.965715664835,-2.53388336257942,0 121.965918731038,-2.53464046463316,0 121.965987114233,-2.53542129218681,0 121.965918736388,-2.53620212021164,0 121.965715674889,-2.53695922362214,0 121.965384099443,-2.53766959815316,0 121.964934084646,-2.53831165934032,0 121.964379303885,-2.53886589836426,0 121.963736613893,-2.53931547483019,0 121.963025542563,-2.5396467284695,0 121.962267695596,-2.53984959421407,0 121.9614861,-2.53991790802959,0 121.960704504404,-2.53984959421407,0 121.959946657437,-2.5396467284695,0 121.959235586107,-2.53931547483019,0 121.958592896115,-2.53886589836426,0 121.958038115354,-2.53831165934032,0 121.957588100557,-2.53766959815316,0 121.957256525111,-2.53695922362214,0 121.957053463612,-2.53620212021164,0 121.956985085767,-2.53542129218681,0 121.957053468962,-2.53464046463316,0 121.957256535165,-2.53388336257942,0 121.957588114103,-2.53317299012705,0 121.958038130758,-2.53253093148974,0 121.958592911519,-2.53197669517929,0 121.959235599653,-2.53152712126322,0 121.959946667491,-2.53119586970256,0 121.960704509754,-2.53099300531474,0 121.9614861,-2.53092469197041,0
</coordinates></LinearRing></outerBoundaryIs></Polygon>
</Placemark>
<Placemark>
<name>Pasar Malam Keurea Morowali</name>
<description>Morowali - radius 500m</description>
<Polygon><outerBoundaryIs><LinearRing><coordinates>
122.1334501,-2.78482949197041,0 122.134231851054,-2.78489780529111,0 122.134989849263,-2.7851006696109,0 122.135701063469,-2.78543192106731,0 122.13634388396,-2.78588149485552,0 122.136898779055,-2.7864357310299,0 122.137348888546,-2.78707778953934,0 122.137680535993,-2.78778816188747,0 122.137883644282,-2.78854526387318,0 122.137952041838,-2.78932609140319,0 122.13788365017,-2.79010691945165,0 122.137680547058,-2.79086402293018,0 122.137348903454,-2.79157439756545,0 122.136898796008,-2.79221645888047,0 122.136343900913,-2.79277069804049,0 122.135701078376,-2.79322027463428,0 122.134989860328,-2.79355152837783,0 122.134231856941,-2.79375439419044,0 122.1334501,-2.79382270802959,0 122.132668343058,-2.79375439419044,0 122.131910339672,-2.79355152837783,0 122.131199121624,-2.79322027463428,0 122.130556299087,-2.79277069804049,0 122.130001403992,-2.79221645888047,0 122.129551296546,-2.79157439756545,0 122.129219652942,-2.79086402293018,0 122.12901654983,-2.79010691945165,0 122.128948158162,-2.78932609140319,0 122.129016555718,-2.78854526387318,0 122.129219664007,-2.78778816188747,0 122.129551311454,-2.78707778953934,0 122.130001420945,-2.7864357310299,0 122.13055631604,-2.78588149485552,0 122.131199136531,-2.78543192106731,0 122.131910350737,-2.7851006696109,0 122.132668348946,-2.78489780529111,0 122.1334501,-2.78482949197041,0
</coordinates></LinearRing></outerBoundaryIs></Polygon>
</Placemark>
<Placemark>
<name>Pasar Bente Morowali</name>
<description>Morowali - radius 500m</description>
<Polygon><outerBoundaryIs><LinearRing><coordinates>
121.9422927,-2.48727029197041,0 121.943074264151,-2.4873386053188,0 121.943832081107,-2.48754146971832,0 121.944543125192,-2.48787272129689,0 121.945185791847,-2.48832229523495,0 121.945740554053,-2.48887653156879,0 121.94619055564,-2.48951859022807,0 121.946522123457,-2.49022896269836,0 121.946725182829,-2.4909860647638,0 121.94679356369,-2.49176689232151,0 121.946725188086,-2.49254772034228,0 121.946522133338,-2.49330482374108,0 121.946190568953,-2.49401519825419,0 121.945740569191,-2.49465725941936,0 121.945185806985,-2.49521149841992,0 121.944543138505,-2.49566107486386,0 121.943832090987,-2.49599232848525,0 121.943074269408,-2.49619519421813,0 121.9422927,-2.49626350802959,0 121.941511130592,-2.49619519421813,0 121.940753309012,-2.49599232848525,0 121.940042261495,-2.49566107486386,0 121.939399593015,-2.49521149841992,0 121.938844830809,-2.49465725941936,0 121.938394831047,-2.49401519825419,0 121.938063266662,-2.49330482374108,0 121.937860211914,-2.49254772034228,0 121.93779183631,-2.49176689232151,0 121.937860217171,-2.4909860647638,0 121.938063276543,-2.49022896269836,0 121.938394844359,-2.48951859022807,0 121.938844845947,-2.48887653156879,0 121.939399608153,-2.48832229523495,0 121.940042274808,-2.48787272129689,0 121.940753318893,-2.48754146971832,0 121.941511135849,-2.4873386053188,0 121.9422927,-2.48727029197041,0
</coordinates></LinearRing></outerBoundaryIs></Polygon>
</Placemark>
<Placemark>
<name>Pasar Bahodopi</name>
<description>Morowali - radius 500m</description>
<Polygon><outerBoundaryIs><LinearRing><coordinates>
122.1135964,-2.78517489197041,0 122.114378151283,-2.78524320529108,0 122.115136149715,-2.78544606961077,0 122.115847364129,-2.78577732106705,0 122.116490184809,-2.78622689485508,0 122.117045080067,-2.78678113102927,0 122.117495189691,-2.78742318953854,0 122.117826837235,-2.78813356188653,0 122.118029945584,-2.78889066387214,0 122.118098343161,-2.78967149140212,0 122.118029951473,-2.79045231945062,0 122.117826848301,-2.79120942292924,0 122.1174952046,-2.79191979756465,0 122.117045097022,-2.79256185887985,0 122.116490201764,-2.79311609804005,0 122.115847379039,-2.79356567463401,0 122.115136160781,-2.7938969283777,0 122.114378157172,-2.7940997941904,0 122.1135964,-2.79416810802959,0 122.112814642829,-2.7940997941904,0 122.112056639219,-2.7938969283777,0 122.111345420961,-2.79356567463401,0 122.110702598236,-2.79311609804005,0 122.110147702978,-2.79256185887985,0 122.1096975954,-2.79191979756465,0 122.109365951699,-2.79120942292924,0 122.109162848528,-2.79045231945062,0 122.10909445684,-2.78967149140212,0 122.109162854416,-2.78889066387214,0 122.109365962765,-2.78813356188653,0 122.109697610309,-2.78742318953854,0 122.110147719933,-2.78678113102927,0 122.110702615191,-2.78622689485508,0 122.111345435871,-2.78577732106705,0 122.112056650285,-2.78544606961077,0 122.112814648717,-2.78524320529108,0 122.1135964,-2.78517489197041,0
</coordinates></LinearRing></outerBoundaryIs></Polygon>
</Placemark>
<Placemark>
<name>Pasar Bahonsuai</name>
<description>Morowali - radius 500m</description>
<Polygon><outerBoundaryIs><LinearRing><coordinates>
121.7290113,-2.21163609197041,0 121.729792709898,-2.21170440534444,0 121.730550377262,-2.21190726981778,0 121.731261280938,-2.21223852150946,0 121.731903820615,-2.21268809558626,0 121.732458473123,-2.21324233206775,0 121.732908385628,-2.21388439086578,0 121.733239887692,-2.21459476344917,0 121.733442906655,-2.21535186558844,0 121.733511273704,-2.21613269317178,0 121.733442911329,-2.21691352116692,0 121.733239896477,-2.21767062449189,0 121.732908397464,-2.21838099889189,0 121.732458486583,-2.21902305991833,0 121.731903834074,-2.21957729877123,0 121.731261292773,-2.22002687507643,0 121.730550386046,-2.22035812858472,0 121.729792714572,-2.22056099424377,0 121.7290113,-2.22062930802959,0 121.728229885428,-2.22056099424377,0 121.727472213954,-2.22035812858472,0 121.726761307227,-2.22002687507643,0 121.726118765926,-2.21957729877123,0 121.725564113417,-2.21902305991833,0 121.725114202536,-2.21838099889189,0 121.724782703523,-2.21767062449189,0 121.724579688671,-2.21691352116692,0 121.724511326296,-2.21613269317178,0 121.724579693345,-2.21535186558844,0 121.724782712308,-2.21459476344917,0 121.725114214372,-2.21388439086578,0 121.725564126876,-2.21324233206775,0 121.726118779385,-2.21268809558626,0 121.726761319062,-2.21223852150946,0 121.727472222738,-2.21190726981778,0 121.728229890102,-2.21170440534444,0 121.7290113,-2.21163609197041,0
</coordinates></LinearRing></outerBoundaryIs></Polygon>
</Placemark>
<Placemark>
<name>Pasar Desa Tondo Morowali</name>
<description>Morowali - radius 500m</description>
<Polygon><outerBoundaryIs><LinearRing><coordinates>
121.771016,-2.25826339197041,0 121.771797434717,-2.2583317053401,0 121.77255512615,-2.25853456980096,0 121.773266052418,-2.25886582147351,0 121.773908612527,-2.25931539552684,0 121.774463282687,-2.25986963198336,0 121.774913209527,-2.26051169075792,0 121.775244722173,-2.26122206332218,0 121.77544774764,-2.26197916544896,0 121.775516116914,-2.26275999302797,0 121.775447752413,-2.26354082102744,0 121.775244731143,-2.2642979243649,0 121.774913221612,-2.26500829878404,0 121.77446329643,-2.26565035983394,0 121.773908626269,-2.26620459871181,0 121.773266064503,-2.26665417504048,0 121.77255513512,-2.26698542856789,0 121.771797439489,-2.26718829423943,0 121.771016,-2.26725660802959,0 121.770234560511,-2.26718829423943,0 121.76947686488,-2.26698542856789,0 121.768765935497,-2.26665417504048,0 121.76812337373,-2.26620459871181,0 121.76756870357,-2.26565035983394,0 121.767118778388,-2.26500829878404,0 121.766787268857,-2.2642979243649,0 121.766584247587,-2.26354082102744,0 121.766515883086,-2.26275999302797,0 121.76658425236,-2.26197916544896,0 121.766787277827,-2.26122206332218,0 121.767118790473,-2.26051169075792,0 121.767568717313,-2.25986963198336,0 121.768123387473,-2.25931539552684,0 121.768765947582,-2.25886582147351,0 121.76947687385,-2.25853456980096,0 121.770234565283,-2.2583317053401,0 121.771016,-2.25826339197041,0
</coordinates></LinearRing></outerBoundaryIs></Polygon>
</Placemark>
<Placemark>
<name>Pasar Sentral Kolonodale Morut A</name>
<description>Morowali - radius 500m</description>
<Polygon><outerBoundaryIs><LinearRing><coordinates>
121.3404546,-1.98592089197041,0 121.34123589709,-1.98598920536543,0 121.341993455052,-1.98619206989921,0 121.342704256038,-1.98652332168347,0 121.343346702842,-1.98697289587385,0 121.34390127511,-1.98752713247621,0 121.344351122443,-1.98816919138782,0 121.344682576394,-1.9888795640638,0 121.344885565777,-1.9896366662635,0 121.344953922697,-1.99041749386784,0 121.344885569974,-1.99119832184198,0 121.344682584282,-1.99195542510653,0 121.344351133071,-1.99266579941394,0 121.343901287195,-1.99330786032679,0 121.343346714928,-1.99386209905883,0 121.342704266666,-1.99431167525045,0 121.34199346294,-1.99464292866614,0 121.341235901287,-1.99484579426476,0 121.3404546,-1.99491410802959,0 121.339673298713,-1.99484579426476,0 121.33891573706,-1.99464292866614,0 121.338204933334,-1.99431167525045,0 121.337562485073,-1.99386209905883,0 121.337007912805,-1.99330786032679,0 121.336558066929,-1.99266579941394,0 121.336226615718,-1.99195542510653,0 121.336023630026,-1.99119832184198,0 121.335955277303,-1.99041749386784,0 121.336023634223,-1.9896366662635,0 121.336226623607,-1.9888795640638,0 121.336558077557,-1.98816919138782,0 121.33700792489,-1.98752713247621,0 121.337562497158,-1.98697289587385,0 121.338204943962,-1.98652332168347,0 121.338915744948,-1.98619206989921,0 121.33967330291,-1.98598920536543,0 121.3404546,-1.98592089197041,0
</coordinates></LinearRing></outerBoundaryIs></Polygon>
</Placemark>
<Placemark>
<name>Pasar Sentral Kolonodale Morut B</name>
<description>Morowali - radius 500m</description>
<Polygon><outerBoundaryIs><LinearRing><coordinates>
121.3374107,-1.98308819197041,0 121.338191995751,-1.98315650536569,0 121.338949552416,-1.98335936990023,0 121.339660352183,-1.98369062168565,0 121.340302797885,-1.98414019587746,0 121.340857369201,-1.98469443248133,0 121.341307215761,-1.98533649139437,0 121.34163866914,-1.98604686407151,0 121.341841658172,-1.98680396627197,0 121.341910014971,-1.98758479387657,0 121.341841662363,-1.98836562185045,0 121.341638677017,-1.98912272511424,0 121.341307226373,-1.98983309942049,0 121.340857381269,-1.99047516033192,0 121.340302809953,-1.99102939906243,0 121.339660362795,-1.99147897525263,0 121.338949560293,-1.99181022866716,0 121.338191999943,-1.99201309426502,0 121.3374107,-1.99208140802959,0 121.336629400057,-1.99201309426502,0 121.335871839707,-1.99181022866716,0 121.335161037205,-1.99147897525263,0 121.334518590047,-1.99102939906243,0 121.333964018731,-1.99047516033192,0 121.333514173627,-1.98983309942049,0 121.333182722983,-1.98912272511424,0 121.332979737637,-1.98836562185045,0 121.332911385029,-1.98758479387657,0 121.332979741828,-1.98680396627197,0 121.33318273086,-1.98604686407151,0 121.333514184239,-1.98533649139437,0 121.333964030799,-1.98469443248133,0 121.334518602115,-1.98414019587746,0 121.335161047817,-1.98369062168565,0 121.335871847584,-1.98335936990023,0 121.336629404248,-1.98315650536569,0 121.3374107,-1.98308819197041,0
</coordinates></LinearRing></outerBoundaryIs></Polygon>
</Placemark>
<Placemark>
<name>Pasar Sentral Kolonodale Morut A</name>
<description>Morowali Utara - radius 500m</description>
<Polygon><outerBoundaryIs><LinearRing><coordinates>
121.3404546,-1.98592089197041,0 121.34123589709,-1.98598920536543,0 121.341993455052,-1.98619206989921,0 121.342704256038,-1.98652332168347,0 121.343346702842,-1.98697289587385,0 121.34390127511,-1.98752713247621,0 121.344351122443,-1.98816919138782,0 121.344682576394,-1.9888795640638,0 121.344885565777,-1.9896366662635,0 121.344953922697,-1.99041749386784,0 121.344885569974,-1.99119832184198,0 121.344682584282,-1.99195542510653,0 121.344351133071,-1.99266579941394,0 121.343901287195,-1.99330786032679,0 121.343346714928,-1.99386209905883,0 121.342704266666,-1.99431167525045,0 121.34199346294,-1.99464292866614,0 121.341235901287,-1.99484579426476,0 121.3404546,-1.99491410802959,0 121.339673298713,-1.99484579426476,0 121.33891573706,-1.99464292866614,0 121.338204933334,-1.99431167525045,0 121.337562485073,-1.99386209905883,0 121.337007912805,-1.99330786032679,0 121.336558066929,-1.99266579941394,0 121.336226615718,-1.99195542510653,0 121.336023630026,-1.99119832184198,0 121.335955277303,-1.99041749386784,0 121.336023634223,-1.9896366662635,0 121.336226623607,-1.9888795640638,0 121.336558077557,-1.98816919138782,0 121.33700792489,-1.98752713247621,0 121.337562497158,-1.98697289587385,0 121.338204943962,-1.98652332168347,0 121.338915744948,-1.98619206989921,0 121.33967330291,-1.98598920536543,0 121.3404546,-1.98592089197041,0
</coordinates></LinearRing></outerBoundaryIs></Polygon>
</Placemark>
<Placemark>
<name>Pasar Sentral Kolonodale Morut B</name>
<description>Morowali Utara - radius 500m</description>
<Polygon><outerBoundaryIs><LinearRing><coordinates>
121.3374107,-1.98308819197041,0 121.338191995751,-1.98315650536569,0 121.338949552416,-1.98335936990023,0 121.339660352183,-1.98369062168565,0 121.340302797885,-1.98414019587746,0 121.340857369201,-1.98469443248133,0 121.341307215761,-1.98533649139437,0 121.34163866914,-1.98604686407151,0 121.341841658172,-1.98680396627197,0 121.341910014971,-1.98758479387657,0 121.341841662363,-1.98836562185045,0 121.341638677017,-1.98912272511424,0 121.341307226373,-1.98983309942049,0 121.340857381269,-1.99047516033192,0 121.340302809953,-1.99102939906243,0 121.339660362795,-1.99147897525263,0 121.338949560293,-1.99181022866716,0 121.338191999943,-1.99201309426502,0 121.3374107,-1.99208140802959,0 121.336629400057,-1.99201309426502,0 121.335871839707,-1.99181022866716,0 121.335161037205,-1.99147897525263,0 121.334518590047,-1.99102939906243,0 121.333964018731,-1.99047516033192,0 121.333514173627,-1.98983309942049,0 121.333182722983,-1.98912272511424,0 121.332979737637,-1.98836562185045,0 121.332911385029,-1.98758479387657,0 121.332979741828,-1.98680396627197,0 121.33318273086,-1.98604686407151,0 121.333514184239,-1.98533649139437,0 121.333964030799,-1.98469443248133,0 121.334518602115,-1.98414019587746,0 121.335161047817,-1.98369062168565,0 121.335871847584,-1.98335936990023,0 121.336629404248,-1.98315650536569,0 121.3374107,-1.98308819197041,0
</coordinates></LinearRing></outerBoundaryIs></Polygon>
</Placemark>
<Placemark>
<name>Pasar Molino Morut</name>
<description>Morowali Utara - radius 500m</description>
<Polygon><outerBoundaryIs><LinearRing><coordinates>
121.4603876,-2.10809399197041,0 121.46116895664,-2.10816230535407,0 121.461926572355,-2.10836516985514,0 121.46263742755,-2.10869642158929,0 121.463279923383,-2.1091459957182,0 121.463834538011,-2.10970023225513,0 121.464284419751,-2.11034229110527,0 121.464615899103,-2.11105266373114,0 121.464818904105,-2.11180976589814,0 121.464887266375,-2.11259059349111,0 121.46481890856,-2.11337142147662,0 121.464615907476,-2.11412852477387,0 121.464284431032,-2.11483889913139,0 121.46383455084,-2.11548096010572,0 121.463279936211,-2.11603519890317,0 121.462637438832,-2.11648477515626,0 121.461926580728,-2.11681602862207,0 121.461168961095,-2.1170188942534,0 121.4603876,-2.11708720802959,0 121.459606238905,-2.1170188942534,0 121.458848619272,-2.11681602862207,0 121.458137761168,-2.11648477515626,0 121.457495263789,-2.11603519890317,0 121.45694064916,-2.11548096010572,0 121.456490768968,-2.11483889913139,0 121.456159292524,-2.11412852477387,0 121.45595629144,-2.11337142147662,0 121.455887933625,-2.11259059349111,0 121.455956295895,-2.11180976589814,0 121.456159300897,-2.11105266373114,0 121.456490780249,-2.11034229110527,0 121.456940661989,-2.10970023225513,0 121.457495276617,-2.1091459957182,0 121.45813777245,-2.10869642158929,0 121.458848627645,-2.10836516985514,0 121.45960624336,-2.10816230535407,0 121.4603876,-2.10809399197041,0
</coordinates></LinearRing></outerBoundaryIs></Polygon>
</Placemark>
<Placemark>
<name>Pasar Majennang Pangkep</name>
<description>Pangkajene Kepulauan - radius 500m</description>
<Polygon><outerBoundaryIs><LinearRing><coordinates>
119.6292477,-4.89479019197041,0 119.630031385925,-4.89485850509427,0 119.630791260419,-4.89506136884728,0 119.63150423549,-4.89539261943535,0 119.632148648057,-4.89584219215836,0 119.632704918135,-4.89639642719918,0 119.633156143737,-4.89703848464342,0 119.63348861444,-4.89774885612318,0 119.633692227985,-4.8985059575421,0 119.633760797265,-4.89928678487526,0 119.633692238369,-4.90006761312055,0 119.633488633956,-4.90082471716585,0 119.63315617003,-4.90153509266947,0 119.632704948034,-4.9021771550497,0 119.632148677957,-4.90273139534328,0 119.631504261783,-4.90318097300228,0 119.630791279934,-4.9035122276142,0 119.630031396309,-4.90371509399359,0 119.6292477,-4.90378340802959,0 119.628464003691,-4.90371509399359,0 119.627704120066,-4.9035122276142,0 119.626991138217,-4.90318097300228,0 119.626346722043,-4.90273139534328,0 119.625790451966,-4.9021771550497,0 119.62533922997,-4.90153509266947,0 119.625006766044,-4.90082471716585,0 119.624803161631,-4.90006761312055,0 119.624734602735,-4.89928678487526,0 119.624803172015,-4.8985059575421,0 119.62500678556,-4.89774885612318,0 119.625339256263,-4.89703848464342,0 119.625790481865,-4.89639642719918,0 119.626346751943,-4.89584219215836,0 119.62699116451,-4.89539261943535,0 119.627704139581,-4.89506136884728,0 119.628464014075,-4.89485850509427,0 119.6292477,-4.89479019197041,0
</coordinates></LinearRing></outerBoundaryIs></Polygon>
</Placemark>
<Placemark>
<name>Pasar Malam Pangkajene Pangkep</name>
<description>Pangkajene Kepulauan - radius 500m</description>
<Polygon><outerBoundaryIs><LinearRing><coordinates>
119.5478316,-4.83174799197041,0 119.548615212561,-4.83181630510017,0 119.549375015912,-4.83201916887016,0 119.550087924221,-4.83235041948423,0 119.55073227643,-4.83279999223916,0 119.551288494385,-4.83335422731393,0 119.551739677684,-4.83399628479008,0 119.552072117191,-4.83470665629586,0 119.552275711598,-4.83546375773175,0 119.552344274385,-4.83624458507081,0 119.552275721846,-4.83702541331021,0 119.552072136452,-4.83778251733853,0 119.551739703634,-4.83849289281614,0 119.551288523895,-4.83913495516445,0 119.55073230594,-4.83968919542408,0 119.550087950172,-4.84013877305117,0 119.549375035174,-4.84047002763707,0 119.548615222809,-4.84067289399949,0 119.5478316,-4.84074120802959,0 119.547047977191,-4.84067289399949,0 119.546288164826,-4.84047002763707,0 119.545575249828,-4.84013877305117,0 119.54493089406,-4.83968919542408,0 119.544374676106,-4.83913495516445,0 119.543923496366,-4.83849289281614,0 119.543591063548,-4.83778251733853,0 119.543387478154,-4.83702541331021,0 119.543318925615,-4.83624458507081,0 119.543387488402,-4.83546375773175,0 119.54359108281,-4.83470665629586,0 119.543923522316,-4.83399628479008,0 119.544374705615,-4.83335422731393,0 119.54493092357,-4.83279999223916,0 119.545575275779,-4.83235041948423,0 119.546288184088,-4.83201916887016,0 119.547047987439,-4.83181630510017,0 119.5478316,-4.83174799197041,0
</coordinates></LinearRing></outerBoundaryIs></Polygon>
</Placemark>
<Placemark>
<name>Pasar Sentral Pangkep</name>
<description>Pangkajene Kepulauan - radius 500m</description>
<Polygon><outerBoundaryIs><LinearRing><coordinates>
119.5416234,-4.82951609197041,0 119.542407009981,-4.82958440510038,0 119.543166810831,-4.82978726887097,0 119.543879716792,-4.83011851948596,0 119.544524066879,-4.83056809224202,0 119.545080283001,-4.83112232731799,0 119.545531464812,-4.83176438479527,0 119.545863903222,-4.83247475630197,0 119.546067496956,-4.83323185773847,0 119.546136059516,-4.83401268507773,0 119.5460675072,-4.83479351331692,0 119.545863922474,-4.83555061734464,0 119.54553149075,-4.83626099282133,0 119.545080312497,-4.83690305516852,0 119.544524096375,-4.83745729542694,0 119.543879742731,-4.8379068730529,0 119.543166830083,-4.83823812763788,0 119.542407020225,-4.8384409939997,0 119.5416234,-4.83850930802959,0 119.540839779775,-4.8384409939997,0 119.540079969917,-4.83823812763788,0 119.539367057269,-4.8379068730529,0 119.538722703625,-4.83745729542694,0 119.538166487503,-4.83690305516852,0 119.53771530925,-4.83626099282133,0 119.537382877526,-4.83555061734464,0 119.5371792928,-4.83479351331692,0 119.537110740484,-4.83401268507773,0 119.537179303044,-4.83323185773847,0 119.537382896778,-4.83247475630197,0 119.537715335188,-4.83176438479527,0 119.538166516999,-4.83112232731799,0 119.538722733121,-4.83056809224202,0 119.539367083208,-4.83011851948596,0 119.540079989169,-4.82978726887097,0 119.540839790019,-4.82958440510038,0 119.5416234,-4.82951609197041,0
</coordinates></LinearRing></outerBoundaryIs></Polygon>
</Placemark>
<Placemark>
<name>Pasar Tanete Pangkep</name>
<description>Pangkajene Kepulauan - radius 500m</description>
<Polygon><outerBoundaryIs><LinearRing><coordinates>
119.5896947,-4.86853159197041,0 119.59047835525,-4.86859990509673,0 119.591238199998,-4.86880276885681,0 119.591951147154,-4.86913401945571,0 119.592595534485,-4.86958359219202,0 119.593151782769,-4.87013782724698,0 119.593602990684,-4.87077988470451,0 119.593935448343,-4.87149025619511,0 119.594139053886,-4.8722473576211,0 119.594207620452,-4.87302818495672,0 119.594139064214,-4.87380901319955,0 119.593935467753,-4.87456611723778,0 119.593603016834,-4.87527649273056,0 119.593151812506,-4.8759185550975,0 119.592595564222,-4.87647279537694,0 119.591951173305,-4.87692237302265,0 119.591238219407,-4.87725362762373,0 119.590478365578,-4.87745649399605,0 119.5896947,-4.87752480802959,0 119.588911034422,-4.87745649399605,0 119.588151180593,-4.87725362762373,0 119.587438226695,-4.87692237302265,0 119.586793835778,-4.87647279537694,0 119.586237587494,-4.8759185550975,0 119.585786383166,-4.87527649273056,0 119.585453932247,-4.87456611723778,0 119.585250335786,-4.87380901319955,0 119.585181779548,-4.87302818495672,0 119.585250346114,-4.8722473576211,0 119.585453951657,-4.87149025619511,0 119.585786409316,-4.87077988470451,0 119.586237617231,-4.87013782724698,0 119.586793865515,-4.86958359219202,0 119.587438252846,-4.86913401945571,0 119.588151200002,-4.86880276885681,0 119.58891104475,-4.86859990509673,0 119.5896947,-4.86853159197041,0
</coordinates></LinearRing></outerBoundaryIs></Polygon>
</Placemark>
<Placemark>
<name>Pasar Sentral Pangkep</name>
<description>Pangkajene dan Kepulauan - radius 500m</description>
<Polygon><outerBoundaryIs><LinearRing><coordinates>
119.5416234,-4.82951609197041,0 119.542407009981,-4.82958440510038,0 119.543166810831,-4.82978726887097,0 119.543879716792,-4.83011851948596,0 119.544524066879,-4.83056809224202,0 119.545080283001,-4.83112232731799,0 119.545531464812,-4.83176438479527,0 119.545863903222,-4.83247475630197,0 119.546067496956,-4.83323185773847,0 119.546136059516,-4.83401268507773,0 119.5460675072,-4.83479351331692,0 119.545863922474,-4.83555061734464,0 119.54553149075,-4.83626099282133,0 119.545080312497,-4.83690305516852,0 119.544524096375,-4.83745729542694,0 119.543879742731,-4.8379068730529,0 119.543166830083,-4.83823812763788,0 119.542407020225,-4.8384409939997,0 119.5416234,-4.83850930802959,0 119.540839779775,-4.8384409939997,0 119.540079969917,-4.83823812763788,0 119.539367057269,-4.8379068730529,0 119.538722703625,-4.83745729542694,0 119.538166487503,-4.83690305516852,0 119.53771530925,-4.83626099282133,0 119.537382877526,-4.83555061734464,0 119.5371792928,-4.83479351331692,0 119.537110740484,-4.83401268507773,0 119.537179303044,-4.83323185773847,0 119.537382896778,-4.83247475630197,0 119.537715335188,-4.83176438479527,0 119.538166516999,-4.83112232731799,0 119.538722733121,-4.83056809224202,0 119.539367083208,-4.83011851948596,0 119.540079989169,-4.82978726887097,0 119.540839790019,-4.82958440510038,0 119.5416234,-4.82951609197041,0
</coordinates></LinearRing></outerBoundaryIs></Polygon>
</Placemark>
<Placemark>
<name>Pasar Majennang Pangkep</name>
<description>Pangkajene dan Kepulauan - radius 500m</description>
<Polygon><outerBoundaryIs><LinearRing><coordinates>
119.6292477,-4.89479019197041,0 119.630031385925,-4.89485850509427,0 119.630791260419,-4.89506136884728,0 119.63150423549,-4.89539261943535,0 119.632148648057,-4.89584219215836,0 119.632704918135,-4.89639642719918,0 119.633156143737,-4.89703848464342,0 119.63348861444,-4.89774885612318,0 119.633692227985,-4.8985059575421,0 119.633760797265,-4.89928678487526,0 119.633692238369,-4.90006761312055,0 119.633488633956,-4.90082471716585,0 119.63315617003,-4.90153509266947,0 119.632704948034,-4.9021771550497,0 119.632148677957,-4.90273139534328,0 119.631504261783,-4.90318097300228,0 119.630791279934,-4.9035122276142,0 119.630031396309,-4.90371509399359,0 119.6292477,-4.90378340802959,0 119.628464003691,-4.90371509399359,0 119.627704120066,-4.9035122276142,0 119.626991138217,-4.90318097300228,0 119.626346722043,-4.90273139534328,0 119.625790451966,-4.9021771550497,0 119.62533922997,-4.90153509266947,0 119.625006766044,-4.90082471716585,0 119.624803161631,-4.90006761312055,0 119.624734602735,-4.89928678487526,0 119.624803172015,-4.8985059575421,0 119.62500678556,-4.89774885612318,0 119.625339256263,-4.89703848464342,0 119.625790481865,-4.89639642719918,0 119.626346751943,-4.89584219215836,0 119.62699116451,-4.89539261943535,0 119.627704139581,-4.89506136884728,0 119.628464014075,-4.89485850509427,0 119.6292477,-4.89479019197041,0
</coordinates></LinearRing></outerBoundaryIs></Polygon>
</Placemark>
<Placemark>
<name>Pasar Malam Pangkajene Pangkep</name>
<description>Pangkajene dan Kepulauan - radius 500m</description>
<Polygon><outerBoundaryIs><LinearRing><coordinates>
119.5478316,-4.83174799197041,0 119.548615212561,-4.83181630510017,0 119.549375015912,-4.83201916887016,0 119.550087924221,-4.83235041948423,0 119.55073227643,-4.83279999223916,0 119.551288494385,-4.83335422731393,0 119.551739677684,-4.83399628479008,0 119.552072117191,-4.83470665629586,0 119.552275711598,-4.83546375773175,0 119.552344274385,-4.83624458507081,0 119.552275721846,-4.83702541331021,0 119.552072136452,-4.83778251733853,0 119.551739703634,-4.83849289281614,0 119.551288523895,-4.83913495516445,0 119.55073230594,-4.83968919542408,0 119.550087950172,-4.84013877305117,0 119.549375035174,-4.84047002763707,0 119.548615222809,-4.84067289399949,0 119.5478316,-4.84074120802959,0 119.547047977191,-4.84067289399949,0 119.546288164826,-4.84047002763707,0 119.545575249828,-4.84013877305117,0 119.54493089406,-4.83968919542408,0 119.544374676106,-4.83913495516445,0 119.543923496366,-4.83849289281614,0 119.543591063548,-4.83778251733853,0 119.543387478154,-4.83702541331021,0 119.543318925615,-4.83624458507081,0 119.543387488402,-4.83546375773175,0 119.54359108281,-4.83470665629586,0 119.543923522316,-4.83399628479008,0 119.544374705615,-4.83335422731393,0 119.54493092357,-4.83279999223916,0 119.545575275779,-4.83235041948423,0 119.546288184088,-4.83201916887016,0 119.547047987439,-4.83181630510017,0 119.5478316,-4.83174799197041,0
</coordinates></LinearRing></outerBoundaryIs></Polygon>
</Placemark>
<Placemark>
<name>Pasar Tanete Pangkep</name>
<description>Pangkajene dan Kepulauan - radius 500m</description>
<Polygon><outerBoundaryIs><LinearRing><coordinates>
119.5896947,-4.86853159197041,0 119.59047835525,-4.86859990509673,0 119.591238199998,-4.86880276885681,0 119.591951147154,-4.86913401945571,0 119.592595534485,-4.86958359219202,0 119.593151782769,-4.87013782724698,0 119.593602990684,-4.87077988470451,0 119.593935448343,-4.87149025619511,0 119.594139053886,-4.8722473576211,0 119.594207620452,-4.87302818495672,0 119.594139064214,-4.87380901319955,0 119.593935467753,-4.87456611723778,0 119.593603016834,-4.87527649273056,0 119.593151812506,-4.8759185550975,0 119.592595564222,-4.87647279537694,0 119.591951173305,-4.87692237302265,0 119.591238219407,-4.87725362762373,0 119.590478365578,-4.87745649399605,0 119.5896947,-4.87752480802959,0 119.588911034422,-4.87745649399605,0 119.588151180593,-4.87725362762373,0 119.587438226695,-4.87692237302265,0 119.586793835778,-4.87647279537694,0 119.586237587494,-4.8759185550975,0 119.585786383166,-4.87527649273056,0 119.585453932247,-4.87456611723778,0 119.585250335786,-4.87380901319955,0 119.585181779548,-4.87302818495672,0 119.585250346114,-4.8722473576211,0 119.585453951657,-4.87149025619511,0 119.585786409316,-4.87077988470451,0 119.586237617231,-4.87013782724698,0 119.586793865515,-4.86958359219202,0 119.587438252846,-4.86913401945571,0 119.588151200002,-4.86880276885681,0 119.58891104475,-4.86859990509673,0 119.5896947,-4.86853159197041,0
</coordinates></LinearRing></outerBoundaryIs></Polygon>
</Placemark>
<Placemark>
<name>Pasar Tradisional Kassi Pangkep</name>
<description>Pangkajene dan Kepulauan - radius 500m</description>
<Polygon><outerBoundaryIs><LinearRing><coordinates>
119.6173456,-4.87564709197041,0 119.618129263546,-4.87571540509606,0 119.618889116338,-4.87591826885423,0 119.619602071044,-4.87624951945019,0 119.6202464652,-4.8766990921829,0 119.620802719377,-4.87725332723403,0 119.621253932075,-4.87789538468795,0 119.621586393263,-4.87860575617562,0 119.62179000097,-4.87936285759969,0 119.621858568269,-4.88014368493464,0 119.621790011313,-4.88092451317815,0 119.621586412701,-4.88168161721829,0 119.621253958264,-4.88239199271401,0 119.620802749158,-4.88303405508455,0 119.620246494981,-4.88358829536782,0 119.619602097233,-4.88403787301713,0 119.618889135776,-4.88436912762115,0 119.618129273889,-4.88457199399538,0 119.6173456,-4.88464030802959,0 119.616561926111,-4.88457199399538,0 119.615802064224,-4.88436912762115,0 119.615089102767,-4.88403787301713,0 119.614444705019,-4.88358829536782,0 119.613888450842,-4.88303405508455,0 119.613437241736,-4.88239199271401,0 119.613104787299,-4.88168161721829,0 119.612901188687,-4.88092451317815,0 119.612832631731,-4.88014368493464,0 119.61290119903,-4.87936285759969,0 119.613104806737,-4.87860575617562,0 119.613437267925,-4.87789538468795,0 119.613888480623,-4.87725332723403,0 119.6144447348,-4.8766990921829,0 119.615089128956,-4.87624951945019,0 119.615802083662,-4.87591826885423,0 119.616561936454,-4.87571540509606,0 119.6173456,-4.87564709197041,0
</coordinates></LinearRing></outerBoundaryIs></Polygon>
</Placemark>
<Placemark>
<name>Kompleks Pasar Senggol Parigi Moutong</name>
<description>Parigi Moutong - radius 500m</description>
<Polygon><outerBoundaryIs><LinearRing><coordinates>
120.3406575,-0.983975091970405,0 120.341438442965,-0.984043405458535,0 120.342195657467,-0.984246270260403,0 120.342906136009,-0.984577522455409,0 120.343548291121,-0.985027097149633,0 120.344102611278,-0.985581334288173,0 120.344552253742,-0.986223393703633,0 120.344883556322,-0.986933766790358,0 120.345086452497,-0.987690869258153,0 120.345154777285,-0.988471696955596,0 120.34508645458,-0.989252524836639,0 120.344883560237,-0.990009627833089,0 120.344552259016,-0.990720001729761,0 120.344102617275,-0.991362062138767,0 120.343548297118,-0.991916300334617,0 120.342906141283,-0.992365876022387,0 120.342195661382,-0.992697129027339,0 120.341438445048,-0.992899994357863,0 120.3406575,-0.992968308029593,0 120.339876554952,-0.992899994357863,0 120.339119338618,-0.992697129027339,0 120.338408858717,-0.992365876022387,0 120.337766702882,-0.991916300334617,0 120.337212382725,-0.991362062138767,0 120.336762740984,-0.990720001729761,0 120.336431439763,-0.990009627833089,0 120.33622854542,-0.989252524836639,0 120.336160222715,-0.988471696955596,0 120.336228547503,-0.987690869258153,0 120.336431443678,-0.986933766790358,0 120.336762746258,-0.986223393703633,0 120.337212388722,-0.985581334288173,0 120.337766708879,-0.985027097149633,0 120.338408863991,-0.984577522455409,0 120.339119342533,-0.984246270260403,0 120.339876557035,-0.984043405458535,0 120.3406575,-0.983975091970405,0
</coordinates></LinearRing></outerBoundaryIs></Polygon>
</Placemark>
<Placemark>
<name>Pasar Sentral Tagunu Parigi</name>
<description>Parigi Moutong - radius 500m</description>
<Polygon><outerBoundaryIs><LinearRing><coordinates>
120.1652032,-0.791023691970406,0 120.165984102223,-0.791092005476458,0 120.166741277202,-0.791294870329931,0 120.167451718625,-0.791626122604,0 120.168093840139,-0.792075697395208,0 120.168648131232,-0.792629934636957,0 120.16909775005,-0.793271994149402,0 120.169429035127,-0.79398236731519,0 120.169631920485,-0.79473946983459,0 120.169700241488,-0.795520297549955,0 120.169631922161,-0.796301125413077,0 120.169429038277,-0.797058228357922,0 120.169097754294,-0.797768602175531,0 120.168648136058,-0.798410662487552,0 120.168093844965,-0.798964900580193,0 120.167451722869,-0.799414476170978,0 120.166741280352,-0.799745729096867,0 120.165984103899,-0.799948594375786,0 120.1652032,-0.800016908029594,0 120.164422296101,-0.799948594375786,0 120.163665119648,-0.799745729096867,0 120.162954677131,-0.799414476170978,0 120.162312555035,-0.798964900580193,0 120.161758263942,-0.798410662487552,0 120.161308645706,-0.797768602175531,0 120.160977361723,-0.797058228357922,0 120.160774477839,-0.796301125413077,0 120.160706158512,-0.795520297549955,0 120.160774479515,-0.79473946983459,0 120.160977364873,-0.79398236731519,0 120.16130864995,-0.793271994149402,0 120.161758268768,-0.792629934636957,0 120.162312559861,-0.792075697395208,0 120.162954681375,-0.791626122604,0 120.163665122798,-0.791294870329931,0 120.164422297777,-0.791092005476458,0 120.1652032,-0.791023691970406,0
</coordinates></LinearRing></outerBoundaryIs></Polygon>
</Placemark>
<Placemark>
<name>Pasar Tinombo</name>
<description>Parigi Moutong - radius 500m</description>
<Polygon><outerBoundaryIs><LinearRing><coordinates>
120.2891065,0.395001808029594,0 120.289887346339,0.3949334944134,0 120.29064446702,0.394730629242789,0 120.29135485728,0.394399376482835,0 120.291996932248,0.3939498010956,0 120.292551182788,0.393395563219572,0 120.293000768277,0.392753503111101,0 120.293332028301,0.392043129459427,0 120.293534897716,0.391286026622888,0 120.293603212471,0.39050519879738,0 120.293534896893,0.3897243710444,0 120.293332026755,0.388967268416693,0 120.293000766194,0.38825689508497,0 120.292551180419,0.387614835368975,0 120.29199692988,0.387060597910613,0 120.291354855197,0.386611022915855,0 120.290644465474,0.386279770475852,0 120.289887345516,0.386076905514073,0 120.2891065,0.386008591970406,0 120.288325654484,0.386076905514073,0 120.287568534526,0.386279770475852,0 120.286858144803,0.386611022915855,0 120.28621607012,0.387060597910613,0 120.285661819581,0.387614835368975,0 120.285212233806,0.388256895084969,0 120.284880973245,0.388967268416693,0 120.284678103107,0.3897243710444,0 120.284609787529,0.39050519879738,0 120.284678102284,0.391286026622888,0 120.284880971699,0.392043129459427,0 120.285212231723,0.392753503111101,0 120.285661817212,0.393395563219572,0 120.286216067752,0.3939498010956,0 120.28685814272,0.394399376482835,0 120.28756853298,0.394730629242789,0 120.288325653661,0.3949334944134,0 120.2891065,0.395001808029594,0
</coordinates></LinearRing></outerBoundaryIs></Polygon>
</Placemark>
<Placemark>
<name>Pasar Sentral Parigi Moutong</name>
<description>Parigi Moutong - radius 500m</description>
<Polygon><outerBoundaryIs><LinearRing><coordinates>
120.1671239,-0.791508791970406,0 120.167904802314,-0.791577105476413,0 120.168661977382,-0.791779970329756,0 120.169372418888,-0.792111222603626,0 120.170014540477,-0.792560797394591,0 120.170568831636,-0.79311503463608,0 120.171018450507,-0.793757094148281,0 120.171349735623,-0.794467467313871,0 120.171552621005,-0.795224569833141,0 120.171620942017,-0.796005397548461,0 120.171552622682,-0.796786225411628,0 120.171349738775,-0.797543328356603,0 120.171018454754,-0.798253702174411,0 120.170568836465,-0.798895762486675,0 120.170014545307,-0.799450000579576,0 120.169372423135,-0.799899576170604,0 120.168661980534,-0.800230829096693,0 120.167904803991,-0.800433694375741,0 120.1671239,-0.800502008029593,0 120.166342996009,-0.800433694375741,0 120.165585819466,-0.800230829096693,0 120.164875376865,-0.799899576170604,0 120.164233254693,-0.799450000579576,0 120.163678963535,-0.798895762486676,0 120.163229345246,-0.798253702174411,0 120.162898061225,-0.797543328356603,0 120.162695177318,-0.796786225411628,0 120.162626857983,-0.796005397548461,0 120.162695178995,-0.795224569833141,0 120.162898064377,-0.794467467313871,0 120.163229349493,-0.793757094148281,0 120.163678968364,-0.79311503463608,0 120.164233259523,-0.792560797394591,0 120.164875381112,-0.792111222603626,0 120.165585822618,-0.791779970329756,0 120.166342997686,-0.791577105476413,0 120.1671239,-0.791508791970406,0
</coordinates></LinearRing></outerBoundaryIs></Polygon>
</Placemark>
<Placemark>
<name>Pasar Ampibabo Parigi Moutong</name>
<description>Parigi Moutong - radius 500m</description>
<Polygon><outerBoundaryIs><LinearRing><coordinates>
120.0681468,-0.451667591970406,0 120.068927652059,-0.451735905507975,0 120.069684778366,-0.451938770452197,0 120.07039517406,-0.452270022865302,0 120.071037254155,-0.452719597827063,0 120.071591509387,-0.453273835250311,0 120.072041098992,-0.453915894933309,0 120.072372362403,-0.454626268238133,0 120.07257523432,-0.455383370848283,0 120.072643550546,-0.456164198595165,0 120.072575235281,-0.45694502642677,0 120.072372364209,-0.457702129280867,0 120.072041101426,-0.45841250295944,0 120.071591512154,-0.459054563100908,0 120.071037256922,-0.459608801012049,0 120.070395176493,-0.460058376432281,0 120.069684780172,-0.460389629219134,0 120.06892765302,-0.460592494407303,0 120.0681468,-0.460660808029594,0 120.06736594698,-0.460592494407303,0 120.066608819828,-0.460389629219134,0 120.065898423507,-0.460058376432281,0 120.065256343078,-0.459608801012049,0 120.064702087846,-0.459054563100908,0 120.064252498574,-0.45841250295944,0 120.063921235791,-0.457702129280867,0 120.063718364719,-0.45694502642677,0 120.063650049454,-0.456164198595165,0 120.06371836568,-0.455383370848283,0 120.063921237597,-0.454626268238133,0 120.064252501008,-0.453915894933309,0 120.064702090613,-0.453273835250311,0 120.065256345845,-0.452719597827063,0 120.06589842594,-0.452270022865302,0 120.066608821634,-0.451938770452197,0 120.067365947941,-0.451735905507975,0 120.0681468,-0.451667591970406,0
</coordinates></LinearRing></outerBoundaryIs></Polygon>
</Placemark>
<Placemark>
<name>Pasar Tua Toribulu Parigi Moutong</name>
<description>Parigi Moutong - radius 500m</description>
<Polygon><outerBoundaryIs><LinearRing><coordinates>
120.0160361,-0.311740891970406,0 120.016816939352,-0.31180920552097,0 120.017574053325,-0.312012070502607,0 120.018284437421,-0.312343322973036,0 120.018926506997,-0.312792898005116,0 120.019480753106,-0.313347135503196,0 120.019930335259,-0.313989195256512,0 120.020261593121,-0.314699568618661,0 120.020464461569,-0.315456671266227,0 120.020532776522,-0.316237499026104,0 120.020464462235,-0.317018326844715,0 120.020261594373,-0.317775429661395,0 120.019930336946,-0.318485803282644,0 120.019480755024,-0.319127863353793,0 120.018926508916,-0.319682101190103,0 120.018284439108,-0.320131676540016,0 120.017574054577,-0.320462929269544,0 120.016816940018,-0.320665794420297,0 120.0160361,-0.320734108029594,0 120.015255259982,-0.320665794420297,0 120.014498145423,-0.320462929269544,0 120.013787760892,-0.320131676540016,0 120.013145691084,-0.319682101190103,0 120.012591444976,-0.319127863353793,0 120.012141863054,-0.318485803282644,0 120.011810605627,-0.317775429661395,0 120.011607737765,-0.317018326844715,0 120.011539423478,-0.316237499026104,0 120.011607738431,-0.315456671266227,0 120.011810606879,-0.314699568618661,0 120.012141864741,-0.313989195256512,0 120.012591446894,-0.313347135503196,0 120.013145693003,-0.312792898005116,0 120.013787762579,-0.312343322973036,0 120.014498146675,-0.312012070502607,0 120.015255260648,-0.31180920552097,0 120.0160361,-0.311740891970406,0
</coordinates></LinearRing></outerBoundaryIs></Polygon>
</Placemark>
<Placemark>
<name>Pasar Tikke Raya Pasangkayu</name>
<description>Pasangkayu - radius 500m</description>
<Polygon><outerBoundaryIs><LinearRing><coordinates>
119.3761706,-1.33098679197041,0 119.37695163854,-1.3310551054263,0 119.377708945746,-1.33125797013534,0 119.378419511334,-1.33158922218814,0 119.379061745209,-1.33203879670791,0 119.379616133465,-1.3325930336608,0 119.380065831296,-1.33323509290181,0 119.380397174817,-1.33394546584632,0 119.380600096239,-1.33470256822129,0 119.380668429787,-1.3354833958865,0 119.380600099054,-1.33626422379978,0 119.380397180106,-1.33702132688905,0 119.380065838423,-1.33773170092793,0 119.37961614157,-1.33837376151139,0 119.379061753313,-1.33892799989289,0 119.37841951846,-1.33937757575511,0 119.377708951036,-1.33970882890228,0 119.376951641355,-1.33991169432563,0 119.3761706,-1.33998000802959,0 119.375389558645,-1.33991169432563,0 119.374632248964,-1.33970882890228,0 119.373921681539,-1.33937757575511,0 119.373279446687,-1.33892799989289,0 119.37272505843,-1.33837376151139,0 119.372275361577,-1.33773170092793,0 119.371944019893,-1.33702132688905,0 119.371741100946,-1.33626422379978,0 119.371672770213,-1.3354833958865,0 119.371741103761,-1.33470256822129,0 119.371944025183,-1.33394546584632,0 119.372275368704,-1.33323509290181,0 119.372725066535,-1.3325930336608,0 119.373279454791,-1.33203879670791,0 119.373921688666,-1.33158922218814,0 119.374632254254,-1.33125797013534,0 119.37538956146,-1.3310551054263,0 119.3761706,-1.33098679197041,0
</coordinates></LinearRing></outerBoundaryIs></Polygon>
</Placemark>
<Placemark>
<name>Pasar Martajaya Pasangkayu</name>
<description>Pasangkayu - radius 500m</description>
<Polygon><outerBoundaryIs><LinearRing><coordinates>
119.4381969,-1.17858239197041,0 119.438977893034,-1.17865070544046,0 119.439735156101,-1.17885357019027,0 119.440445680247,-1.17918482230553,0 119.441087876627,-1.17963439690192,0 119.441642232468,-1.18018863393636,0 119.442091903949,-1.18083069325399,0 119.442423227991,-1.18154106626096,0 119.442626137408,-1.1822981686767,0 119.4426944668,-1.18307899635607,0 119.442626139901,-1.18385982425519,0 119.442423232677,-1.18461692730369,0 119.442091910262,-1.18532730128011,0 119.441642239647,-1.18596936178695,0 119.441087883805,-1.18652360008691,0 119.44044568656,-1.18697317587251,0 119.439735160787,-1.18730442895721,0 119.438977895527,-1.18750729433979,0 119.4381969,-1.18757560802959,0 119.437415904473,-1.18750729433979,0 119.436658639213,-1.18730442895721,0 119.43594811344,-1.18697317587251,0 119.435305916195,-1.18652360008691,0 119.434751560353,-1.18596936178695,0 119.434301889738,-1.18532730128011,0 119.433970567323,-1.18461692730369,0 119.433767660099,-1.18385982425519,0 119.4336993332,-1.18307899635607,0 119.433767662592,-1.1822981686767,0 119.433970572009,-1.18154106626096,0 119.434301896051,-1.18083069325399,0 119.434751567532,-1.18018863393636,0 119.435305923373,-1.17963439690192,0 119.435948119753,-1.17918482230553,0 119.436658643899,-1.17885357019027,0 119.437415906966,-1.17865070544046,0 119.4381969,-1.17858239197041,0
</coordinates></LinearRing></outerBoundaryIs></Polygon>
</Placemark>
<Placemark>
<name>Komplek Pasar Tikke Pasangkayu</name>
<description>Pasangkayu - radius 500m</description>
<Polygon><outerBoundaryIs><LinearRing><coordinates>
119.3761318,-1.32922739197041,0 119.376912837983,-1.32929570542646,0 119.377670144649,-1.32949857013598,0 119.37838070973,-1.32982982218949,0 119.379022943146,-1.33027939671015,0 119.379577331006,-1.33083363366398,0 119.380027028514,-1.33147569290587,0 119.380358371797,-1.33218606585111,0 119.380561293072,-1.33294316822655,0 119.38062962657,-1.33372399589192,0 119.380561295883,-1.33450482380503,0 119.380358377079,-1.33526192689384,0 119.380027035632,-1.335972300932,0 119.379577339099,-1.33661436151457,0 119.37902295124,-1.33716859989513,0 119.378380716847,-1.33761817575647,0 119.377670149932,-1.33794942890291,0 119.376912840794,-1.33815229432579,0 119.3761318,-1.33822060802959,0 119.375350759206,-1.33815229432579,0 119.374593450068,-1.33794942890291,0 119.373882883153,-1.33761817575647,0 119.37324064876,-1.33716859989513,0 119.372686260901,-1.33661436151457,0 119.372236564368,-1.335972300932,0 119.371905222921,-1.33526192689384,0 119.371702304117,-1.33450482380503,0 119.37163397343,-1.33372399589192,0 119.371702306928,-1.33294316822655,0 119.371905228203,-1.33218606585111,0 119.372236571486,-1.33147569290587,0 119.372686268994,-1.33083363366398,0 119.373240656854,-1.33027939671015,0 119.37388289027,-1.32982982218949,0 119.374593455351,-1.32949857013598,0 119.375350762017,-1.32929570542646,0 119.3761318,-1.32922739197041,0
</coordinates></LinearRing></outerBoundaryIs></Polygon>
</Placemark>
<Placemark>
<name>Pasar Pedanda Pasangkayu</name>
<description>Pasangkayu - radius 500m</description>
<Polygon><outerBoundaryIs><LinearRing><coordinates>
119.325366,-1.25880569197041,0 119.326147016298,-1.258874005433,0 119.326904301931,-1.25907687016136,0 119.327614847264,-1.25940812224374,0 119.328257062814,-1.2598576967998,0 119.328811435228,-1.26041193379131,0 119.329261120183,-1.26105399306861,0 119.329592454185,-1.26176436604271,0 119.329795369742,-1.26252146843699,0 119.329863701262,-1.2633022961089,0 119.329795372405,-1.26408312401547,0 119.329592459189,-1.26484022708544,0 119.329261126924,-1.26555060109474,0 119.328811442894,-1.2661926616419,0 119.328257070479,-1.26674689998478,0 119.327614854005,-1.26719647581071,0 119.326904306935,-1.26752772892829,0 119.32614701896,-1.26773059433233,0 119.325366,-1.26779890802959,0 119.32458498104,-1.26773059433233,0 119.323827693065,-1.26752772892829,0 119.323117145995,-1.26719647581071,0 119.322474929521,-1.26674689998478,0 119.321920557106,-1.2661926616419,0 119.321470873076,-1.26555060109474,0 119.321139540811,-1.26484022708544,0 119.320936627595,-1.26408312401547,0 119.320868298738,-1.2633022961089,0 119.320936630258,-1.26252146843699,0 119.321139545815,-1.26176436604271,0 119.321470879817,-1.26105399306861,0 119.321920564772,-1.26041193379131,0 119.322474937186,-1.2598576967998,0 119.323117152736,-1.25940812224374,0 119.323827698069,-1.25907687016136,0 119.324584983702,-1.258874005433,0 119.325366,-1.25880569197041,0
</coordinates></LinearRing></outerBoundaryIs></Polygon>
</Placemark>
<Placemark>
<name>Pasar Daging Babi Palu</name>
<description>Pasangkayu - radius 500m</description>
<Polygon><outerBoundaryIs><LinearRing><coordinates>
119.8707654,-0.896901291970406,0 119.871546323482,-0.896969605466624,0 119.872303519085,-0.897172470291781,0 119.873013979878,-0.897503722522466,0 119.873656118926,-0.897953297260458,0 119.874210425188,-0.898507534445575,0 119.87466005635,-0.899149593904802,0 119.874991350566,-0.899859967027208,0 119.875194241574,-0.900617069518291,0 119.875262564558,-0.901397897223823,0 119.875194243474,-0.902178725096778,0 119.874991354136,-0.90293582806994,0 119.874660061159,-0.903646201930932,0 119.874210430657,-0.90428826229617,0 119.873656124395,-0.904842500445443,0 119.873013984687,-0.905292076089445,0 119.872303522654,-0.905623329058717,0 119.871546325381,-0.905826194365952,0 119.8707654,-0.905894508029594,0 119.869984474619,-0.905826194365952,0 119.869227277346,-0.905623329058717,0 119.868516815313,-0.905292076089445,0 119.867874675605,-0.904842500445443,0 119.867320369343,-0.90428826229617,0 119.866870738841,-0.903646201930932,0 119.866539445864,-0.90293582806994,0 119.866336556526,-0.902178725096778,0 119.866268235442,-0.901397897223823,0 119.866336558426,-0.900617069518291,0 119.866539449434,-0.899859967027208,0 119.86687074365,-0.899149593904803,0 119.867320374812,-0.898507534445575,0 119.867874681074,-0.897953297260458,0 119.868516820122,-0.897503722522466,0 119.869227280915,-0.897172470291781,0 119.869984476518,-0.896969605466624,0 119.8707654,-0.896901291970406,0
</coordinates></LinearRing></outerBoundaryIs></Polygon>
</Placemark>
<Placemark>
<name>Pasar Sentral Pinrang</name>
<description>Pinrang - radius 500m</description>
<Polygon><outerBoundaryIs><LinearRing><coordinates>
119.6479224,-3.78576699197041,0 119.648704935421,-3.78583530519785,0 119.64946369426,-3.78603816924912,0 119.650175622332,-3.78636942029413,0 119.650819088299,-3.78681899357768,0 119.651374540898,-3.78737322921501,0 119.651825102983,-3.78801528721978,0 119.652157084329,-3.78872565915651,0 119.652360397613,-3.78948276087368,0 119.652428864948,-3.79026358831043,0 119.652360405627,-3.79104441645215,0 119.652157099389,-3.7918015201992,0 119.651825123274,-3.79251189524587,0 119.651374563972,-3.79315395706556,0 119.650819111373,-3.79370819676263,0 119.650175642623,-3.79415777386109,0 119.649463709321,-3.79448902801604,0 119.648704943434,-3.79469189409718,0 119.6479224,-3.79476020802959,0 119.647139856566,-3.79469189409718,0 119.646381090679,-3.79448902801604,0 119.645669157377,-3.79415777386109,0 119.645025688627,-3.79370819676263,0 119.644470236028,-3.79315395706556,0 119.644019676726,-3.79251189524587,0 119.643687700611,-3.7918015201992,0 119.643484394373,-3.79104441645215,0 119.643415935052,-3.79026358831043,0 119.643484402387,-3.78948276087368,0 119.643687715671,-3.78872565915651,0 119.644019697017,-3.78801528721978,0 119.644470259102,-3.78737322921501,0 119.645025711701,-3.78681899357768,0 119.645669177668,-3.78636942029413,0 119.64638110574,-3.78603816924912,0 119.647139864579,-3.78583530519785,0 119.6479224,-3.78576699197041,0
</coordinates></LinearRing></outerBoundaryIs></Polygon>
</Placemark>
<Placemark>
<name>Pasar Rakyat Langnga</name>
<description>Pinrang - radius 500m</description>
<Polygon><outerBoundaryIs><LinearRing><coordinates>
119.5202723,-3.83631079197041,0 119.521054881407,-3.83637910519314,0 119.521813684841,-3.83658196923083,0 119.522525654764,-3.83691322025504,0 119.52316915857,-3.83736279351308,0 119.523724643849,-3.83791702912326,0 119.524175232462,-3.83855908710252,0 119.524507233374,-3.83926945901845,0 119.524710558668,-3.84002656072205,0 119.524779030085,-3.84080738815409,0 119.524710566789,-3.84158821630052,0 119.524507248637,-3.84234532006114,0 119.524175253026,-3.84305569512861,0 119.523724667233,-3.84369775697381,0 119.523169181955,-3.84425199669803,0 119.522525675328,-3.844701573822,0 119.521813700104,-3.84503282799775,0 119.521054889529,-3.84523569409246,0 119.5202723,-3.84530400802959,0 119.519489710471,-3.84523569409246,0 119.518730899896,-3.84503282799775,0 119.518018924672,-3.844701573822,0 119.517375418045,-3.84425199669803,0 119.516819932767,-3.84369775697381,0 119.516369346974,-3.84305569512861,0 119.516037351363,-3.84234532006114,0 119.515834033211,-3.84158821630052,0 119.515765569915,-3.84080738815409,0 119.515834041332,-3.84002656072205,0 119.516037366626,-3.83926945901845,0 119.516369367538,-3.83855908710252,0 119.516819956151,-3.83791702912326,0 119.51737544143,-3.83736279351308,0 119.518018945236,-3.83691322025504,0 119.518730915159,-3.83658196923083,0 119.519489718593,-3.83637910519314,0 119.5202723,-3.83631079197041,0
</coordinates></LinearRing></outerBoundaryIs></Polygon>
</Placemark>
<Placemark>
<name>Pasar Djampue Lanrisang</name>
<description>Pinrang - radius 500m</description>
<Polygon><outerBoundaryIs><LinearRing><coordinates>
119.5467367,-3.90265029197041,0 119.547519342698,-3.90271860518695,0 119.548278205566,-3.90292146920682,0 119.548990231268,-3.90325272020374,0 119.549633785506,-3.90370229342828,0 119.55018931434,-3.90425652900282,0 119.550639938307,-3.9048985869486,0 119.550971965297,-3.90560895883722,0 119.551175306595,-3.906366060523,0 119.551243783451,-3.90714688794885,0 119.551175314858,-3.90792771610147,0 119.550971980826,-3.90868481987991,0 119.550639959229,-3.90939519497468,0 119.550189338131,-3.91003725685337,0 119.549633809298,-3.91059149661323,0 119.54899025219,-3.91104107377069,0 119.548278221095,-3.91137232797374,0 119.547519350961,-3.91157519408627,0 119.5467367,-3.91164350802959,0 119.545954049039,-3.91157519408627,0 119.545195178905,-3.91137232797374,0 119.54448314781,-3.91104107377069,0 119.543839590702,-3.91059149661323,0 119.543284061869,-3.91003725685337,0 119.542833440771,-3.90939519497468,0 119.542501419174,-3.90868481987991,0 119.542298085142,-3.90792771610147,0 119.542229616549,-3.90714688794885,0 119.542298093405,-3.906366060523,0 119.542501434703,-3.90560895883722,0 119.542833461693,-3.9048985869486,0 119.54328408566,-3.90425652900282,0 119.543839614494,-3.90370229342828,0 119.544483168732,-3.90325272020374,0 119.545195194434,-3.90292146920682,0 119.545954057302,-3.90271860518695,0 119.5467367,-3.90265029197041,0
</coordinates></LinearRing></outerBoundaryIs></Polygon>
</Placemark>
<Placemark>
<name>Pasar Malimpung</name>
<description>Pinrang - radius 500m</description>
<Polygon><outerBoundaryIs><LinearRing><coordinates>
119.733238,-3.72975109197041,0 119.734020485173,-3.72981940520308,0 119.734779195286,-3.73002226926938,0 119.735491077629,-3.73035352033744,0 119.736134502249,-3.73080309364926,0 119.73668991914,-3.73135732931667,0 119.737140452239,-3.73199938734972,0 119.737472412204,-3.73270975930949,0 119.737675712366,-3.73346686104171,0 119.73774417524,-3.73424768848369,0 119.73767572026,-3.73502851662018,0 119.73747242704,-3.73578562035219,0 119.737140472228,-3.73649599537581,0 119.736689941871,-3.73713805716723,0 119.73613452498,-3.73769229683421,0 119.735491097618,-3.7381418739044,0 119.734779210123,-3.73847312803631,0 119.734020493067,-3.7386759941024,0 119.733238,-3.73874430802959,0 119.732455506933,-3.7386759941024,0 119.731696789877,-3.73847312803631,0 119.730984902382,-3.7381418739044,0 119.73034147502,-3.73769229683421,0 119.729786058129,-3.73713805716723,0 119.729335527772,-3.73649599537581,0 119.72900357296,-3.73578562035219,0 119.72880027974,-3.73502851662018,0 119.72873182476,-3.73424768848369,0 119.728800287634,-3.73346686104171,0 119.729003587796,-3.73270975930949,0 119.729335547761,-3.73199938734972,0 119.72978608086,-3.73135732931667,0 119.730341497751,-3.73080309364926,0 119.730984922371,-3.73035352033744,0 119.731696804714,-3.73002226926938,0 119.732455514827,-3.72981940520308,0 119.733238,-3.72975109197041,0
</coordinates></LinearRing></outerBoundaryIs></Polygon>
</Placemark>
<Placemark>
<name>Pasar Leppangang</name>
<description>Pinrang - radius 500m</description>
<Polygon><outerBoundaryIs><LinearRing><coordinates>
119.6269036,-3.73087319197041,0 119.627686086172,-3.73094150520297,0 119.628444797254,-3.73114436926898,0 119.629156680506,-3.73147562033658,0 119.629800105949,-3.73192519364783,0 119.630355523549,-3.73247942931464,0 119.630806057225,-3.73312148734712,0 119.631138017615,-3.73383185930643,0 119.631341318038,-3.73458896103835,0 119.631409781001,-3.73536978848022,0 119.631341325935,-3.73615061661681,0 119.631138032456,-3.73690772034912,0 119.63080607722,-3.73761809537321,0 119.630355546287,-3.73826015716519,0 119.629800128687,-3.73881439683278,0 119.629156700502,-3.73926397390353,0 119.628444812095,-3.7395952280359,0 119.627686094069,-3.7397980941023,0 119.6269036,-3.73986640802959,0 119.626121105931,-3.7397980941023,0 119.625362387905,-3.7395952280359,0 119.624650499498,-3.73926397390353,0 119.624007071313,-3.73881439683278,0 119.623451653713,-3.73826015716519,0 119.62300112278,-3.73761809537321,0 119.622669167544,-3.73690772034912,0 119.622465874065,-3.73615061661681,0 119.622397418999,-3.73536978848022,0 119.622465881962,-3.73458896103835,0 119.622669182385,-3.73383185930643,0 119.623001142775,-3.73312148734712,0 119.623451676451,-3.73247942931464,0 119.624007094051,-3.73192519364783,0 119.624650519494,-3.73147562033658,0 119.625362402746,-3.73114436926898,0 119.626121113828,-3.73094150520297,0 119.6269036,-3.73087319197041,0
</coordinates></LinearRing></outerBoundaryIs></Polygon>
</Placemark>
<Placemark>
<name>Pasar Randangan</name>
<description>Pohuwato - radius 500m</description>
<Polygon><outerBoundaryIs><LinearRing><coordinates>
121.8139706,0.535624008029594,0 121.814751461901,0.535555694400341,0 121.815508597658,0.535352829192127,0 121.816219002038,0.535021576374563,0 121.816861089732,0.534572000916658,0 121.817415351213,0.534017762965425,0 121.817864945525,0.533375702786284,0 121.818196211992,0.532665329076999,0 121.818399085281,0.531908226202858,0 121.818467401237,0.531127398364291,0 121.818399084162,0.53034657062437,0 121.818196209889,0.529589468034266,0 121.817864942692,0.528879094760153,0 121.817415347991,0.528237035114829,0 121.816861086511,0.527682797731672,0 121.816218999205,0.527233222807583,0 121.815508595555,0.52690197042519,0 121.814751460782,0.526699105501014,0 121.8139706,0.526630791970406,0 121.813189739218,0.526699105501014,0 121.812432604445,0.52690197042519,0 121.811722200795,0.527233222807583,0 121.811080113489,0.527682797731672,0 121.810525852009,0.528237035114829,0 121.810076257308,0.528879094760153,0 121.809744990111,0.529589468034266,0 121.809542115838,0.53034657062437,0 121.809473798763,0.531127398364291,0 121.809542114719,0.531908226202858,0 121.809744988008,0.532665329076999,0 121.810076254475,0.533375702786284,0 121.810525848787,0.534017762965425,0 121.811080110267,0.534572000916658,0 121.811722197962,0.535021576374562,0 121.812432602342,0.535352829192127,0 121.813189738099,0.535555694400341,0 121.8139706,0.535624008029594,0
</coordinates></LinearRing></outerBoundaryIs></Polygon>
</Placemark>
<Placemark>
<name>Pasar Tradisional Marisa Pohuwato</name>
<description>Pohuwato - radius 500m</description>
<Polygon><outerBoundaryIs><LinearRing><coordinates>
121.9378406,0.475977008029593,0 121.938621454726,0.475908694405879,0 121.939378583531,0.475705829213615,0 121.940088981399,0.475374576420487,0 121.940731063223,0.474925000992558,0 121.941285319655,0.474370763073226,0 121.941734909894,0.47372870292406,0 121.942066173384,0.473018329239213,0 121.942269044881,0.472261226381021,0 121.942337360277,0.471480398547994,0 121.942269043888,0.470699570802533,0 121.942066171517,0.469942468196479,0 121.941734907379,0.469232094897929,0 121.941285316795,0.468590035222629,0 121.940731060363,0.468035797807572,0 121.940088978884,0.467586222853508,0 121.939378581664,0.467254970446678,0 121.938621453732,0.467052105506552,0 121.9378406,0.466983791970405,0 121.937059746268,0.467052105506552,0 121.936302618336,0.467254970446678,0 121.935592221116,0.467586222853508,0 121.934950139637,0.468035797807572,0 121.934395883205,0.468590035222629,0 121.933946292621,0.469232094897929,0 121.933615028483,0.469942468196479,0 121.933412156112,0.470699570802533,0 121.933343839723,0.471480398547994,0 121.933412155119,0.472261226381021,0 121.933615026616,0.473018329239212,0 121.933946290106,0.47372870292406,0 121.934395880345,0.474370763073225,0 121.934950136777,0.474925000992558,0 121.935592218601,0.475374576420487,0 121.936302616469,0.475705829213615,0 121.937059745274,0.475908694405879,0 121.9378406,0.475977008029593,0
</coordinates></LinearRing></outerBoundaryIs></Polygon>
</Placemark>
<Placemark>
<name>Pasar Popayato</name>
<description>Pohuwato - radius 500m</description>
<Polygon><outerBoundaryIs><LinearRing><coordinates>
121.4736195,0.516186808029594,0 121.47440035947,0.516118494402146,0 121.475157492871,0.515915629199129,0 121.475867895045,0.515584376389528,0 121.47650998075,0.515134800941392,0 121.477064240519,0.514580563000555,0 121.47751383345,0.513938502831182,0 121.477845098907,0.513228129129861,0 121.478047971589,0.512471026260917,0 121.478116287354,0.511690198424155,0 121.478047970511,0.510909370682429,0 121.477845096881,0.510152268087127,0 121.477513830721,0.509441894805051,0 121.477064237415,0.508799835149958,0 121.476509977646,0.508245597756406,0 121.475867892315,0.507796022822549,0 121.475157490845,0.507464770432193,0 121.474400358392,0.507261905502819,0 121.4736195,0.507193591970406,0 121.472838641608,0.507261905502819,0 121.472081509155,0.507464770432193,0 121.471371107685,0.507796022822549,0 121.470729022354,0.508245597756406,0 121.470174762585,0.508799835149958,0 121.469725169279,0.509441894805051,0 121.469393903119,0.510152268087127,0 121.469191029489,0.510909370682429,0 121.469122712646,0.511690198424155,0 121.469191028411,0.512471026260917,0 121.469393901093,0.513228129129861,0 121.46972516655,0.513938502831182,0 121.470174759481,0.514580563000555,0 121.47072901925,0.515134800941392,0 121.471371104955,0.515584376389528,0 121.472081507129,0.515915629199129,0 121.47283864053,0.516118494402146,0 121.4736195,0.516186808029594,0
</coordinates></LinearRing></outerBoundaryIs></Polygon>
</Placemark>
<Placemark>
<name>Pasar Sentral Polewali</name>
<description>Polewali Mandar - radius 500m</description>
<Polygon><outerBoundaryIs><LinearRing><coordinates>
119.3150331,-3.40773209197041,0 119.315815310938,-3.4078004052331,0 119.316573755117,-3.40800326938584,0 119.317285387882,-3.40833452058633,0 119.317928586841,-3.4087840940606,0 119.318483808834,-3.40933832990089,0 119.318934183722,-3.40998038809639,0 119.319266026978,-3.41069076018859,0 119.319469255502,-3.41144786200725,0 119.319537694011,-3.41222868947925,0 119.319469262711,-3.41300951758572,0 119.319266040527,-3.41376662123129,0 119.318934201977,-3.41447699612248,0 119.318483829593,-3.41511905775145,0 119.3179286076,-3.41567329724556,0 119.317285406136,-3.41612287415329,0 119.316573768667,-3.41645412815277,0 119.315815318147,-3.41665699413242,0 119.3150331,-3.41672530802959,0 119.314250881853,-3.41665699413242,0 119.313492431333,-3.41645412815277,0 119.312780793864,-3.41612287415329,0 119.3121375924,-3.41567329724556,0 119.311582370407,-3.41511905775145,0 119.311131998023,-3.41447699612248,0 119.310800159473,-3.41376662123129,0 119.310596937289,-3.41300951758572,0 119.310528505989,-3.41222868947925,0 119.310596944498,-3.41144786200725,0 119.310800173022,-3.41069076018859,0 119.311132016278,-3.40998038809639,0 119.311582391166,-3.40933832990089,0 119.312137613159,-3.4087840940606,0 119.312780812118,-3.40833452058633,0 119.313492444883,-3.40800326938584,0 119.314250889062,-3.4078004052331,0 119.3150331,-3.40773209197041,0
</coordinates></LinearRing></outerBoundaryIs></Polygon>
</Placemark>
<Placemark>
<name>Pasar Sentral Wonomulyo</name>
<description>Polewali Mandar - radius 500m</description>
<Polygon><outerBoundaryIs><LinearRing><coordinates>
119.2111055,-3.39567059197041,0 119.21188770115,-3.39573890523422,0 119.212646135838,-3.3959417693902,0 119.213357759694,-3.39627302059565,0 119.214000950599,-3.396722594076,0 119.214556165635,-3.39727682992276,0 119.215006534875,-3.39791888812435,0 119.215338373965,-3.39862926022151,0 119.215541599931,-3.3993863620434,0 119.21561003757,-3.40016718951652,0 119.215541607115,-3.40094801762188,0 119.215338387467,-3.40170512126421,0 119.215006553065,-3.40241549615044,0 119.21455618632,-3.40305755777332,0 119.214000971284,-3.40361179726096,0 119.213357777884,-3.40406137416261,0 119.212646149339,-3.40439262815713,0 119.211887708334,-3.40459549413355,0 119.2111055,-3.40466380802959,0 119.210323291666,-3.40459549413355,0 119.209564850661,-3.40439262815713,0 119.208853222116,-3.40406137416261,0 119.208210028716,-3.40361179726096,0 119.20765481368,-3.40305755777332,0 119.207204446935,-3.40241549615044,0 119.206872612533,-3.40170512126421,0 119.206669392885,-3.40094801762188,0 119.20660096243,-3.40016718951652,0 119.206669400068,-3.3993863620434,0 119.206872626035,-3.39862926022151,0 119.207204465125,-3.39791888812435,0 119.207654834365,-3.39727682992276,0 119.208210049401,-3.396722594076,0 119.208853240306,-3.39627302059565,0 119.209564864162,-3.3959417693902,0 119.21032329885,-3.39573890523422,0 119.2111055,-3.39567059197041,0
</coordinates></LinearRing></outerBoundaryIs></Polygon>
</Placemark>
<Placemark>
<name>Pasar Ikan Wonomulyo</name>
<description>Polewali Mandar - radius 500m</description>
<Polygon><outerBoundaryIs><LinearRing><coordinates>
119.2109892,-3.39825919197041,0 119.211771403248,-3.39832750523398,0 119.21252983997,-3.39853036938927,0 119.213241465735,-3.39886162059365,0 119.213884658366,-3.3993111940727,0 119.214439874893,-3.39986542991807,0 119.214890245344,-3.40050748811835,0 119.215222085327,-3.40121786021444,0 119.215425311841,-3.40197496203564,0 119.215493749667,-3.40275578950852,0 119.21542531903,-3.40353661761412,0 119.215222098838,-3.40429372125715,0 119.214890263548,-3.40500409614444,0 119.214439895594,-3.40564615776863,0 119.213884679067,-3.40620039725765,0 119.213241483939,-3.40664997416061,0 119.212529853481,-3.40698122815619,0 119.211771410437,-3.40718409413331,0 119.2109892,-3.40725240802959,0 119.210206989563,-3.40718409413331,0 119.209448546519,-3.40698122815619,0 119.208736916061,-3.40664997416061,0 119.208093720933,-3.40620039725765,0 119.207538504406,-3.40564615776863,0 119.207088136452,-3.40500409614444,0 119.206756301162,-3.40429372125715,0 119.20655308097,-3.40353661761412,0 119.206484650333,-3.40275578950852,0 119.206553088159,-3.40197496203564,0 119.206756314673,-3.40121786021444,0 119.207088154656,-3.40050748811835,0 119.207538525107,-3.39986542991807,0 119.208093741634,-3.3993111940727,0 119.208736934265,-3.39886162059365,0 119.20944856003,-3.39853036938927,0 119.210206996752,-3.39832750523398,0 119.2109892,-3.39825919197041,0
</coordinates></LinearRing></outerBoundaryIs></Polygon>
</Placemark>
<Placemark>
<name>Pasar Campalagian Polman</name>
<description>Polewali Mandar - radius 500m</description>
<Polygon><outerBoundaryIs><LinearRing><coordinates>
119.1402195,-3.47262469197041,0 119.141001764198,-3.47269300522705,0 119.141760260025,-3.47289586936238,0 119.142471941261,-3.47322712053619,0 119.143115184048,-3.47367669397773,0 119.143670443895,-3.47423092978319,0 119.144120849511,-3.47487298794596,0 119.144452715436,-3.47558336001148,0 119.144655957876,-3.47634046181273,0 119.14472440112,-3.47712128927868,0 119.144655965223,-3.4779021173912,0 119.144452729245,-3.47865922105419,0 119.144120868115,-3.47936959597206,0 119.143670465051,-3.48001165763375,0 119.143115205204,-3.48056589716269,0 119.142471959866,-3.48101547410315,0 119.141760273834,-3.48134672812931,0 119.141001771545,-3.48154959412637,0 119.1402195,-3.48161790802959,0 119.139437228455,-3.48154959412637,0 119.138678726166,-3.48134672812931,0 119.137967040135,-3.48101547410315,0 119.137323794796,-3.48056589716269,0 119.13676853495,-3.48001165763375,0 119.136318131885,-3.47936959597206,0 119.135986270755,-3.47865922105419,0 119.135783034777,-3.4779021173912,0 119.13571459888,-3.47712128927868,0 119.135783042124,-3.47634046181273,0 119.135986284564,-3.47558336001148,0 119.136318150489,-3.47487298794596,0 119.136768556105,-3.47423092978319,0 119.137323815952,-3.47367669397773,0 119.137967058739,-3.47322712053619,0 119.138678739975,-3.47289586936238,0 119.139437235802,-3.47269300522705,0 119.1402195,-3.47262469197041,0
</coordinates></LinearRing></outerBoundaryIs></Polygon>
</Placemark>
<Placemark>
<name>Pasar Tinambung Polman</name>
<description>Polewali Mandar - radius 500m</description>
<Polygon><outerBoundaryIs><LinearRing><coordinates>
119.0201242,-3.49565899197041,0 119.020906483346,-3.4957273052249,0 119.021664997742,-3.49593016935405,0 119.022376696405,-3.49626142051839,0 119.023019954949,-3.49671099394831,0 119.023575228404,-3.49726522974141,0 119.024025645068,-3.49790728789256,0 119.024357519143,-3.49861765994861,0 119.024560766585,-3.49937476174368,0 119.024629211531,-3.50015558920748,0 119.024560773982,-3.50093641732215,0 119.024357533044,-3.50169352099132,0 119.024025663796,-3.50240389591866,0 119.023575249701,-3.50304595759197,0 119.023019976246,-3.50360019713327,0 119.022376715133,-3.50404977408535,0 119.021665011643,-3.50438102812098,0 119.020906490742,-3.50458389412423,0 119.0201242,-3.50465220802959,0 119.019341909258,-3.50458389412423,0 119.018583388357,-3.50438102812098,0 119.017871684867,-3.50404977408535,0 119.017228423754,-3.50360019713327,0 119.016673150299,-3.50304595759197,0 119.016222736204,-3.50240389591866,0 119.015890866956,-3.50169352099132,0 119.015687626018,-3.50093641732215,0 119.015619188469,-3.50015558920748,0 119.015687633415,-3.49937476174368,0 119.015890880857,-3.49861765994861,0 119.016222754932,-3.49790728789256,0 119.016673171596,-3.49726522974141,0 119.017228445051,-3.49671099394831,0 119.017871703595,-3.49626142051839,0 119.018583402258,-3.49593016935405,0 119.019341916654,-3.4957273052249,0 119.0201242,-3.49565899197041,0
</coordinates></LinearRing></outerBoundaryIs></Polygon>
</Placemark>
<Placemark>
<name>Pasar Tradisional Polewali</name>
<description>Polewali Mandar - radius 500m</description>
<Polygon><outerBoundaryIs><LinearRing><coordinates>
119.3423614,-3.42828699197041,0 119.343143627699,-3.42835530523118,0 119.343902088132,-3.42855816937841,0 119.34461373615,-3.42888942057045,0 119.345256948902,-3.42933899403435,0 119.345812182808,-3.42989322986361,0 119.346262567366,-3.43053528804874,0 119.346594417756,-3.43124566013249,0 119.346797650659,-3.43200276194564,0 119.346866090659,-3.43278358941572,0 119.346797657912,-3.43356441752411,0 119.346594431388,-3.4343215211752,0 119.346262585731,-3.43503189607484,0 119.345812203692,-3.43567395771417,0 119.345256969787,-3.43622819721931,0 119.344613754516,-3.43667777413741,0 119.343902101763,-3.43700902814534,0 119.343143634952,-3.43721189413051,0 119.3423614,-3.43728020802959,0 119.341579165048,-3.43721189413051,0 119.340820698237,-3.43700902814534,0 119.340109045484,-3.43667777413741,0 119.339465830213,-3.43622819721931,0 119.338910596308,-3.43567395771417,0 119.338460214269,-3.43503189607484,0 119.338128368612,-3.4343215211752,0 119.337925142088,-3.43356441752411,0 119.337856709341,-3.43278358941572,0 119.337925149341,-3.43200276194564,0 119.338128382244,-3.43124566013249,0 119.338460232634,-3.43053528804874,0 119.338910617192,-3.42989322986361,0 119.339465851098,-3.42933899403435,0 119.34010906385,-3.42888942057045,0 119.340820711868,-3.42855816937841,0 119.341579172301,-3.42835530523118,0 119.3423614,-3.42828699197041,0
</coordinates></LinearRing></outerBoundaryIs></Polygon>
</Placemark>
<Placemark>
<name>Pasar Baru Polewali</name>
<description>Polewali Mandar - radius 500m</description>
<Polygon><outerBoundaryIs><LinearRing><coordinates>
119.3424828,-3.42799289197041,0 119.343265027458,-3.42806120523121,0 119.344023487658,-3.42826406937852,0 119.344735135457,-3.42859532057068,0 119.345378348012,-3.42904489403473,0 119.345933581746,-3.42959912986414,0 119.346383966166,-3.43024118804943,0 119.346715816453,-3.4309515601333,0 119.346919049294,-3.43170866194652,0 119.346987489272,-3.43248948941663,0 119.346919056546,-3.43327031752499,0 119.346715830084,-3.434027421176,0 119.346383984529,-3.43473779607552,0 119.345933602629,-3.4353798577147,0 119.345378368894,-3.43593409721968,0 119.344735153821,-3.43638367413764,0 119.344023501288,-3.43671492814544,0 119.343265034711,-3.43691779413053,0 119.3424828,-3.43698610802959,0 119.341700565289,-3.43691779413053,0 119.340942098712,-3.43671492814544,0 119.340230446179,-3.43638367413764,0 119.339587231106,-3.43593409721968,0 119.339031997371,-3.4353798577147,0 119.338581615471,-3.43473779607552,0 119.338249769916,-3.434027421176,0 119.338046543454,-3.43327031752499,0 119.337978110728,-3.43248948941663,0 119.338046550706,-3.43170866194652,0 119.338249783547,-3.4309515601333,0 119.338581633834,-3.43024118804943,0 119.339032018254,-3.42959912986414,0 119.339587251988,-3.42904489403473,0 119.340230464543,-3.42859532057068,0 119.340942112342,-3.42826406937852,0 119.341700572542,-3.42806120523121,0 119.3424828,-3.42799289197041,0
</coordinates></LinearRing></outerBoundaryIs></Polygon>
</Placemark>
<Placemark>
<name>Pasar Sentral Tinambung Polman</name>
<description>Polewali Mandar - radius 500m</description>
<Polygon><outerBoundaryIs><LinearRing><coordinates>
119.0204541,-3.49674009197041,0 119.021236384248,-3.4968084052248,0 119.021994899518,-3.49701126935366,0 119.022706599002,-3.49734252051755,0 119.023349858288,-3.49779209394693,0 119.023905132384,-3.49834632973945,0 119.024355549569,-3.49898838789006,0 119.024687424027,-3.49969875994566,0 119.024890671705,-3.50045586174044,0 119.024959116731,-3.50123668920414,0 119.024890679104,-3.50201751731891,0 119.024687437932,-3.50277462098836,0 119.024355568303,-3.50348499591615,0 119.023905153688,-3.50412705759001,0 119.023349879591,-3.50468129713189,0 119.022706617736,-3.50513087408451,0 119.021994913423,-3.50546212812059,0 119.021236391647,-3.50566499412413,0 119.0204541,-3.50573330802959,0 119.019671808353,-3.50566499412413,0 119.018913286577,-3.50546212812059,0 119.018201582264,-3.50513087408451,0 119.017558320408,-3.50468129713189,0 119.017003046312,-3.50412705759001,0 119.016552631697,-3.50348499591615,0 119.016220762068,-3.50277462098836,0 119.016017520896,-3.50201751731891,0 119.015949083269,-3.50123668920414,0 119.016017528295,-3.50045586174044,0 119.016220775973,-3.49969875994566,0 119.016552650431,-3.49898838789006,0 119.017003067616,-3.49834632973945,0 119.017558341712,-3.49779209394693,0 119.018201600998,-3.49734252051755,0 119.018913300481,-3.49701126935366,0 119.019671815752,-3.4968084052248,0 119.0204541,-3.49674009197041,0
</coordinates></LinearRing></outerBoundaryIs></Polygon>
</Placemark>
<Placemark>
<name>Pasar Pambusuang Polman</name>
<description>Polewali Mandar - radius 500m</description>
<Polygon><outerBoundaryIs><LinearRing><coordinates>
119.0773495,-3.49828229197041,0 119.078131785535,-3.49835060522466,0 119.078890302053,-3.4985534693531,0 119.079602002708,-3.49888472051636,0 119.080245263053,-3.49933429394496,0 119.080800538064,-3.49988852973665,0 119.081250955991,-3.50053058788648,0 119.081582830998,-3.50124095994145,0 119.081786079012,-3.50199806173581,0 119.081854524152,-3.50277888919937,0 119.081786086414,-3.50355971731428,0 119.081582844909,-3.50431682098416,0 119.081250974733,-3.50502719591257,0 119.080800559377,-3.50566925758721,0 119.080245284366,-3.50622349712992,0 119.079602021451,-3.50667307408332,0 119.078890315964,-3.50700432812003,0 119.078131792937,-3.50720719412398,0 119.0773495,-3.50727550802959,0 119.076567207063,-3.50720719412398,0 119.075808684035,-3.50700432812003,0 119.075096978549,-3.50667307408332,0 119.074453715634,-3.50622349712992,0 119.073898440623,-3.50566925758721,0 119.073448025267,-3.50502719591257,0 119.073116155091,-3.50431682098416,0 119.072912913586,-3.50355971731428,0 119.072844475848,-3.50277888919937,0 119.072912920988,-3.50199806173581,0 119.073116169002,-3.50124095994145,0 119.073448044009,-3.50053058788648,0 119.073898461936,-3.49988852973665,0 119.074453736947,-3.49933429394496,0 119.075096997292,-3.49888472051636,0 119.075808697946,-3.4985534693531,0 119.076567214465,-3.49835060522466,0 119.0773495,-3.49828229197041,0
</coordinates></LinearRing></outerBoundaryIs></Polygon>
</Placemark>
<Placemark>
<name>Pasar Rakyat Luyo Polman</name>
<description>Polewali Mandar - radius 500m</description>
<Polygon><outerBoundaryIs><LinearRing><coordinates>
119.1615742,-3.41583369197041,0 119.162356417532,-3.41590200523234,0 119.163114868106,-3.41610486938291,0 119.163826506871,-3.41643612058007,0 119.164469711257,-3.41688569405026,0 119.165024937937,-3.4174399298862,0 119.165475316629,-3.41808198807761,0 119.165807162692,-3.41879236016648,0 119.166010392939,-3.41954946198297,0 119.166078832034,-3.42033028945421,0 119.166010400165,-3.42111111756144,0 119.165807176274,-3.42186822120918,0 119.165475334928,-3.4225785961037,0 119.165024958745,-3.42322065773676,0 119.164469732066,-3.42377489723521,0 119.16382652517,-3.42422447414703,0 119.163114881688,-3.42455572814984,0 119.162356424759,-3.42475859413167,0 119.1615742,-3.42482690802959,0 119.160791975241,-3.42475859413167,0 119.160033518312,-3.42455572814984,0 119.15932187483,-3.42422447414703,0 119.158678667934,-3.42377489723521,0 119.158123441255,-3.42322065773676,0 119.157673065072,-3.4225785961037,0 119.157341223726,-3.42186822120918,0 119.157137999835,-3.42111111756144,0 119.157069567966,-3.42033028945421,0 119.157138007061,-3.41954946198297,0 119.157341237308,-3.41879236016648,0 119.157673083371,-3.41808198807761,0 119.158123462063,-3.4174399298862,0 119.158678688743,-3.41688569405026,0 119.159321893129,-3.41643612058007,0 119.160033531894,-3.41610486938291,0 119.160791982468,-3.41590200523234,0 119.1615742,-3.41583369197041,0
</coordinates></LinearRing></outerBoundaryIs></Polygon>
</Placemark>
<Placemark>
<name>Pasar Kecamatan Matakali Polman</name>
<description>Polewali Mandar - radius 500m</description>
<Polygon><outerBoundaryIs><LinearRing><coordinates>
119.2790062,-3.3827317919704,0 119.279788390689,-3.38280010523543,0 119.280546815232,-3.38300296939488,0 119.281258429567,-3.38333422060565,0 119.281901611864,-3.38378379409252,0 119.282456819465,-3.38433802994623,0 119.28290718267,-3.38498008815433,0 119.283239017307,-3.38569046025681,0 119.283442240539,-3.38644756208218,0 119.283510677248,-3.38722838955651,0 119.283442247696,-3.38800921766065,0 119.283239030756,-3.38876632129952,0 119.28290720079,-3.38947669618043,0 119.282456840071,-3.39011875779679,0 119.28190163247,-3.39067299727748,0 119.281258447688,-3.39112257417261,0 119.280546828682,-3.39145382816181,0 119.279788397845,-3.39165669413475,0 119.2790062,-3.39172500802959,0 119.278224002155,-3.39165669413475,0 119.277465571318,-3.39145382816181,0 119.276753952312,-3.39112257417261,0 119.27611076753,-3.39067299727748,0 119.275555559929,-3.39011875779679,0 119.27510519921,-3.38947669618043,0 119.274773369244,-3.38876632129952,0 119.274570152304,-3.38800921766065,0 119.274501722752,-3.38722838955651,0 119.274570159461,-3.38644756208218,0 119.274773382693,-3.38569046025681,0 119.27510521733,-3.38498008815433,0 119.275555580535,-3.38433802994623,0 119.276110788136,-3.38378379409252,0 119.276753970433,-3.38333422060565,0 119.277465584768,-3.38300296939488,0 119.278224009311,-3.38280010523543,0 119.2790062,-3.3827317919704,0
</coordinates></LinearRing></outerBoundaryIs></Polygon>
</Placemark>
<Placemark>
<name>Pasar Tradisional Kebunsari Polman</name>
<description>Polewali Mandar - radius 500m</description>
<Polygon><outerBoundaryIs><LinearRing><coordinates>
119.2152281,-3.43584769197041,0 119.216010333889,-3.43591600523048,0 119.216768800326,-3.43611886937568,0 119.217480453978,-3.43645012056461,0 119.218123671824,-3.4368996940247,0 119.21867891013,-3.4374539298499,0 119.21912929826,-3.43809598803122,0 119.219461151285,-3.43880636011186,0 119.219664385806,-3.43956346192298,0 119.219732826355,-3.44034428939235,0 119.219664393075,-3.44112511750145,0 119.219461164947,-3.44188222115456,0 119.219129316666,-3.44259259605731,0 119.218678931061,-3.44323465770046,0 119.218123692755,-3.44378889720965,0 119.217480472384,-3.44423847413157,0 119.216768813987,-3.4445697281426,0 119.216010341159,-3.4447725941298,0 119.2152281,-3.44484090802959,0 119.214445858841,-3.4447725941298,0 119.213687386013,-3.4445697281426,0 119.212975727616,-3.44423847413157,0 119.212332507245,-3.44378889720965,0 119.211777268939,-3.44323465770046,0 119.211326883334,-3.44259259605731,0 119.210995035053,-3.44188222115456,0 119.210791806925,-3.44112511750145,0 119.210723373645,-3.44034428939235,0 119.210791814194,-3.43956346192298,0 119.210995048715,-3.43880636011186,0 119.21132690174,-3.43809598803122,0 119.21177728987,-3.4374539298499,0 119.212332528175,-3.4368996940247,0 119.212975746022,-3.43645012056461,0 119.213687399674,-3.43611886937568,0 119.21444586611,-3.43591600523048,0 119.2152281,-3.43584769197041,0
</coordinates></LinearRing></outerBoundaryIs></Polygon>
</Placemark>
<Placemark>
<name>Pasar Tradisional Bersih Sintuwu Maroso</name>
<description>Poso - radius 500m</description>
<Polygon><outerBoundaryIs><LinearRing><coordinates>
120.7546424,-1.40882719197041,0 120.755423463917,-1.40889550541907,0 120.756180795736,-1.40909837010729,0 120.756891384431,-1.40942962212817,0 120.757533639213,-1.40987919660881,0 120.75808804554,-1.41043343352005,0 120.758537758058,-1.41107549272192,0 120.758869112432,-1.41178586563452,0 120.759072040541,-1.41254296798867,0 120.759140376399,-1.41332379564664,0 120.75907204352,-1.41410462356715,0 120.75886911803,-1.41486172667725,0 120.7585377656,-1.41557210074804,0 120.758088054117,-1.41621416137064,0 120.75753364779,-1.41676839979379,0 120.756891391974,-1.41721797569515,0 120.756180801334,-1.41754922887422,0 120.755423466896,-1.41775209431839,0 120.7546424,-1.41782040802959,0 120.753861333104,-1.41775209431839,0 120.753103998666,-1.41754922887422,0 120.752393408026,-1.41721797569515,0 120.75175115221,-1.41676839979379,0 120.751196745883,-1.41621416137064,0 120.7507470344,-1.41557210074804,0 120.75041568197,-1.41486172667725,0 120.75021275648,-1.41410462356715,0 120.750144423601,-1.41332379564664,0 120.750212759459,-1.41254296798867,0 120.750415687568,-1.41178586563452,0 120.750747041942,-1.41107549272192,0 120.75119675446,-1.41043343352005,0 120.751751160787,-1.40987919660881,0 120.752393415568,-1.40942962212817,0 120.753104004264,-1.40909837010729,0 120.753861336083,-1.40889550541907,0 120.7546424,-1.40882719197041,0
</coordinates></LinearRing></outerBoundaryIs></Polygon>
</Placemark>
<Placemark>
<name>Pasar Sentral Tradisional Poso</name>
<description>Poso - radius 500m</description>
<Polygon><outerBoundaryIs><LinearRing><coordinates>
120.7545656,-1.40879439197041,0 120.755346663906,-1.40886270541907,0 120.756103995715,-1.4090655701073,0 120.7568145844,-1.4093968221282,0 120.757456839172,-1.40984639660885,0 120.758011245491,-1.41040063352011,0 120.758460958003,-1.41104269272199,0 120.758792312372,-1.41175306563461,0 120.758995240479,-1.41251016798876,0 120.759063576335,-1.41329099564674,0 120.758995243457,-1.41407182356725,0 120.758792317971,-1.41482892667734,0 120.758460965545,-1.41553930074812,0 120.758011254068,-1.4161813613707,0 120.757456847749,-1.41673559979383,0 120.756814591942,-1.41718517569517,0 120.756104001313,-1.41751642887423,0 120.755346666885,-1.4177192943184,0 120.7545656,-1.41778760802959,0 120.753784533115,-1.4177192943184,0 120.753027198687,-1.41751642887423,0 120.752316608058,-1.41718517569517,0 120.751674352251,-1.41673559979383,0 120.751119945932,-1.4161813613707,0 120.750670234455,-1.41553930074812,0 120.750338882029,-1.41482892667734,0 120.750135956543,-1.41407182356725,0 120.750067623665,-1.41329099564674,0 120.750135959521,-1.41251016798876,0 120.750338887628,-1.41175306563461,0 120.750670241997,-1.41104269272199,0 120.751119954509,-1.41040063352011,0 120.751674360828,-1.40984639660885,0 120.7523166156,-1.4093968221282,0 120.753027204285,-1.4090655701073,0 120.753784536094,-1.40886270541907,0 120.7545656,-1.40879439197041,0
</coordinates></LinearRing></outerBoundaryIs></Polygon>
</Placemark>
<Placemark>
<name>Pasar Pebato Kasiguncu Poso</name>
<description>Poso - radius 500m</description>
<Polygon><outerBoundaryIs><LinearRing><coordinates>
120.6638892,-1.41828709197041,0 120.664670267099,-1.41835540541819,0 120.665427602005,-1.41855827010388,0 120.666138193598,-1.41888952212088,0 120.666780451001,-1.41933909659676,0 120.667334859594,-1.41989333350294,0 120.667784573953,-1.42053539270005,0 120.668115929689,-1.42124576560878,0 120.668318858636,-1.4220028679604,0 120.668387194783,-1.42278369561749,0 120.668318861635,-1.42356452353888,0 120.668115935324,-1.42432162665151,0 120.667784581546,-1.42503200072618,0 120.667334868229,-1.42567406135353,0 120.666780459635,-1.42622829978174,0 120.666138201191,-1.42667787568786,0 120.665427607641,-1.42700912887081,0 120.664670270098,-1.42721199431751,0 120.6638892,-1.42728030802959,0 120.663108129902,-1.42721199431751,0 120.662350792359,-1.42700912887081,0 120.661640198809,-1.42667787568786,0 120.660997940365,-1.42622829978174,0 120.660443531771,-1.42567406135353,0 120.659993818454,-1.42503200072618,0 120.659662464676,-1.42432162665151,0 120.659459538365,-1.42356452353888,0 120.659391205217,-1.42278369561749,0 120.659459541364,-1.4220028679604,0 120.659662470311,-1.42124576560878,0 120.659993826047,-1.42053539270005,0 120.660443540406,-1.41989333350294,0 120.660997948999,-1.41933909659676,0 120.661640206402,-1.41888952212088,0 120.662350797995,-1.41855827010388,0 120.663108132901,-1.41835540541819,0 120.6638892,-1.41828709197041,0
</coordinates></LinearRing></outerBoundaryIs></Polygon>
</Placemark>
<Placemark>
<name>Pasar Sentral Tentena Poso</name>
<description>Poso - radius 500m</description>
<Polygon><outerBoundaryIs><LinearRing><coordinates>
120.6245405,-1.75866279197041,0 120.625321695791,-1.75873110538656,0 120.62607915551,-1.75893396998116,0 120.626789864275,-1.75926522185863,0 120.627432227668,-1.75971479616333,0 120.627986727863,-1.76026903288734,0 120.62843651665,-1.76091109191328,0 120.628767927367,-1.76162146468246,0 120.628970890158,-1.76237856694299,0 120.629039237955,-1.76315939456845,0 120.628970893875,-1.76394022252148,0 120.628767934353,-1.76469732572519,0 120.628436526062,-1.7654076999394,0 120.627986738566,-1.76604976073793,0 120.627432238372,-1.7666039993483,0 120.626789873687,-1.7670535754256,0 120.626079162496,-1.7673848287481,0 120.625321699508,-1.76758769428588,0 120.6245405,-1.76765600802959,0 120.623759300492,-1.76758769428588,0 120.623001837504,-1.7673848287481,0 120.622291126313,-1.7670535754256,0 120.621648761629,-1.7666039993483,0 120.621094261434,-1.76604976073793,0 120.620644473938,-1.7654076999394,0 120.620313065647,-1.76469732572519,0 120.620110106125,-1.76394022252148,0 120.620041762045,-1.76315939456845,0 120.620110109842,-1.76237856694299,0 120.620313072633,-1.76162146468246,0 120.62064448335,-1.76091109191328,0 120.621094272137,-1.76026903288734,0 120.621648772332,-1.75971479616333,0 120.622291135725,-1.75926522185863,0 120.62300184449,-1.75893396998116,0 120.623759304209,-1.75873110538656,0 120.6245405,-1.75866279197041,0
</coordinates></LinearRing></outerBoundaryIs></Polygon>
</Placemark>
<Placemark>
<name>Pasar Sentral Pangkajene Sidrap</name>
<description>Sidenreng Rappang - radius 500m</description>
<Polygon><outerBoundaryIs><LinearRing><coordinates>
119.7976463,-3.92106279197041,0 119.798428959897,-3.92113110518523,0 119.799187839444,-3.92133396920016,0 119.799899880797,-3.9216652201895,0 119.800543449187,-3.92211479340475,0 119.801098990243,-3.92266902896939,0 119.80154962413,-3.92331108690587,0 119.801881658438,-3.92402145878692,0 119.802085004227,-3.92477856046775,0 119.802153482609,-3.92555938789188,0 119.802085012529,-3.92634021604622,0 119.801881674041,-3.92709731982961,0 119.801549645152,-3.92780769493195,0 119.801099014147,-3.92844975681994,0 119.800543473091,-3.92900399658969,0 119.799899901819,-3.92945357375645,0 119.799187855046,-3.92978482796708,0 119.798428968199,-3.92998769408456,0 119.7976463,-3.93005600802959,0 119.796863631801,-3.92998769408456,0 119.796104744954,-3.92978482796708,0 119.795392698181,-3.92945357375645,0 119.794749126909,-3.92900399658969,0 119.794193585853,-3.92844975681994,0 119.793742954848,-3.92780769493195,0 119.793410925959,-3.92709731982961,0 119.793207587471,-3.92634021604622,0 119.793139117391,-3.92555938789188,0 119.793207595773,-3.92477856046775,0 119.793410941562,-3.92402145878692,0 119.79374297587,-3.92331108690587,0 119.794193609757,-3.92266902896939,0 119.794749150813,-3.92211479340475,0 119.795392719203,-3.9216652201895,0 119.796104760556,-3.92133396920016,0 119.796863640103,-3.92113110518523,0 119.7976463,-3.92106279197041,0
</coordinates></LinearRing></outerBoundaryIs></Polygon>
</Placemark>
<Placemark>
<name>Central Market Rappang Sidrap</name>
<description>Sidenreng Rappang - radius 500m</description>
<Polygon><outerBoundaryIs><LinearRing><coordinates>
119.8184394,-3.83443289197041,0 119.819221979688,-3.83450120519332,0 119.819980781454,-3.83470406923151,0 119.820692749812,-3.8350353202565,0 119.821336252203,-3.83548489351548,0 119.82189173626,-3.83603912912667,0 119.822342323881,-3.83668118710688,0 119.822674324062,-3.83739155902358,0 119.822877648906,-3.83814866072769,0 119.822946120171,-3.8389294881599,0 119.822877657024,-3.83971031630615,0 119.822674339317,-3.84046742006627,0 119.822342344435,-3.84117779513296,0 119.821891759633,-3.84181985697722,0 119.821336275576,-3.84237409670043,0 119.820692770366,-3.84282367382345,0 119.819980796709,-3.84315492799843,0 119.819221987805,-3.84335779409264,0 119.8184394,-3.84342610802959,0 119.817656812195,-3.84335779409264,0 119.816898003291,-3.84315492799843,0 119.816186029634,-3.84282367382345,0 119.815542524424,-3.84237409670043,0 119.814987040367,-3.84181985697722,0 119.814536455565,-3.84117779513296,0 119.814204460683,-3.84046742006627,0 119.814001142976,-3.83971031630615,0 119.813932679829,-3.8389294881599,0 119.814001151093,-3.83814866072769,0 119.814204475938,-3.83739155902358,0 119.814536476119,-3.83668118710688,0 119.81498706374,-3.83603912912667,0 119.815542547797,-3.83548489351548,0 119.816186050188,-3.8350353202565,0 119.816898018546,-3.83470406923151,0 119.817656820312,-3.83450120519332,0 119.8184394,-3.83443289197041,0
</coordinates></LinearRing></outerBoundaryIs></Polygon>
</Placemark>
<Placemark>
<name>Pasar Empagae Sidrap</name>
<description>Sidenreng Rappang - radius 500m</description>
<Polygon><outerBoundaryIs><LinearRing><coordinates>
119.8604352,-3.92325239197041,0 119.861217861948,-3.92332070518503,0 119.861976743483,-3.92352356919937,0 119.862688786703,-3.9238548201878,0 119.86333235678,-3.92430439340195,0 119.863887899293,-3.92485862896541,0 119.864338534364,-3.92550068690079,0 119.864670569544,-3.92621105878093,0 119.864873915868,-3.92696816046118,0 119.864942394432,-3.92774898788511,0 119.864873924175,-3.92852981603965,0 119.864670585155,-3.92928691982363,0 119.864338555397,-3.92999729492687,0 119.863887923211,-3.93063935681596,0 119.863332380698,-3.93119359658689,0 119.862688807736,-3.93164317375475,0 119.861976759094,-3.93197442796629,0 119.861217870254,-3.93217729408435,0 119.8604352,-3.93224560802959,0 119.859652529746,-3.93217729408435,0 119.858893640906,-3.93197442796629,0 119.858181592264,-3.93164317375475,0 119.857538019302,-3.93119359658689,0 119.856982476789,-3.93063935681596,0 119.856531844603,-3.92999729492687,0 119.856199814845,-3.92928691982363,0 119.855996475825,-3.92852981603965,0 119.855928005568,-3.92774898788511,0 119.855996484132,-3.92696816046118,0 119.856199830456,-3.92621105878093,0 119.856531865636,-3.92550068690079,0 119.856982500707,-3.92485862896541,0 119.85753804322,-3.92430439340195,0 119.858181613297,-3.9238548201878,0 119.858893656517,-3.92352356919937,0 119.859652538052,-3.92332070518503,0 119.8604352,-3.92325239197041,0
</coordinates></LinearRing></outerBoundaryIs></Polygon>
</Placemark>
<Placemark>
<name>Pasar Baranti Sidrap</name>
<description>Sidenreng Rappang - radius 500m</description>
<Polygon><outerBoundaryIs><LinearRing><coordinates>
119.7808007,-3.83160919197041,0 119.781583277104,-3.83167750519358,0 119.782342076364,-3.83188036923253,0 119.783054042371,-3.83221162025868,0 119.783697542636,-3.83266119351909,0 119.784253024856,-3.83321542913179,0 119.784703610986,-3.83385748711343,0 119.785035610068,-3.83456785903129,0 119.785238934238,-3.83532496073616,0 119.785307405273,-3.83610578816863,0 119.785238942349,-3.83688661631462,0 119.785035625312,-3.83764372007399,0 119.784703631525,-3.83835409513951,0 119.784253048212,-3.83899615698234,0 119.783697565991,-3.83955039670404,0 119.783054062909,-3.83999997382563,0 119.782342091608,-3.84033122799945,0 119.781583285215,-3.8405340940929,0 119.7808007,-3.84060240802959,0 119.780018114785,-3.8405340940929,0 119.779259308392,-3.84033122799945,0 119.778547337091,-3.83999997382563,0 119.777903834009,-3.83955039670404,0 119.777348351788,-3.83899615698234,0 119.776897768475,-3.83835409513951,0 119.776565774688,-3.83764372007399,0 119.776362457651,-3.83688661631462,0 119.776293994727,-3.83610578816863,0 119.776362465762,-3.83532496073616,0 119.776565789932,-3.83456785903129,0 119.776897789014,-3.83385748711343,0 119.777348375144,-3.83321542913179,0 119.777903857364,-3.83266119351909,0 119.778547357629,-3.83221162025868,0 119.779259323636,-3.83188036923253,0 119.780018122896,-3.83167750519358,0 119.7808007,-3.83160919197041,0
</coordinates></LinearRing></outerBoundaryIs></Polygon>
</Placemark>
<Placemark>
<name>Pasar Manisa Sidrap</name>
<description>Sidenreng Rappang - radius 500m</description>
<Polygon><outerBoundaryIs><LinearRing><coordinates>
119.7868687,-3.85756749197041,0 119.787651300931,-3.85763580519116,0 119.788410123297,-3.85783866922314,0 119.789122110988,-3.85816992023861,0 119.789765630859,-3.85861949348591,0 119.790321130012,-3.85917372908467,0 119.790771729887,-3.8598157870532,0 119.791103739106,-3.86052615896038,0 119.791307069498,-3.86128326065828,0 119.791375542648,-3.86206408808833,0 119.791307077665,-3.86284491623674,0 119.791103754454,-3.86360202000308,0 119.790771750565,-3.86431239507929,0 119.790321153527,-3.86495445693522,0 119.789765654374,-3.86550869667086,0 119.789122131667,-3.86595827380556,0 119.788410138645,-3.86628952799006,0 119.787651309098,-3.86649239409048,0 119.7868687,-3.86656070802959,0 119.786086090902,-3.86649239409048,0 119.785327261355,-3.86628952799006,0 119.784615268333,-3.86595827380556,0 119.783971745626,-3.86550869667086,0 119.783416246473,-3.86495445693522,0 119.782965649435,-3.86431239507929,0 119.782633645546,-3.86360202000308,0 119.782430322335,-3.86284491623674,0 119.782361857352,-3.86206408808833,0 119.782430330502,-3.86128326065828,0 119.782633660894,-3.86052615896038,0 119.782965670113,-3.8598157870532,0 119.783416269988,-3.85917372908467,0 119.783971769141,-3.85861949348591,0 119.784615289012,-3.85816992023861,0 119.785327276703,-3.85783866922314,0 119.786086099069,-3.85763580519116,0 119.7868687,-3.85756749197041,0
</coordinates></LinearRing></outerBoundaryIs></Polygon>
</Placemark>
<Placemark>
<name>Pasar Mingguan Desa Bobo Sigi</name>
<description>Sigi - radius 500m</description>
<Polygon><outerBoundaryIs><LinearRing><coordinates>
119.8710621,-1.08223779197041,0 119.871843067119,-1.08230610544941,0 119.872600305051,-1.08250897022499,0 119.873310805594,-1.08284022237973,0 119.873952980617,-1.08328979702456,0 119.874507317992,-1.08384403411054,0 119.874956974459,-1.0844860934766,0 119.875288287397,-1.08519646652306,0 119.875491189965,-1.08595356896457,0 119.87555951698,-1.08673439665289,0 119.875491192255,-1.08751522454306,0 119.875288291701,-1.08827232756579,0 119.874956980257,-1.08898270150273,0 119.874507324585,-1.08962476196113,0 119.87395298721,-1.09017900020954,0 119.873310811392,-1.09062857594671,0 119.872600309355,-1.09095982899193,0 119.871843069409,-1.09116269434873,0 119.8710621,-1.09123100802959,0 119.870281130591,-1.09116269434873,0 119.869523890645,-1.09095982899193,0 119.868813388608,-1.09062857594671,0 119.86817121279,-1.09017900020954,0 119.867616875415,-1.08962476196113,0 119.867167219743,-1.08898270150273,0 119.866835908299,-1.08827232756579,0 119.866633007745,-1.08751522454306,0 119.86656468302,-1.08673439665289,0 119.866633010035,-1.08595356896457,0 119.866835912602,-1.08519646652306,0 119.867167225541,-1.0844860934766,0 119.867616882008,-1.08384403411054,0 119.868171219383,-1.08328979702456,0 119.868813394406,-1.08284022237973,0 119.869523894949,-1.08250897022499,0 119.870281132881,-1.08230610544941,0 119.8710621,-1.08223779197041,0
</coordinates></LinearRing></outerBoundaryIs></Polygon>
</Placemark>
<Placemark>
<name>Pasar Sidondo I Sigi</name>
<description>Sigi - radius 500m</description>
<Polygon><outerBoundaryIs><LinearRing><coordinates>
119.9095841,-1.08745569197041,0 119.910365068466,-1.08752400544892,0 119.911122307704,-1.08772687022311,0 119.911832809474,-1.08805812237571,0 119.912474985607,-1.08850769701792,0 119.913029323942,-1.0890619341011,0 119.913478981189,-1.08970399346455,0 119.913810294706,-1.09041436650887,0 119.91401319763,-1.09117146894898,0 119.914081524768,-1.09195229663681,0 119.914013199931,-1.09273312452747,0 119.91381029903,-1.0934902275516,0 119.913478987016,-1.09420060149067,0 119.913029330567,-1.0948426619517,0 119.912474992232,-1.0953969002029,0 119.9118328153,-1.09584647594269,0 119.911122312029,-1.09617772899005,0 119.910365070767,-1.09638059434825,0 119.9095841,-1.09644890802959,0 119.908803129233,-1.09638059434825,0 119.908045887971,-1.09617772899005,0 119.9073353847,-1.09584647594269,0 119.906693207768,-1.0953969002029,0 119.906138869433,-1.0948426619517,0 119.905689212984,-1.09420060149067,0 119.90535790097,-1.0934902275516,0 119.905155000069,-1.09273312452747,0 119.905086675232,-1.09195229663681,0 119.90515500237,-1.09117146894898,0 119.905357905294,-1.09041436650887,0 119.905689218811,-1.08970399346455,0 119.906138876058,-1.0890619341011,0 119.906693214393,-1.08850769701792,0 119.907335390526,-1.08805812237571,0 119.908045892296,-1.08772687022311,0 119.908803131534,-1.08752400544892,0 119.9095841,-1.08745569197041,0
</coordinates></LinearRing></outerBoundaryIs></Polygon>
</Placemark>
<Placemark>
<name>Pasar Tangarava Sigi</name>
<description>Sigi - radius 500m</description>
<Polygon><outerBoundaryIs><LinearRing><coordinates>
119.8553033,-0.954396391970406,0 119.856084236145,-0.954464705461284,0 119.85684144403,-0.954667570271063,0 119.857551916359,-0.95499882247819,0 119.858194065848,-0.955448397187281,0 119.858748381141,-0.956002634341643,0 119.859198019649,-0.956644693771971,0 119.859529319302,-0.957355066870817,0 119.859732213669,-0.958112169346523,0 119.859800537827,-0.958892997046714,0 119.85973221569,-0.95967382492501,0 119.859529323099,-0.960430927913549,0 119.859198024765,-0.9611413017981,0 119.858748386958,-0.961783362192238,0 119.858194071665,-0.962337600372266,0 119.857551921475,-0.962787176045168,0 119.856841447828,-0.963118429037999,0 119.856084238165,-0.963321294360611,0 119.8553033,-0.963389608029594,0 119.854522361835,-0.963321294360611,0 119.853765152173,-0.963118429037999,0 119.853054678525,-0.962787176045168,0 119.852412528335,-0.962337600372266,0 119.851858213042,-0.961783362192238,0 119.851408575235,-0.9611413017981,0 119.851077276901,-0.960430927913549,0 119.850874384311,-0.95967382492501,0 119.850806062173,-0.958892997046714,0 119.850874386331,-0.958112169346523,0 119.851077280698,-0.957355066870817,0 119.851408580351,-0.956644693771971,0 119.851858218859,-0.956002634341643,0 119.852412534152,-0.955448397187281,0 119.853054683641,-0.95499882247819,0 119.85376515597,-0.954667570271063,0 119.854522363856,-0.954464705461284,0 119.8553033,-0.954396391970406,0
</coordinates></LinearRing></outerBoundaryIs></Polygon>
</Placemark>
<Placemark>
<name>Pasar Tradisional Dolo Sigi</name>
<description>Sigi - radius 500m</description>
<Polygon><outerBoundaryIs><LinearRing><coordinates>
119.8724717,-0.990865791970406,0 119.873252644584,-0.990934105457896,0 119.874009860656,-0.991136970257921,0 119.874720340673,-0.991468222450104,0 119.87536249712,-0.991917797140863,0 119.875916818431,-0.992472034275717,0 119.876366461834,-0.993114093687713,0 119.876697765109,-0.993824466771615,0 119.876900661712,-0.994581569237567,0 119.87696898665,-0.99536239693437,0 119.876900663809,-0.996143224816053,0 119.87669776905,-0.996900327814346,0 119.876366467144,-0.997610701713842,0 119.87591682447,-0.998252762126312,0 119.875362503159,-0.998807000325848,0 119.874720345984,-0.999256576017081,0 119.874009864598,-0.999587829024857,0 119.873252646681,-0.999790694357223,0 119.8724717,-0.999859008029593,0 119.871690753319,-0.999790694357223,0 119.870933535402,-0.999587829024857,0 119.870223054016,-0.999256576017081,0 119.869580896841,-0.998807000325848,0 119.86902657553,-0.998252762126312,0 119.868576932856,-0.997610701713842,0 119.86824563095,-0.996900327814346,0 119.868042736191,-0.996143224816053,0 119.86797441335,-0.99536239693437,0 119.868042738288,-0.994581569237567,0 119.868245634891,-0.993824466771615,0 119.868576938166,-0.993114093687713,0 119.869026581569,-0.992472034275717,0 119.86958090288,-0.991917797140863,0 119.870223059327,-0.991468222450104,0 119.870933539343,-0.991136970257921,0 119.871690755416,-0.990934105457896,0 119.8724717,-0.990865791970406,0
</coordinates></LinearRing></outerBoundaryIs></Polygon>
</Placemark>
<Placemark>
<name>Pasar Wisolo Sigi</name>
<description>Sigi - radius 500m</description>
<Polygon><outerBoundaryIs><LinearRing><coordinates>
119.8768339,-1.11863159197041,0 119.877614876649,-1.11869990544603,0 119.878372123823,-1.11890277021188,0 119.879082633046,-1.1192340223517,0 119.879724815923,-1.11968359697824,0 119.880279160089,-1.12023783404474,0 119.880728822078,-1.12087989339251,0 119.881060139101,-1.12159026642406,0 119.881263044188,-1.12234736885583,0 119.881331372078,-1.12312819654077,0 119.881263046555,-1.12390902443432,0 119.881060143549,-1.12466612746679,0 119.880728828071,-1.12537650141864,0 119.880279166904,-1.12601856189534,0 119.879724822737,-1.12657280016322,0 119.879082639039,-1.12702237591868,0 119.878372128271,-1.12735362897881,0 119.877614879015,-1.12755649434536,0 119.8768339,-1.12762480802959,0 119.876052920985,-1.12755649434536,0 119.875295671729,-1.12735362897881,0 119.874585160961,-1.12702237591868,0 119.873942977263,-1.12657280016322,0 119.873388633096,-1.12601856189534,0 119.872938971929,-1.12537650141864,0 119.872607656451,-1.12466612746679,0 119.872404753445,-1.12390902443432,0 119.872336427922,-1.12312819654077,0 119.872404755812,-1.12234736885583,0 119.872607660899,-1.12159026642406,0 119.872938977922,-1.12087989339251,0 119.873388639911,-1.12023783404474,0 119.873942984077,-1.11968359697824,0 119.874585166954,-1.1192340223517,0 119.875295676177,-1.11890277021188,0 119.876052923351,-1.11869990544603,0 119.8768339,-1.11863159197041,0
</coordinates></LinearRing></outerBoundaryIs></Polygon>
</Placemark>
<Placemark>
<name>Pasar Ikan Inpres Palu</name>
<description>Sigi - radius 500m</description>
<Polygon><outerBoundaryIs><LinearRing><coordinates>
119.8503353,-0.898991191970405,0 119.851116223929,-0.899059505466429,0 119.851873419965,-0.899262370291027,0 119.852583881165,-0.899593622520856,0 119.853226020581,-0.900043197257797,0 119.853780327161,-0.900597434441796,0 119.854229958582,-0.901239493899973,0 119.85456125299,-0.901949867021522,0 119.854764144117,-0.902706969512047,0 119.854832467142,-0.903487797217384,0 119.85476414602,-0.904268625090534,0 119.854561256568,-0.905025728064254,0 119.854229963402,-0.905736101926102,0 119.853780332643,-0.906378162292391,0 119.853226026062,-0.906932400442782,0 119.852583885985,-0.907381976087834,0 119.851873423542,-0.907713229057963,0 119.851116225832,-0.907916094365756,0 119.8503353,-0.907984408029593,0 119.849554374168,-0.907916094365756,0 119.848797176458,-0.907713229057963,0 119.848086714015,-0.907381976087834,0 119.847444573938,-0.906932400442782,0 119.846890267357,-0.906378162292391,0 119.846440636598,-0.905736101926102,0 119.846109343432,-0.905025728064254,0 119.84590645398,-0.904268625090534,0 119.845838132858,-0.903487797217384,0 119.845906455883,-0.902706969512047,0 119.84610934701,-0.901949867021522,0 119.846440641418,-0.901239493899973,0 119.846890272839,-0.900597434441796,0 119.847444579419,-0.900043197257797,0 119.848086718836,-0.899593622520856,0 119.848797180036,-0.899262370291027,0 119.849554376071,-0.899059505466429,0 119.8503353,-0.898991191970405,0
</coordinates></LinearRing></outerBoundaryIs></Polygon>
</Placemark>
<Placemark>
<name>Pasar Tavanjuka</name>
<description>Sigi - radius 500m</description>
<Polygon><outerBoundaryIs><LinearRing><coordinates>
119.864957,-0.918160191970405,0 119.865737928072,-0.918228505464649,0 119.866495128128,-0.91843137028412,0 119.867205593103,-0.918762622506094,0 119.867847735936,-0.9192121972334,0 119.868402045472,-0.919766434407145,0 119.868851679298,-0.920408493855688,0 119.869182975485,-0.921118866969382,0 119.869385867712,-0.92187596945478,0 119.869454191122,-0.922656797158336,0 119.869385869656,-0.923437625033266,0 119.869182979139,-0.924194728012114,0 119.86885168422,-0.924905101881816,0 119.86840205107,-0.92554716225774,0 119.867847741534,-0.926101400418385,0 119.867205598026,-0.926550976073072,0 119.866495131782,-0.926882229051056,0 119.865737930016,-0.927085094363976,0 119.864957,-0.927153408029593,0 119.864176069984,-0.927085094363976,0 119.863418868218,-0.926882229051056,0 119.862708401974,-0.926550976073072,0 119.862066258466,-0.926101400418385,0 119.86151194893,-0.92554716225774,0 119.86106231578,-0.924905101881816,0 119.860731020861,-0.924194728012114,0 119.860528130344,-0.923437625033266,0 119.860459808878,-0.922656797158336,0 119.860528132288,-0.92187596945478,0 119.860731024515,-0.921118866969382,0 119.861062320702,-0.920408493855688,0 119.861511954528,-0.919766434407146,0 119.862066264064,-0.9192121972334,0 119.862708406897,-0.918762622506094,0 119.863418871872,-0.91843137028412,0 119.864176071928,-0.918228505464649,0 119.864957,-0.918160191970405,0
</coordinates></LinearRing></outerBoundaryIs></Polygon>
</Placemark>
<Placemark>
<name>Pasar Sentral Sinjai 2</name>
<description>Sinjai - radius 500m</description>
<Polygon><outerBoundaryIs><LinearRing><coordinates>
120.2565014,-5.11362069197041,0 120.25728534806,-5.1136890050738,0 120.258045476745,-5.11389186876785,0 120.258758690359,-5.11422311926558,0 120.259403318587,-5.11467269187778,0 120.259959774897,-5.11522692680068,0 120.260411151645,-5.1158689841341,0 120.260743733807,-5.11657935552353,0 120.260947415724,-5.11733645688349,0 120.261016008194,-5.11811728419617,0 120.260947426578,-5.11889811246194,0 120.260743754206,-5.1196552165662,0 120.260411179127,-5.12036559216015,0 120.259959806149,-5.12100765465119,0 120.259403349839,-5.1215618950627,0 120.258758717842,-5.12201147283251,0 120.258045497144,-5.12234272753476,0 120.257285358914,-5.12254559397312,0 120.2565014,-5.12261390802959,0 120.255717441086,-5.12254559397312,0 120.254957302856,-5.12234272753476,0 120.254244082158,-5.12201147283251,0 120.253599450161,-5.1215618950627,0 120.253042993851,-5.12100765465119,0 120.252591620873,-5.12036559216015,0 120.252259045794,-5.1196552165662,0 120.252055373422,-5.11889811246194,0 120.251986791806,-5.11811728419617,0 120.252055384276,-5.11733645688349,0 120.252259066193,-5.11657935552353,0 120.252591648355,-5.1158689841341,0 120.253043025103,-5.11522692680068,0 120.253599481413,-5.11467269187778,0 120.254244109641,-5.11422311926558,0 120.254957323255,-5.11389186876785,0 120.25571745194,-5.1136890050738,0 120.2565014,-5.11362069197041,0
</coordinates></LinearRing></outerBoundaryIs></Polygon>
</Placemark>
<Placemark>
<name>Pasar Sentral Bongki Sinjai</name>
<description>Sinjai - radius 500m</description>
<Polygon><outerBoundaryIs><LinearRing><coordinates>
120.253522,-5.11526899197041,0 120.254305950079,-5.11533730507364,0 120.255066080721,-5.11554016876725,0 120.255779296172,-5.1158714192643,0 120.256423926061,-5.11632099187567,0 120.256980383804,-5.11687522679767,0 120.257431761716,-5.11751728413027,0 120.257764344737,-5.11822765551902,0 120.25796802718,-5.11898475687853,0 120.258036619828,-5.11976558419105,0 120.257968038038,-5.12054641245698,0 120.257764365142,-5.12130351656168,0 120.257431789208,-5.12201389215631,0 120.256980415066,-5.12265595464819,0 120.256423957323,-5.12321019506058,0 120.255779323664,-5.12365977283123,0 120.255066101126,-5.12399102753416,0 120.254305960936,-5.12419389397296,0 120.253522,-5.12426220802959,0 120.252738039064,-5.12419389397296,0 120.251977898874,-5.12399102753416,0 120.251264676336,-5.12365977283123,0 120.250620042677,-5.12321019506058,0 120.250063584934,-5.12265595464819,0 120.249612210792,-5.12201389215631,0 120.249279634858,-5.12130351656168,0 120.249075961962,-5.12054641245698,0 120.249007380172,-5.11976558419105,0 120.24907597282,-5.11898475687853,0 120.249279655263,-5.11822765551902,0 120.249612238284,-5.11751728413027,0 120.250063616196,-5.11687522679767,0 120.250620073939,-5.11632099187567,0 120.251264703828,-5.1158714192643,0 120.251977919279,-5.11554016876725,0 120.252738049921,-5.11533730507364,0 120.253522,-5.11526899197041,0
</coordinates></LinearRing></outerBoundaryIs></Polygon>
</Placemark>
<Placemark>
<name>Pasar Sentral Sinjai</name>
<description>Sinjai - radius 500m</description>
<Polygon><outerBoundaryIs><LinearRing><coordinates>
120.2497728,-5.12292169197041,0 120.250556759459,-5.12299000507293,0 120.251316899197,-5.12319286876447,0 120.252030123184,-5.12352411925836,0 120.25267476079,-5.12397369186585,0 120.253231225198,-5.12452792678373,0 120.253682608518,-5.12516998411245,0 120.254015195527,-5.12588035549804,0 120.254218880417,-5.12663745685549,0 120.254287473895,-5.1274182841673,0 120.254218891291,-5.12819911243394,0 120.254015215963,-5.1289562165407,0 120.253682636051,-5.1296665921385,0 120.253231256507,-5.13030865463424,0 120.2526747921,-5.13086289505077,0 120.252030150718,-5.13131247282529,0 120.251316919633,-5.13164372753138,0 120.250556770333,-5.13184659397225,0 120.2497728,-5.13191490802959,0 120.248988829667,-5.13184659397225,0 120.248228680367,-5.13164372753138,0 120.247515449282,-5.13131247282529,0 120.2468708079,-5.13086289505077,0 120.246314343493,-5.13030865463424,0 120.245862963949,-5.1296665921385,0 120.245530384037,-5.1289562165407,0 120.245326708709,-5.12819911243394,0 120.245258126105,-5.1274182841673,0 120.245326719583,-5.12663745685549,0 120.245530404473,-5.12588035549804,0 120.245862991482,-5.12516998411245,0 120.246314374802,-5.12452792678373,0 120.24687083921,-5.12397369186585,0 120.247515476816,-5.12352411925836,0 120.248228700803,-5.12319286876447,0 120.248988840541,-5.12299000507293,0 120.2497728,-5.12292169197041,0
</coordinates></LinearRing></outerBoundaryIs></Polygon>
</Placemark>
<Placemark>
<name>Pasar Dumme Sinjai</name>
<description>Sinjai - radius 500m</description>
<Polygon><outerBoundaryIs><LinearRing><coordinates>
120.292356,-5.20602479197041,0 120.293140062238,-5.20609310506515,0 120.293900301641,-5.20629596873429,0 120.294613619156,-5.20662721919386,0 120.295258341317,-5.20707679175924,0 120.295814878741,-5.20763102663232,0 120.296266321321,-5.20827308391894,0 120.296598952029,-5.2089834552702,0 120.296802663723,-5.20974055660525,0 120.29687126629,-5.21052138390928,0 120.296802674776,-5.2113022121837,0 120.2965989728,-5.21205931631287,0 120.296266349307,-5.21276969194498,0 120.295814910566,-5.21341175448283,0 120.295258373141,-5.21396599494416,0 120.294613647141,-5.21441557276079,0 120.293900322412,-5.2147468275012,0 120.293140073291,-5.21494969396447,0 120.292356,-5.2150180080296,0 120.291571926709,-5.21494969396447,0 120.290811677588,-5.2147468275012,0 120.290098352859,-5.21441557276079,0 120.289453626859,-5.21396599494416,0 120.288897089435,-5.21341175448283,0 120.288445650693,-5.21276969194498,0 120.2881130272,-5.21205931631287,0 120.287909325225,-5.2113022121837,0 120.28784073371,-5.21052138390928,0 120.287909336277,-5.20974055660525,0 120.288113047971,-5.2089834552702,0 120.288445678679,-5.20827308391894,0 120.288897121259,-5.20763102663232,0 120.289453658683,-5.20707679175924,0 120.290098380844,-5.20662721919386,0 120.290811698359,-5.20629596873429,0 120.291571937762,-5.20609310506515,0 120.292356,-5.20602479197041,0
</coordinates></LinearRing></outerBoundaryIs></Polygon>
</Placemark>
<Placemark>
<name>Pasar Lappae Sinjai</name>
<description>Sinjai - radius 500m</description>
<Polygon><outerBoundaryIs><LinearRing><coordinates>
120.1785579,-5.27942929197041,0 120.179342054417,-5.27949760505827,0 120.180102383204,-5.27970046870762,0 120.180815784601,-5.28003171913686,0 120.181460582597,-5.28048129166506,0 120.182017185507,-5.28103552649855,0 120.182468681233,-5.28167758374796,0 120.18280135113,-5.28238795506891,0 120.183005086864,-5.28314505638416,0 120.183073697581,-5.28392588368131,0 120.183005098074,-5.28470671196261,0 120.182801372199,-5.28546381611157,0 120.182468709618,-5.28617419177401,0 120.182017217785,-5.28681625434906,0 120.181460614876,-5.28737049484997,0 120.180815812987,-5.28782007270379,0 120.180102404273,-5.28815132747453,0 120.179342065627,-5.28835419395759,0 120.1785579,-5.28842250802959,0 120.177773734373,-5.28835419395759,0 120.177013395727,-5.28815132747453,0 120.176299987013,-5.28782007270379,0 120.175655185124,-5.28737049484997,0 120.175098582215,-5.28681625434906,0 120.174647090382,-5.28617419177401,0 120.174314427801,-5.28546381611157,0 120.174110701926,-5.28470671196261,0 120.174042102419,-5.28392588368131,0 120.174110713136,-5.28314505638416,0 120.17431444887,-5.28238795506891,0 120.174647118767,-5.28167758374796,0 120.175098614493,-5.28103552649855,0 120.175655217403,-5.28048129166506,0 120.176300015399,-5.28003171913686,0 120.177013416795,-5.27970046870762,0 120.177773745583,-5.27949760505827,0 120.1785579,-5.27942929197041,0
</coordinates></LinearRing></outerBoundaryIs></Polygon>
</Placemark>
<Placemark>
<name>Pasar Sentral Bulukumba</name>
<description>Sinjai - radius 500m</description>
<Polygon><outerBoundaryIs><LinearRing><coordinates>
120.1936883,-5.53549059197041,0 120.194472786223,-5.53555890503428,0 120.195233436759,-5.53576176861455,0 120.195947140093,-5.53609301893796,0 120.196592211058,-5.53654259133632,0 120.197149049681,-5.53709682603165,0 120.197600736705,-5.53773888315123,0 120.197933547662,-5.53844925436634,0 120.198137369916,-5.53920635561251,0 120.198206009962,-5.53998718288567,0 120.198137381677,-5.54076801119095,0 120.197933569767,-5.54152511540899,0 120.197600766487,-5.54223549117727,0 120.197149083548,-5.54287755388215,0 120.196592244925,-5.54343179452122,0 120.195947169875,-5.54388137250488,0 120.195233458864,-5.54421262738146,0 120.194472797985,-5.5444154939336,0 120.1936883,-5.54448380802959,0 120.192903802015,-5.5444154939336,0 120.192143141136,-5.54421262738146,0 120.191429430125,-5.54388137250488,0 120.190784355075,-5.54343179452122,0 120.190227516452,-5.54287755388215,0 120.189775833513,-5.54223549117727,0 120.189443030233,-5.54152511540899,0 120.189239218323,-5.54076801119095,0 120.189170590038,-5.53998718288567,0 120.189239230084,-5.53920635561251,0 120.189443052338,-5.53844925436634,0 120.189775863295,-5.53773888315123,0 120.190227550319,-5.53709682603165,0 120.190784388942,-5.53654259133632,0 120.191429459907,-5.53609301893796,0 120.192143163241,-5.53576176861455,0 120.192903813777,-5.53555890503428,0 120.1936883,-5.53549059197041,0
</coordinates></LinearRing></outerBoundaryIs></Polygon>
</Placemark>
<Placemark>
<name>Pasar Tradisional Batu Karopa</name>
<description>Sinjai - radius 500m</description>
<Polygon><outerBoundaryIs><LinearRing><coordinates>
120.2071663,-5.43609209197041,0 120.207950655528,-5.4361604050436,0 120.208711179331,-5.43636326865069,0 120.209424763735,-5.43669451901519,0 120.210069727181,-5.43714409146396,0 120.21062647296,-5.43769832621294,0 120.211078084635,-5.43834038338294,0 120.211410840032,-5.43905075463913,0 120.211614628208,-5.43980785591213,0 120.211683256703,-5.4405886831946,0 120.211614639755,-5.44136951149057,0 120.211410861735,-5.44212661568179,0 120.211078113875,-5.44283699140897,0 120.21062650621,-5.44347905406344,0 120.210069760431,-5.44403329464887,0 120.209424792975,-5.44448287258211,0 120.208711201033,-5.4448141274176,0 120.207950667076,-5.44501699394292,0 120.2071663,-5.44508530802959,0 120.206381932924,-5.44501699394292,0 120.205621398967,-5.4448141274176,0 120.204907807025,-5.44448287258211,0 120.204262839569,-5.44403329464887,0 120.20370609379,-5.44347905406344,0 120.203254486125,-5.44283699140897,0 120.202921738265,-5.44212661568179,0 120.202717960245,-5.44136951149057,0 120.202649343297,-5.4405886831946,0 120.202717971792,-5.43980785591213,0 120.202921759968,-5.43905075463913,0 120.203254515365,-5.43834038338294,0 120.20370612704,-5.43769832621294,0 120.204262872819,-5.43714409146396,0 120.204907836264,-5.43669451901519,0 120.205621420669,-5.43636326865069,0 120.206381944472,-5.4361604050436,0 120.2071663,-5.43609209197041,0
</coordinates></LinearRing></outerBoundaryIs></Polygon>
</Placemark>
<Placemark>
<name>Pasar Sentral Takalala Soppeng</name>
<description>Soppeng - radius 500m</description>
<Polygon><outerBoundaryIs><LinearRing><coordinates>
119.9498932,-4.45383759197041,0 119.950676392929,-4.45390590513549,0 119.951435789363,-4.4541087690072,0 119.9521483158,-4.45444001977711,0 119.952792322762,-4.45488959272319,0 119.953348242572,-4.4554438280014,0 119.953799183887,-4.45608588566871,0 119.954131444937,-4.45679625733032,0 119.95433492986,-4.45755335886794,0 119.954403455494,-4.45833418624232,0 119.954334939299,-4.45911501444639,0 119.954131462677,-4.459872118373,0 119.953799207788,-4.46058249369477,0 119.953348269751,-4.46122455585193,0 119.952792349942,-4.46177879590812,0 119.952148339701,-4.46222837334405,0 119.951435807104,-4.46255962777412,0 119.950676402369,-4.46276249403482,0 119.9498932,-4.46283080802959,0 119.949109997631,-4.46276249403482,0 119.948350592896,-4.46255962777412,0 119.947638060299,-4.46222837334405,0 119.946994050058,-4.46177879590812,0 119.946438130249,-4.46122455585193,0 119.945987192212,-4.46058249369477,0 119.945654937323,-4.459872118373,0 119.945451460701,-4.45911501444639,0 119.945382944506,-4.45833418624232,0 119.945451470141,-4.45755335886794,0 119.945654955063,-4.45679625733032,0 119.945987216113,-4.45608588566871,0 119.946438157428,-4.4554438280014,0 119.946994077238,-4.45488959272319,0 119.9476380842,-4.45444001977711,0 119.948350610637,-4.4541087690072,0 119.949110007071,-4.45390590513549,0 119.9498932,-4.45383759197041,0
</coordinates></LinearRing></outerBoundaryIs></Polygon>
</Placemark>
<Placemark>
<name>Pasar Sentral Cabengge Soppeng</name>
<description>Soppeng - radius 500m</description>
<Polygon><outerBoundaryIs><LinearRing><coordinates>
119.9643653,-4.33297509197041,0 119.965148366006,-4.33304340514678,0 119.965907639362,-4.333246269051,0 119.966620050295,-4.33357751987071,0 119.967263952829,-4.33402709287789,0 119.967819782456,-4.33458132822111,0 119.968270650574,-4.33522338594951,0 119.96860285764,-4.33593375766093,0 119.96880630944,-4.33669085923106,0 119.96887482383,-4.33747168661673,0 119.968806318621,-4.33825251480952,0 119.968602874894,-4.33900961870362,0 119.968270673821,-4.33971999397558,0 119.967819808892,-4.34036205607164,0 119.967263979265,-4.34091629606282,0 119.966620073542,-4.34136587343766,0 119.965907656617,-4.34169712781792,0 119.965148375187,-4.34189999404611,0 119.9643653,-4.34196830802959,0 119.963582224813,-4.34189999404611,0 119.962822943383,-4.34169712781792,0 119.962110526458,-4.34136587343766,0 119.961466620735,-4.34091629606282,0 119.960910791108,-4.34036205607164,0 119.960459926179,-4.33971999397558,0 119.960127725106,-4.33900961870362,0 119.959924281379,-4.33825251480952,0 119.95985577617,-4.33747168661673,0 119.95992429056,-4.33669085923106,0 119.96012774236,-4.33593375766093,0 119.960459949426,-4.33522338594951,0 119.960910817544,-4.33458132822111,0 119.961466647171,-4.33402709287789,0 119.962110549705,-4.33357751987071,0 119.962822960638,-4.333246269051,0 119.963582233994,-4.33304340514678,0 119.9643653,-4.33297509197041,0
</coordinates></LinearRing></outerBoundaryIs></Polygon>
</Placemark>
<Placemark>
<name>Pasar Tradisional Jennae Soppeng</name>
<description>Soppeng - radius 500m</description>
<Polygon><outerBoundaryIs><LinearRing><coordinates>
119.9456355,-4.4001361919704,0 119.9464186361,-4.40020450514051,0 119.947177977426,-4.40040736902666,0 119.947890452146,-4.4007386198187,0 119.948534412351,-4.40118819279193,0 119.949090291782,-4.40174242809903,0 119.949541200324,-4.40238448579348,0 119.949873437203,-4.40309485747723,0 119.950076907295,-4.40385195902929,0 119.950145427896,-4.40463278640869,0 119.95007691662,-4.40541361460775,0 119.949873454727,-4.40617071851992,0 119.949541223934,-4.40688109381955,0 119.949090318631,-4.40752315594956,0 119.9485344392,-4.40807739597687,0 119.947890475757,-4.40852697338564,0 119.94717799495,-4.40885822779358,0 119.946418645424,-4.40906109403983,0 119.9456355,-4.40912940802959,0 119.944852354576,-4.40906109403983,0 119.94409300505,-4.40885822779358,0 119.943380524243,-4.40852697338564,0 119.9427365608,-4.40807739597687,0 119.942180681369,-4.40752315594956,0 119.941729776066,-4.40688109381955,0 119.941397545273,-4.40617071851992,0 119.94119408338,-4.40541361460775,0 119.941125572104,-4.40463278640869,0 119.941194092705,-4.40385195902929,0 119.941397562797,-4.40309485747723,0 119.941729799676,-4.40238448579348,0 119.942180708218,-4.40174242809903,0 119.942736587649,-4.40118819279193,0 119.943380547854,-4.4007386198187,0 119.944093022574,-4.40040736902666,0 119.9448523639,-4.40020450514051,0 119.9456355,-4.4001361919704,0
</coordinates></LinearRing></outerBoundaryIs></Polygon>
</Placemark>
<Placemark>
<name>Central Market Soppeng</name>
<description>Soppeng - radius 500m</description>
<Polygon><outerBoundaryIs><LinearRing><coordinates>
119.8854842,-4.3403610919704,0 119.886267273661,-4.34042940514609,0 119.887026554441,-4.34063226904832,0 119.88773897234,-4.34096351986499,0 119.888382881173,-4.34141309286843,0 119.888938716239,-4.34196732820768,0 119.889389588772,-4.34260938593235,0 119.889721799094,-4.34331975764073,0 119.889925252891,-4.34407685920887,0 119.88999376796,-4.34485768659385,0 119.889925262088,-4.34563851478733,0 119.889721816378,-4.34639561868342,0 119.889389612059,-4.34710599395842,0 119.88893874272,-4.34774805605822,0 119.888382907654,-4.34830229605337,0 119.887738995627,-4.34875187343193,0 119.887026571725,-4.34908312781524,0 119.886267282858,-4.34928599404541,0 119.8854842,-4.34935430802959,0 119.884701117142,-4.34928599404541,0 119.883941828275,-4.34908312781524,0 119.883229404373,-4.34875187343193,0 119.882585492346,-4.34830229605337,0 119.88202965728,-4.34774805605822,0 119.881578787941,-4.34710599395842,0 119.881246583622,-4.34639561868342,0 119.881043137912,-4.34563851478733,0 119.88097463204,-4.34485768659385,0 119.881043147109,-4.34407685920887,0 119.881246600906,-4.34331975764073,0 119.881578811228,-4.34260938593235,0 119.882029683761,-4.34196732820768,0 119.882585518827,-4.34141309286843,0 119.88322942766,-4.34096351986499,0 119.883941845559,-4.34063226904832,0 119.884701126338,-4.34042940514609,0 119.8854842,-4.3403610919704,0
</coordinates></LinearRing></outerBoundaryIs></Polygon>
</Placemark>
<Placemark>
<name>Pasar Lamataesso Soppeng</name>
<description>Soppeng - radius 500m</description>
<Polygon><outerBoundaryIs><LinearRing><coordinates>
119.8858229,-4.33993919197041,0 119.886605973224,-4.34000750514613,0 119.887365253579,-4.34021036904847,0 119.88807767108,-4.34054161986532,0 119.888721579552,-4.34099119286897,0 119.889277414308,-4.34154542820845,0 119.889728286588,-4.34218748593333,0 119.890060496724,-4.34289785764189,0 119.890263950407,-4.34365495921014,0 119.890332465437,-4.34443578659516,0 119.890263959603,-4.3452166147886,0 119.890060514006,-4.34597371868457,0 119.889728309873,-4.34668409395941,0 119.889277440786,-4.34732615605899,0 119.888721606031,-4.34788039605391,0 119.888077694364,-4.34832997343226,0 119.887365270861,-4.34866122781539,0 119.88660598242,-4.34886409404546,0 119.8858229,-4.34893240802959,0 119.88503981758,-4.34886409404546,0 119.884280529139,-4.34866122781539,0 119.883568105636,-4.34832997343226,0 119.882924193969,-4.34788039605391,0 119.882368359214,-4.34732615605899,0 119.881917490127,-4.34668409395941,0 119.881585285994,-4.34597371868457,0 119.881381840397,-4.3452166147886,0 119.881313334563,-4.34443578659516,0 119.881381849593,-4.34365495921014,0 119.881585303276,-4.34289785764189,0 119.881917513412,-4.34218748593333,0 119.882368385692,-4.34154542820845,0 119.882924220448,-4.34099119286897,0 119.88356812892,-4.34054161986532,0 119.884280546421,-4.34021036904847,0 119.885039826776,-4.34000750514613,0 119.8858229,-4.33993919197041,0
</coordinates></LinearRing></outerBoundaryIs></Polygon>
</Placemark>
<Placemark>
<name>Pasar Sentral Takalar</name>
<description>Takalar - radius 500m</description>
<Polygon><outerBoundaryIs><LinearRing><coordinates>
119.4422828,-5.41376079197041,0 119.443067126496,-5.41382910504569,0 119.443827622147,-5.41403196865881,0 119.444541180133,-5.41436321903254,0 119.445186119695,-5.41481279149263,0 119.445742844851,-5.41536702625366,0 119.446194439788,-5.41600908343498,0 119.446527182843,-5.41671945470041,0 119.446730963448,-5.41747655597943,0 119.446799589377,-5.418257383264,0 119.446730974948,-5.41903821155787,0 119.446527204455,-5.41979531574307,0 119.446194468905,-5.42050569146102,0 119.445742877962,-5.42114775410416,0 119.445186152807,-5.42170199467754,0 119.444541209251,-5.42215157259946,0 119.443827643759,-5.42248282742572,0 119.443067137996,-5.42268569394501,0 119.4422828,-5.4227540080296,0 119.441498462004,-5.42268569394501,0 119.440737956241,-5.42248282742572,0 119.440024390749,-5.42215157259946,0 119.439379447193,-5.42170199467754,0 119.438822722038,-5.42114775410416,0 119.438371131095,-5.42050569146102,0 119.438038395545,-5.41979531574307,0 119.437834625052,-5.41903821155787,0 119.437766010623,-5.418257383264,0 119.437834636552,-5.41747655597943,0 119.438038417157,-5.41671945470041,0 119.438371160212,-5.41600908343498,0 119.438822755149,-5.41536702625366,0 119.439379480305,-5.41481279149263,0 119.440024419867,-5.41436321903254,0 119.440737977853,-5.41403196865881,0 119.441498473504,-5.41382910504569,0 119.4422828,-5.41376079197041,0
</coordinates></LinearRing></outerBoundaryIs></Polygon>
</Placemark>
<Placemark>
<name>Pasar Pattallassang Takalar</name>
<description>Takalar - radius 500m</description>
<Polygon><outerBoundaryIs><LinearRing><coordinates>
119.4299262,-5.43646689197041,0 119.430710556016,-5.43653520504356,0 119.431471080293,-5.43673806865055,0 119.432184665142,-5.4370693190149,0 119.432829628989,-5.43751889146348,0 119.433386375115,-5.43807312621225,0 119.433837987071,-5.43871518338206,0 119.434170742676,-5.4394255546381,0 119.434374530979,-5.440182655911,0 119.434443159518,-5.44096348319344,0 119.434374542527,-5.44174431148944,0 119.43417076438,-5.44250141568076,0 119.433838016313,-5.4432117914081,0 119.433386408367,-5.44385385406276,0 119.432829662241,-5.44440809464839,0 119.432184694383,-5.44485767258182,0 119.431471101996,-5.44518892741746,0 119.430710567565,-5.44539179394288,0 119.4299262,-5.44546010802959,0 119.429141832435,-5.44539179394288,0 119.428381298004,-5.44518892741746,0 119.427667705617,-5.44485767258182,0 119.427022737759,-5.44440809464839,0 119.426465991633,-5.44385385406276,0 119.426014383687,-5.4432117914081,0 119.42568163562,-5.44250141568076,0 119.425477857473,-5.44174431148944,0 119.425409240482,-5.44096348319344,0 119.425477869021,-5.440182655911,0 119.425681657324,-5.4394255546381,0 119.426014412929,-5.43871518338206,0 119.426466024885,-5.43807312621225,0 119.427022771011,-5.43751889146348,0 119.427667734858,-5.4370693190149,0 119.428381319707,-5.43673806865055,0 119.429141843984,-5.43653520504356,0 119.4299262,-5.43646689197041,0
</coordinates></LinearRing></outerBoundaryIs></Polygon>
</Placemark>
<Placemark>
<name>Pasar Kalongkong Takalar</name>
<description>Takalar - radius 500m</description>
<Polygon><outerBoundaryIs><LinearRing><coordinates>
119.3757568,-5.28716309197041,0 119.376540964205,-5.28723140505755,0 119.377301302484,-5.28743426870481,0 119.378014712788,-5.28776551913086,0 119.378659518836,-5.28821509165513,0 119.379216128699,-5.28876932648445,0 119.379667630068,-5.28941138372995,0 119.380000304128,-5.2901217550477,0 119.380204042413,-5.29087885636086,0 119.380272653996,-5.29165968365729,0 119.38020405364,-5.29244051193931,0 119.380000325227,-5.29319761609036,0 119.379667658496,-5.29390799175599,0 119.379216161026,-5.29455005433496,0 119.378659551163,-5.29510429484004,0 119.378014741215,-5.29555387269779,0 119.377301323584,-5.29588512747172,0 119.376540975432,-5.29608799395687,0 119.3757568,-5.29615630802959,0 119.374972624568,-5.29608799395687,0 119.374212276416,-5.29588512747172,0 119.373498858785,-5.29555387269779,0 119.372854048837,-5.29510429484004,0 119.372297438974,-5.29455005433496,0 119.371845941504,-5.29390799175599,0 119.371513274773,-5.29319761609036,0 119.37130954636,-5.29244051193931,0 119.371240946004,-5.29165968365729,0 119.371309557587,-5.29087885636086,0 119.371513295872,-5.2901217550477,0 119.371845969932,-5.28941138372995,0 119.372297471301,-5.28876932648445,0 119.372854081164,-5.28821509165513,0 119.373498887212,-5.28776551913086,0 119.374212297516,-5.28743426870481,0 119.374972635795,-5.28723140505755,0 119.3757568,-5.28716309197041,0
</coordinates></LinearRing></outerBoundaryIs></Polygon>
</Placemark>
<Placemark>
<name>Pasar Tradisional Aeng Toa Takalar</name>
<description>Takalar - radius 500m</description>
<Polygon><outerBoundaryIs><LinearRing><coordinates>
119.3887021,-5.21439399197041,0 119.389486172682,-5.21446230506436,0 119.390246422211,-5.21466516873125,0 119.39095974923,-5.21499641918736,0 119.391604479983,-5.21544599174851,0 119.392161024827,-5.21600022661707,0 119.392612473428,-5.21664228389944,0 119.392945108576,-5.21735265524726,0 119.393148822994,-5.21810975658004,0 119.393217426484,-5.21889058388329,0 119.393148834064,-5.21967141215849,0 119.392945129381,-5.22042851628992,0 119.392612501459,-5.22113889192549,0 119.392161056703,-5.22178095446758,0 119.391604511859,-5.22233519493342,0 119.390959777261,-5.22278477275429,0 119.390246443017,-5.22311602749816,0 119.389486183752,-5.22331889396368,0 119.3887021,-5.22338720802959,0 119.387918016248,-5.22331889396368,0 119.387157756983,-5.22311602749816,0 119.386444422739,-5.22278477275429,0 119.385799688141,-5.22233519493342,0 119.385243143297,-5.22178095446758,0 119.384791698541,-5.22113889192549,0 119.384459070619,-5.22042851628992,0 119.384255365936,-5.21967141215849,0 119.384186773516,-5.21889058388329,0 119.384255377006,-5.21810975658004,0 119.384459091424,-5.21735265524726,0 119.384791726572,-5.21664228389944,0 119.385243175173,-5.21600022661707,0 119.385799720017,-5.21544599174851,0 119.38644445077,-5.21499641918736,0 119.387157777789,-5.21466516873125,0 119.387918027318,-5.21446230506436,0 119.3887021,-5.21439399197041,0
</coordinates></LinearRing></outerBoundaryIs></Polygon>
</Placemark>
<Placemark>
<name>Pasar Tala-Tala Takalar</name>
<description>Takalar - radius 500m</description>
<Polygon><outerBoundaryIs><LinearRing><coordinates>
119.372573,-5.33974839197041,0 119.373357231143,-5.33981670505262,0 119.374117634332,-5.3400195686857,0 119.374831105549,-5.34035081909002,0 119.375475966666,-5.34080039158764,0 119.376032624083,-5.3413546263886,0 119.376484164045,-5.34199668360744,0 119.376816866563,-5.34270705490346,0 119.377020622304,-5.34346415620244,0 119.377089239804,-5.34424498349395,0 119.377020633644,-5.34502581178089,0 119.376816887875,-5.34578291594612,0 119.376484192759,-5.34649329163348,0 119.376032656735,-5.3471353542391,0 119.375475999318,-5.34768959477255,0 119.374831134263,-5.34813917265695,0 119.374117655644,-5.34847042745262,0 119.373357242484,-5.34867329395194,0 119.372573,-5.34874160802959,0 119.371788757516,-5.34867329395194,0 119.371028344356,-5.34847042745262,0 119.370314865737,-5.34813917265695,0 119.369670000682,-5.34768959477255,0 119.369113343265,-5.3471353542391,0 119.368661807241,-5.34649329163348,0 119.368329112125,-5.34578291594612,0 119.368125366356,-5.34502581178089,0 119.368056760196,-5.34424498349395,0 119.368125377696,-5.34346415620244,0 119.368329133437,-5.34270705490346,0 119.368661835955,-5.34199668360744,0 119.369113375917,-5.3413546263886,0 119.369670033334,-5.34080039158764,0 119.370314894451,-5.34035081909002,0 119.371028365668,-5.3400195686857,0 119.371788768857,-5.33981670505262,0 119.372573,-5.33974839197041,0
</coordinates></LinearRing></outerBoundaryIs></Polygon>
</Placemark>
<Placemark>
<name>Pasar Sentral Makale</name>
<description>Tana Toraja - radius 500m</description>
<Polygon><outerBoundaryIs><LinearRing><coordinates>
119.8557581,-3.10108469197041,0 119.856540072925,-3.10115300526167,0 119.857298286293,-3.10135586949667,0 119.858009702436,-3.10168712082318,0 119.858652705527,-3.10213669445205,0 119.859207758345,-3.10269093045685,0 119.859657995892,-3.10333298880695,0 119.859989737825,-3.10404336102518,0 119.86019290414,-3.1048004629261,0 119.860261321471,-3.10558129042666,0 119.860192910698,-3.10636211850457,0 119.85998975015,-3.10711922206789,0 119.859658012498,-3.10782959683305,0 119.859207777229,-3.10847165830742,0 119.858652724411,-3.10902589763701,0 119.858009719042,-3.10947547439015,0 119.857298298618,-3.1098067282636,0 119.856540079483,-3.11000959416099,0 119.8557581,-3.11007790802959,0 119.854976120517,-3.11000959416099,0 119.854217901381,-3.1098067282636,0 119.853506480958,-3.10947547439015,0 119.852863475589,-3.10902589763701,0 119.852308422771,-3.10847165830742,0 119.851858187502,-3.10782959683305,0 119.85152644985,-3.10711922206789,0 119.851323289302,-3.10636211850457,0 119.851254878529,-3.10558129042666,0 119.85132329586,-3.1048004629261,0 119.851526462175,-3.10404336102518,0 119.851858204108,-3.10333298880695,0 119.852308441655,-3.10269093045685,0 119.852863494473,-3.10213669445205,0 119.853506497564,-3.10168712082318,0 119.854217913707,-3.10135586949667,0 119.854976127075,-3.10115300526167,0 119.8557581,-3.10108469197041,0
</coordinates></LinearRing></outerBoundaryIs></Polygon>
</Placemark>
<Placemark>
<name>Pasar Tradisional Rantelemo</name>
<description>Tana Toraja - radius 500m</description>
<Polygon><outerBoundaryIs><LinearRing><coordinates>
119.8707892,-3.02829119197041,0 119.871571119734,-3.02835950526845,0 119.872329281521,-3.02856236952297,0 119.873040649253,-3.02889362087939,0 119.87368360857,-3.02934319454494,0 119.874238623578,-3.02989743058878,0 119.874688830428,-3.03053948897556,0 119.875020549712,-3.0312498612237,0 119.87522370212,-3.03200696314414,0 119.875292114714,-3.03278779065148,0 119.875223708524,-3.03356861872261,0 119.875020561747,-3.03432572226641,0 119.874688846643,-3.03503609700166,0 119.874238642017,-3.03567815843935,0 119.873683627009,-3.0362323977299,0 119.873040665468,-3.03668197444635,0 119.872329293556,-3.0370132282899,0 119.871571126138,-3.03721609416777,0 119.8707892,-3.03728440802959,0 119.870007273862,-3.03721609416777,0 119.869249106444,-3.0370132282899,0 119.868537734532,-3.03668197444635,0 119.867894772991,-3.0362323977299,0 119.867339757983,-3.03567815843935,0 119.866889553357,-3.03503609700166,0 119.866557838253,-3.03432572226641,0 119.866354691476,-3.03356861872261,0 119.866286285286,-3.03278779065148,0 119.86635469788,-3.03200696314414,0 119.866557850288,-3.0312498612237,0 119.866889569572,-3.03053948897556,0 119.867339776422,-3.02989743058878,0 119.86789479143,-3.02934319454494,0 119.868537750747,-3.02889362087939,0 119.869249118479,-3.02856236952297,0 119.870007280266,-3.02835950526845,0 119.8707892,-3.02829119197041,0
</coordinates></LinearRing></outerBoundaryIs></Polygon>
</Placemark>
<Placemark>
<name>Pasar Rantetayo</name>
<description>Tana Toraja - radius 500m</description>
<Polygon><outerBoundaryIs><LinearRing><coordinates>
119.8162146,-3.03642229197041,0 119.816996525612,-3.03649060526769,0 119.8177546931,-3.03669346952003,0 119.818466066183,-3.03702472087311,0 119.819109030337,-3.03747429453456,0 119.819664049524,-3.03802853057405,0 119.820114259767,-3.03867058895673,0 119.820445981554,-3.03938096120152,0 119.820649135499,-3.04013806311978,0 119.820717548616,-3.04091889062637,0 119.82064914192,-3.04169971869826,0 119.820445993621,-3.04245682224423,0 119.820114276025,-3.04316719698283,0 119.819664068013,-3.04380925842461,0 119.819109048826,-3.04436349771952,0 119.818466082441,-3.04481307444007,0 119.817754705168,-3.04514432828696,0 119.816996532033,-3.04534719416701,0 119.8162146,-3.04541550802959,0 119.815432667967,-3.04534719416701,0 119.814674494832,-3.04514432828696,0 119.813963117559,-3.04481307444007,0 119.813320151175,-3.04436349771952,0 119.812765131988,-3.04380925842461,0 119.812314923975,-3.04316719698283,0 119.811983206379,-3.04245682224423,0 119.81178005808,-3.04169971869826,0 119.811711651384,-3.04091889062637,0 119.811780064501,-3.04013806311978,0 119.811983218446,-3.03938096120152,0 119.812314940233,-3.03867058895673,0 119.812765150476,-3.03802853057405,0 119.813320169663,-3.03747429453456,0 119.813963133818,-3.03702472087311,0 119.8146745069,-3.03669346952003,0 119.815432674388,-3.03649060526769,0 119.8162146,-3.03642229197041,0
</coordinates></LinearRing></outerBoundaryIs></Polygon>
</Placemark>
<Placemark>
<name>Pasar Dondo Tojo Una-Una</name>
<description>Tojo Una-Una - radius 500m</description>
<Polygon><outerBoundaryIs><LinearRing><coordinates>
121.6011208,-0.862160091970406,0 121.601901716212,-0.862228405469851,0 121.602658904763,-0.862431270304299,0 121.603369358933,-0.86276252254922,0 121.604011491985,-0.863212097304674,0 121.604565793062,-0.863766334508374,0 121.605015420004,-0.864408393985063,0 121.605346711096,-0.865118767121704,0 121.605549600174,-0.865875869622079,0 121.605617922482,-0.866656697330837,0 121.605549602,-0.867437525200566,0 121.605346714528,-0.868194628164436,0 121.605015424627,-0.868905002011193,0 121.604565798319,-0.869547062358969,0 121.604011497243,-0.870101300489659,0 121.603369363556,-0.870550876116198,0 121.602658908195,-0.870882129071235,0 121.601901718038,-0.871084994369179,0 121.6011208,-0.871153308029594,0 121.600339881962,-0.871084994369179,0 121.599582691805,-0.870882129071235,0 121.598872236444,-0.870550876116198,0 121.598230102757,-0.870101300489659,0 121.597675801681,-0.869547062358969,0 121.597226175373,-0.868905002011193,0 121.596894885472,-0.868194628164436,0 121.596691998,-0.867437525200566,0 121.596623677518,-0.866656697330837,0 121.596691999826,-0.865875869622079,0 121.596894888904,-0.865118767121704,0 121.597226179996,-0.864408393985063,0 121.597675806938,-0.863766334508374,0 121.598230108015,-0.863212097304674,0 121.598872241067,-0.86276252254922,0 121.599582695237,-0.862431270304299,0 121.600339883788,-0.862228405469851,0 121.6011208,-0.862160091970406,0
</coordinates></LinearRing></outerBoundaryIs></Polygon>
</Placemark>
<Placemark>
<name>Pasar Rakyat Ampana</name>
<description>Tojo Una-Una - radius 500m</description>
<Polygon><outerBoundaryIs><LinearRing><coordinates>
121.5742537,-0.896586191970406,0 121.575034623415,-0.896654505466654,0 121.575791818952,-0.896857370291894,0 121.576502279684,-0.897188622522709,0 121.577144418677,-0.897638197260859,0 121.577698724891,-0.898192434446145,0 121.578148356014,-0.898834493905531,0 121.578479650201,-0.899544867028065,0 121.578682541192,-0.900301969519233,0 121.578750864169,-0.901082797224794,0 121.57868254309,-0.90186362509772,0 121.578479653769,-0.902620728070797,0 121.578148360821,-0.90333110193166,0 121.577698730358,-0.903973162296739,0 121.577144424144,-0.904527400445844,0 121.576502284492,-0.904976976089688,0 121.575791822521,-0.905308229058831,0 121.575034625314,-0.905511094365981,0 121.5742537,-0.905579408029594,0 121.573472774686,-0.905511094365981,0 121.572715577479,-0.905308229058831,0 121.572005115508,-0.904976976089688,0 121.571362975856,-0.904527400445844,0 121.570808669642,-0.903973162296739,0 121.570359039179,-0.90333110193166,0 121.570027746231,-0.902620728070797,0 121.56982485691,-0.90186362509772,0 121.569756535831,-0.901082797224794,0 121.569824858808,-0.900301969519233,0 121.570027749799,-0.899544867028065,0 121.570359043986,-0.898834493905531,0 121.570808675109,-0.898192434446145,0 121.571362981323,-0.897638197260859,0 121.572005120316,-0.897188622522709,0 121.572715581048,-0.896857370291894,0 121.573472776585,-0.896654505466654,0 121.5742537,-0.896586191970406,0
</coordinates></LinearRing></outerBoundaryIs></Polygon>
</Placemark>
<Placemark>
<name>Pasar Bumi Harapan Tolitoli</name>
<description>Toli Toli - radius 500m</description>
<Polygon><outerBoundaryIs><LinearRing><coordinates>
120.8147376,1.03976220802959,0 120.815518556362,1.03969389435352,0 120.816275783662,1.03949102901048,0 120.816986273845,1.03915977598635,0 120.81762843896,1.03871020027506,0 120.818182767113,1.03815596205418,0 120.818632415323,1.03751390162165,0 120.818963721291,1.0368035277058,0 120.819166618517,1.03604642469684,0 120.819234942159,1.03526559681145,0 120.819166616335,1.03448476911835,0 120.818963717191,1.03372766666307,0 120.818632409799,1.03301729359552,0 120.818182760832,1.03237523420358,0 120.817628432679,1.03182099709007,0 120.816986268321,1.03137142241937,0 120.816275779563,1.03104017024354,0 120.815518554181,1.03083730545419,0 120.8147376,1.03076899197041,0 120.813956645819,1.03083730545419,0 120.813199420437,1.03104017024354,0 120.812488931679,1.03137142241937,0 120.811846767321,1.03182099709007,0 120.811292439168,1.03237523420358,0 120.810842790201,1.03301729359552,0 120.810511482809,1.03372766666307,0 120.810308583665,1.03448476911835,0 120.810240257841,1.03526559681145,0 120.810308581483,1.03604642469684,0 120.810511478709,1.0368035277058,0 120.810842784677,1.03751390162165,0 120.811292432887,1.03815596205418,0 120.81184676104,1.03871020027506,0 120.812488926155,1.03915977598635,0 120.813199416338,1.03949102901048,0 120.813956643638,1.03969389435352,0 120.8147376,1.03976220802959,0
</coordinates></LinearRing></outerBoundaryIs></Polygon>
</Placemark>
<Placemark>
<name>Pasar Tradisional Susumbolan Tolitoli</name>
<description>Toli Toli - radius 500m</description>
<Polygon><outerBoundaryIs><LinearRing><coordinates>
120.80921,1.04661000802959,0 120.809990958062,1.04654169435288,0 120.810748187009,1.04633882900801,0 120.811458678736,1.04600757598108,0 120.812100845245,1.04555800026634,0 120.812655174599,1.0450037620418,0 120.813104823781,1.04436170160583,0 120.813436130462,1.04365132768717,0 120.813639028121,1.04289422467637,0 120.813707351904,1.04211339679035,0 120.813639025925,1.04133256909789,0 120.813436126335,1.04057546664444,0 120.81310481822,1.0398650935797,0 120.812655168276,1.0392230341912,0 120.812100838922,1.03866879708136,0 120.811458673175,1.0382192224141,0 120.810748182882,1.03788797024107,0 120.809990955866,1.03768510545355,0 120.80921,1.03761679197041,0 120.808429044134,1.03768510545355,0 120.807671817118,1.03788797024107,0 120.806961326825,1.0382192224141,0 120.806319161078,1.03866879708136,0 120.805764831724,1.0392230341912,0 120.805315181779,1.0398650935797,0 120.804983873665,1.04057546664444,0 120.804780974075,1.04133256909789,0 120.804712648096,1.04211339679035,0 120.804780971879,1.04289422467637,0 120.804983869538,1.04365132768717,0 120.805315176219,1.04436170160583,0 120.805764825401,1.0450037620418,0 120.806319154755,1.04555800026634,0 120.806961321264,1.04600757598108,0 120.807671812991,1.04633882900801,0 120.808429041938,1.04654169435288,0 120.80921,1.04661000802959,0
</coordinates></LinearRing></outerBoundaryIs></Polygon>
</Placemark>
<Placemark>
<name>Pasar Bumi Harapan Tolitoli</name>
<description>Tolitoli - radius 500m</description>
<Polygon><outerBoundaryIs><LinearRing><coordinates>
120.8147376,1.03976220802959,0 120.815518556362,1.03969389435352,0 120.816275783662,1.03949102901048,0 120.816986273845,1.03915977598635,0 120.81762843896,1.03871020027506,0 120.818182767113,1.03815596205418,0 120.818632415323,1.03751390162165,0 120.818963721291,1.0368035277058,0 120.819166618517,1.03604642469684,0 120.819234942159,1.03526559681145,0 120.819166616335,1.03448476911835,0 120.818963717191,1.03372766666307,0 120.818632409799,1.03301729359552,0 120.818182760832,1.03237523420358,0 120.817628432679,1.03182099709007,0 120.816986268321,1.03137142241937,0 120.816275779563,1.03104017024354,0 120.815518554181,1.03083730545419,0 120.8147376,1.03076899197041,0 120.813956645819,1.03083730545419,0 120.813199420437,1.03104017024354,0 120.812488931679,1.03137142241937,0 120.811846767321,1.03182099709007,0 120.811292439168,1.03237523420358,0 120.810842790201,1.03301729359552,0 120.810511482809,1.03372766666307,0 120.810308583665,1.03448476911835,0 120.810240257841,1.03526559681145,0 120.810308581483,1.03604642469684,0 120.810511478709,1.0368035277058,0 120.810842784677,1.03751390162165,0 120.811292432887,1.03815596205418,0 120.81184676104,1.03871020027506,0 120.812488926155,1.03915977598635,0 120.813199416338,1.03949102901048,0 120.813956643638,1.03969389435352,0 120.8147376,1.03976220802959,0
</coordinates></LinearRing></outerBoundaryIs></Polygon>
</Placemark>
<Placemark>
<name>Pasar Tradisional Susumbolan Tolitoli</name>
<description>Tolitoli - radius 500m</description>
<Polygon><outerBoundaryIs><LinearRing><coordinates>
120.80921,1.04661000802959,0 120.809990958062,1.04654169435288,0 120.810748187009,1.04633882900801,0 120.811458678736,1.04600757598108,0 120.812100845245,1.04555800026634,0 120.812655174599,1.0450037620418,0 120.813104823781,1.04436170160583,0 120.813436130462,1.04365132768717,0 120.813639028121,1.04289422467637,0 120.813707351904,1.04211339679035,0 120.813639025925,1.04133256909789,0 120.813436126335,1.04057546664444,0 120.81310481822,1.0398650935797,0 120.812655168276,1.0392230341912,0 120.812100838922,1.03866879708136,0 120.811458673175,1.0382192224141,0 120.810748182882,1.03788797024107,0 120.809990955866,1.03768510545355,0 120.80921,1.03761679197041,0 120.808429044134,1.03768510545355,0 120.807671817118,1.03788797024107,0 120.806961326825,1.0382192224141,0 120.806319161078,1.03866879708136,0 120.805764831724,1.0392230341912,0 120.805315181779,1.0398650935797,0 120.804983873665,1.04057546664444,0 120.804780974075,1.04133256909789,0 120.804712648096,1.04211339679035,0 120.804780971879,1.04289422467637,0 120.804983869538,1.04365132768717,0 120.805315176219,1.04436170160583,0 120.805764825401,1.0450037620418,0 120.806319154755,1.04555800026634,0 120.806961321264,1.04600757598108,0 120.807671812991,1.04633882900801,0 120.808429041938,1.04654169435288,0 120.80921,1.04661000802959,0
</coordinates></LinearRing></outerBoundaryIs></Polygon>
</Placemark>
<Placemark>
<name>Pasar Pagi Rantepao</name>
<description>Toraja Utara - radius 500m</description>
<Polygon><outerBoundaryIs><LinearRing><coordinates>
119.9019577,-2.96226799197041,0 119.902739572588,-2.96233630527459,0 119.903497688656,-2.96253916954682,0 119.904209013478,-2.96287042093036,0 119.904851933994,-2.96331999462918,0 119.905406915488,-2.96387423070842,0 119.905857095128,-2.96451628912847,0 119.906188794336,-2.96522666140373,0 119.906391934415,-2.96598376334187,0 119.906460342809,-2.96676459085537,0 119.906391940679,-2.96754541892035,0 119.906188806108,-2.96830252244644,0 119.905857110989,-2.96901289715458,0 119.905406933524,-2.96965495855899,0 119.90485195203,-2.97020919781414,0 119.904209029338,-2.97065877449732,0 119.903497700428,-2.97099002831375,0 119.902739578852,-2.97119289417392,0 119.9019577,-2.97126120802959,0 119.901175821148,-2.97119289417392,0 119.900417699573,-2.97099002831375,0 119.899706370662,-2.97065877449732,0 119.89906344797,-2.97020919781414,0 119.898508466476,-2.96965495855899,0 119.898058289011,-2.96901289715458,0 119.897726593892,-2.96830252244644,0 119.897523459321,-2.96754541892035,0 119.897455057191,-2.96676459085537,0 119.897523465585,-2.96598376334187,0 119.897726605664,-2.96522666140373,0 119.898058304872,-2.96451628912847,0 119.898508484512,-2.96387423070842,0 119.899063466006,-2.96331999462918,0 119.899706386522,-2.96287042093036,0 119.900417711344,-2.96253916954682,0 119.901175827412,-2.96233630527459,0 119.9019577,-2.96226799197041,0
</coordinates></LinearRing></outerBoundaryIs></Polygon>
</Placemark>
<Placemark>
<name>Pasar Rakyat Bolu</name>
<description>Toraja Utara - radius 500m</description>
<Polygon><outerBoundaryIs><LinearRing><coordinates>
119.9135181,-2.95486739197041,0 119.914299967369,-2.95493570527528,0 119.915058078374,-2.95513856954949,0 119.915769398446,-2.95546982093607,0 119.916412314666,-2.95591939463862,0 119.91696729245,-2.95647363072183,0 119.917417469078,-2.95711568914561,0 119.917749166063,-2.95782606142391,0 119.917952304777,-2.95858316336404,0 119.918020712705,-2.95936399087822,0 119.917952311025,-2.96014481894251,0 119.917749177806,-2.96090192246662,0 119.917417484898,-2.96161229717172,0 119.91696731044,-2.9622543585724,0 119.916412332657,-2.96280859782358,0 119.915769414266,-2.96325817450304,0 119.915058090117,-2.96358942831642,0 119.914299973617,-2.96379229417461,0 119.9135181,-2.96386060802959,0 119.912736226383,-2.96379229417461,0 119.911978109883,-2.96358942831642,0 119.911266785734,-2.96325817450304,0 119.910623867343,-2.96280859782358,0 119.91006888956,-2.9622543585724,0 119.909618715102,-2.96161229717172,0 119.909287022194,-2.96090192246662,0 119.909083888975,-2.96014481894251,0 119.909015487295,-2.95936399087822,0 119.909083895223,-2.95858316336404,0 119.909287033937,-2.95782606142391,0 119.909618730922,-2.95711568914561,0 119.91006890755,-2.95647363072183,0 119.910623885334,-2.95591939463862,0 119.911266801554,-2.95546982093607,0 119.911978121626,-2.95513856954949,0 119.912736232631,-2.95493570527528,0 119.9135181,-2.95486739197041,0
</coordinates></LinearRing></outerBoundaryIs></Polygon>
</Placemark>
<Placemark>
<name>Pasa Tedong (Pasar Kerbau)</name>
<description>Toraja Utara - radius 500m</description>
<Polygon><outerBoundaryIs><LinearRing><coordinates>
119.9118437,-2.95656629197041,0 119.912625568566,-2.95663460527512,0 119.913383680732,-2.95683746954888,0 119.914095001893,-2.95716872093476,0 119.914737919099,-2.95761829463645,0 119.915292897734,-2.95817253071876,0 119.915743075052,-2.95881458914168,0 119.916074772547,-2.95952496141928,0 119.916277911574,-2.96028206335895,0 119.916346319609,-2.96106289087297,0 119.916277917826,-2.96184371893742,0 119.916074784297,-2.96260082246199,0 119.915743090882,-2.96331119716778,0 119.915292915734,-2.96395325856933,0 119.9147379371,-2.96450749782141,0 119.914095017723,-2.96495707450173,0 119.913383692481,-2.96528832831581,0 119.912625574817,-2.96549119417445,0 119.9118437,-2.96555950802959,0 119.911061825183,-2.96549119417445,0 119.910303707519,-2.96528832831581,0 119.909592382277,-2.96495707450173,0 119.9089494629,-2.96450749782141,0 119.908394484266,-2.96395325856933,0 119.907944309118,-2.96331119716778,0 119.907612615703,-2.96260082246199,0 119.907409482174,-2.96184371893743,0 119.907341080391,-2.96106289087297,0 119.907409488426,-2.96028206335895,0 119.907612627453,-2.95952496141928,0 119.907944324948,-2.95881458914168,0 119.908394502266,-2.95817253071876,0 119.908949480901,-2.95761829463645,0 119.909592398107,-2.95716872093476,0 119.910303719268,-2.95683746954888,0 119.911061831434,-2.95663460527512,0 119.9118437,-2.95656629197041,0
</coordinates></LinearRing></outerBoundaryIs></Polygon>
</Placemark>
<Placemark>
<name>Pasar Tradisional Pangli Toraja Utara</name>
<description>Toraja Utara - radius 500m</description>
<Polygon><outerBoundaryIs><LinearRing><coordinates>
119.9411526,-2.92112139197041,0 119.941934443734,-2.92118970527842,0 119.94269253182,-2.92139256956168,0 119.943403830381,-2.92172382096212,0 119.94404672715,-2.92217339468167,0 119.944601688133,-2.92272763078298,0 119.945051851119,-2.92336968922376,0 119.94538353804,-2.92408006151592,0 119.945586670572,-2.92483716346509,0 119.945655076394,-2.92561799098242,0 119.945586676749,-2.92639881904357,0 119.945383549647,-2.92715592255863,0 119.945051866759,-2.92786629724987,0 119.944601705917,-2.92850835863355,0 119.944046744935,-2.92906259786663,0 119.94340384602,-2.92951217452909,0 119.942692543428,-2.92984342832861,0 119.941934449911,-2.93004629417775,0 119.9411526,-2.93011460802959,0 119.940370750089,-2.93004629417775,0 119.939612656572,-2.92984342832861,0 119.93890135398,-2.92951217452909,0 119.938258455065,-2.92906259786663,0 119.937703494083,-2.92850835863355,0 119.937253333241,-2.92786629724987,0 119.936921650353,-2.92715592255863,0 119.936718523251,-2.92639881904357,0 119.936650123606,-2.92561799098242,0 119.936718529428,-2.92483716346509,0 119.93692166196,-2.92408006151592,0 119.937253348881,-2.92336968922376,0 119.937703511867,-2.92272763078298,0 119.93825847285,-2.92217339468167,0 119.938901369619,-2.92172382096212,0 119.93961266818,-2.92139256956168,0 119.940370756266,-2.92118970527842,0 119.9411526,-2.92112139197041,0
</coordinates></LinearRing></outerBoundaryIs></Polygon>
</Placemark>
<Placemark>
<name>Pasar Sentral Sengkang Wajo</name>
<description>Wajo - radius 500m</description>
<Polygon><outerBoundaryIs><LinearRing><coordinates>
120.0298599,-4.12583849197041,0 120.030642756678,-4.12590680516612,0 120.031401827045,-4.12610966912602,0 120.03211404748,-4.12644092003106,0 120.032757777782,-4.12689049314289,0 120.033313458669,-4.12744472859749,0 120.033764206058,-4.12808678643056,0 120.034096324082,-4.1287971582273,0 120.034299721245,-4.12955425985311,0 120.03436821708,-4.13033508725813,0 120.034299729983,-4.13111591543157,0 120.034096340505,-4.13187301926999,0 120.033764228185,-4.13258339445663,0 120.033313483831,-4.13322545644803,0 120.032757802944,-4.13377969632784,0 120.032114069607,-4.13422927359801,0 120.031401843468,-4.13456052789294,0 120.030642765416,-4.13476339406545,0 120.0298599,-4.13483170802959,0 120.029077034584,-4.13476339406545,0 120.028317956532,-4.13456052789294,0 120.027605730393,-4.13422927359801,0 120.026961997056,-4.13377969632784,0 120.026406316169,-4.13322545644803,0 120.025955571815,-4.13258339445663,0 120.025623459495,-4.13187301926999,0 120.025420070017,-4.13111591543157,0 120.02535158292,-4.13033508725813,0 120.025420078755,-4.12955425985311,0 120.025623475918,-4.1287971582273,0 120.025955593942,-4.12808678643056,0 120.026406341331,-4.12744472859749,0 120.026962022218,-4.12689049314289,0 120.02760575252,-4.12644092003106,0 120.028317972955,-4.12610966912602,0 120.029077043322,-4.12590680516612,0 120.0298599,-4.12583849197041,0
</coordinates></LinearRing></outerBoundaryIs></Polygon>
</Placemark>
<Placemark>
<name>Pasar Mini Sengkang Wajo</name>
<description>Wajo - radius 500m</description>
<Polygon><outerBoundaryIs><LinearRing><coordinates>
120.0306622,-4.13459219197041,0 120.031445065315,-4.13466050516531,0 120.032204144058,-4.13486336912285,0 120.032916372353,-4.13519462002428,0 120.033560109761,-4.1356441931317,0 120.034115796785,-4.13619842858159,0 120.034566549156,-4.13684048641023,0 120.034898670854,-4.13755085820337,0 120.035102070271,-4.13830795982683,0 120.035170566873,-4.13908878723103,0 120.035102079029,-4.13986961540529,0 120.034898687312,-4.14062671924606,0 120.034566571331,-4.14133709443631,0 120.034115822001,-4.14197915643213,0 120.033560134977,-4.14253339631664,0 120.032916394527,-4.14298297359123,0 120.032204160516,-4.14331422788977,0 120.031445074072,-4.14351709406463,0 120.0306622,-4.14358540802959,0 120.029879325928,-4.14351709406463,0 120.029120239484,-4.14331422788977,0 120.028408005473,-4.14298297359123,0 120.027764265023,-4.14253339631664,0 120.027208577999,-4.14197915643213,0 120.026757828669,-4.14133709443631,0 120.026425712688,-4.14062671924606,0 120.026222320971,-4.13986961540529,0 120.026153833127,-4.13908878723103,0 120.026222329729,-4.13830795982683,0 120.026425729146,-4.13755085820337,0 120.026757850844,-4.13684048641023,0 120.027208603215,-4.13619842858159,0 120.027764290239,-4.1356441931317,0 120.028408027647,-4.13519462002428,0 120.029120255942,-4.13486336912285,0 120.029879334685,-4.13466050516531,0 120.0306622,-4.13459219197041,0
</coordinates></LinearRing></outerBoundaryIs></Polygon>
</Placemark>
<Placemark>
<name>Pasar Tempe Wajo</name>
<description>Wajo - radius 500m</description>
<Polygon><outerBoundaryIs><LinearRing><coordinates>
120.0387695,-4.11365969197041,0 120.039552344692,-4.11372800516726,0 120.040311403437,-4.11393086913043,0 120.041023612964,-4.11426212004048,0 120.041667333404,-4.11471169315847,0 120.042223005774,-4.11526592861961,0 120.042673746251,-4.11590798645883,0 120.043005859175,-4.11661835826059,0 120.043209253209,-4.11737545988967,0 120.043277747982,-4.11815628729583,0 120.043209261922,-4.11893711546814,0 120.04300587555,-4.11969421930328,0 120.042673768312,-4.12040459448491,0 120.042223030861,-4.12104665647016,0 120.041667358491,-4.12160089634341,0 120.041023635025,-4.12205047360743,0 120.040311419811,-4.12238172789735,0 120.039552353405,-4.12258459406658,0 120.0387695,-4.12265290802959,0 120.037986646595,-4.12258459406658,0 120.037227580189,-4.12238172789735,0 120.036515364975,-4.12205047360743,0 120.035871641509,-4.12160089634341,0 120.035315969138,-4.12104665647016,0 120.034865231688,-4.12040459448491,0 120.03453312445,-4.11969421930328,0 120.034329738078,-4.11893711546814,0 120.034261252018,-4.11815628729583,0 120.034329746791,-4.11737545988967,0 120.034533140825,-4.11661835826059,0 120.034865253749,-4.11590798645883,0 120.035315994226,-4.11526592861961,0 120.035871666596,-4.11471169315847,0 120.036515387036,-4.11426212004048,0 120.037227596563,-4.11393086913043,0 120.037986655308,-4.11372800516726,0 120.0387695,-4.11365969197041,0
</coordinates></LinearRing></outerBoundaryIs></Polygon>
</Placemark>
</Document>
</kml>
